순번,영화명
24,어벤져스: 에이지 오브 울트론
25,아바타: 물의 길
26,기생충
27,겨울왕국
28,인터스텔라
29,보헤미안 랩소디
30,검사외전
31,엑시트
32,관상
33,아이언맨 3
34,설국열차
36,캡틴 아메리카: 시빌 워
37,수상한 그녀
38,해적: 바다로 간 산적
39,국가대표
41,백두산
42,과속스캔들
43,탑건: 매버릭
44,스파이더맨: 파 프롬 홈
46,공조
47,트랜스포머 3
48,히말라야
49,미션임파서블:고스트프로토콜
50,스파이더맨: 노 웨이 홈
51,트랜스포머: 패자의 역습
52,밀정
53,최종병기 활
55,써니
57,한산: 용의 출현
58,스파이더맨: 홈 커밍
59,1987
60,베를린
61,마스터
62,터널
63,어벤져스
64,내부자들
65,인천상륙작전
66,공조2: 인터내셔날
67,럭키
68,은밀하게 위대하게
69,곡성
70,범죄도시
72,"좋은 놈, 나쁜 놈, 이상한 놈"
73,늑대소년
75,군함도
76,미션 임파서블: 폴아웃
77,다크 나이트 라이즈
78,아저씨
79,사도
80,전우치
81,미션 임파서블: 로그네이션
82,킹스맨 : 시크릿 에이전트
84,연평해전
85,인셉션
86,레미제라블
87,닥터 스트레인지: 대혼돈의 멀티버스
88,캡틴 마블
90,쥬라기 월드: 폴른 킹덤
91,청년경찰
93,숨바꼭질
94,덕혜옹주
95,더 테러 라이브
96,쥬라기 월드
97,의형제
98,감시자들
99,2012
100,앤트맨과 와스프
101,닥터 스트레인지
102,검은 사제들
103,안시성
104,블랙 팬서
105,더 킹
106,완득이
107,트랜스포머: 사라진 시대
108,완벽한 타인
109,조커
110,월드 워 Z
111,타워
113,미녀와 야수
114,추격자
115,독전
116,쿵푸팬더 2
117,아쿠아맨
118,공작
119,인사이드 아웃
121,킹스맨: 골든 서클
123,바람과 함께 사라지다
124,마션
125,토르: 라그나로크
126,어메이징 스파이더맨
127,"님아, 그 강을 건너지 마오"
128,조선명탐정 : 각시투구꽃의 비밀
129,봉오동 전투
130,군도: 민란의 시대
131,남산의 부장들
132,라이온 킹
133,범죄와의 전쟁: 나쁜놈들 전성시대
134,주토피아
135,엣지 오브 투모로우
136,신세계
137,쿵푸 팬더
138,신비한 동물사전
139,도가니
142,내 아내의 모든 것
143,나쁜 녀석들: 더 무비
144,판도라
145,터미네이터 : 미래전쟁의 시작
146,맘마미아!
147,연가시
148,아이언맨 2
149,강철비
150,해리포터와 죽음의 성물2
151,다만 악에서 구하소서
152,헌트
153,아이언맨
154,엑스맨: 데이즈 오브 퓨처 패스트
155,강철중: 공공의 적 1-1
156,아가씨
158,어메이징 스파이더맨 2
159,인디아나 존스 4 : 크리스탈 해골의 왕국
160,용의자
161,건축학개론
163,미이라 3:황제의 무덤
164,7급 공무원
165,다크 나이트
166,댄싱퀸
167,우리 생애 최고의 순간
168,꾼
169,혹성탈출: 반격의 서막
170,타짜-신의 손
171,쿵푸팬더3
172,캡틴 아메리카: 윈터 솔져
174,박수건달
175,베놈
177,조선명탐정 : 사라진 놉의 딸
179,역린
180,매드 맥스: 분노의 도로
181,남한산성
182,반도
183,데드풀 2
184,쌍화점
185,암수살인
186,국가부도의 날
187,신기전
188,미이라
189,82년생 김지영
190,분노의 질주: 홉스&쇼
191,분노의 질주: 더 익스트림
193,너의 이름은.
195,모가디슈
196,인턴
197,라라랜드
198,귀향
199,리얼 스틸
200,신의 한 수
202,코코
205,부러진 화살
206,끝까지 간다
208,비긴 어게인
209,스파이
210,그것만이 내 세상
211,이끼
212,토이 스토리 4
213,돈
214,포화속으로
216,맨 인 블랙 3
217,어바웃 타임
218,악인전
220,올빼미
221,슈퍼배드 3
222,데드풀
223,시동
225,아이 캔 스피크
226,스타워즈: 깨어난 포스
227,분노의 질주: 더 세븐
228,터미네이터 제니시스
229,그래비티
231,마녀
233,탐정: 리턴즈
236,캐리비안의 해적: 낯선 조류
237,퀵
238,감기
240,나우 유 씨 미 2
242,영웅
243,하모니
244,거북이 달린다
246,캐리비안의 해적: 죽은 자는 말이 없다
247,이터널스
248,스물
249,토르: 다크 월드
251,방자전
252,인크레더블 2
254,마더
256,레드: 더 레전드
257,해리 포터와 혼혈 왕자
258,오싹한 연애
259,드래곤 길들이기 2
260,형
262,친구 2
263,26년
265,블랙 위도우
266,서치
267,고지전
268,엑스맨: 아포칼립스
269,프리즌
271,솔트
272,가장 보통의 연애
273,헬로우 고스트
275,원티드
276,극비수사
278,표적
279,앤트맨
280,쥬라기 월드: 도미니언
281,호빗: 다섯 군대 전투
282,너의 결혼식
283,호빗: 뜻밖의 여정
284,말모이
285,메이즈 러너
286,해리 포터와 죽음의 성물1
287,마녀(魔女) Part2. The Other One
288,빅 히어로
289,덩케르크
290,혹성탈출: 진화의 시작
291,부당거래
293,메이즈 러너: 스코치 트라이얼
294,가디언즈 오브 갤럭시 VOL. 2
295,시라노; 연애조작단
296,핸콕
297,내가 살인범이다
298,나우 유 씨 미 : 마술사기단
299,미스 페레그린과 이상한 아이들의 집
300,토르: 러브 앤 썬더
301,적벽대전 2 : 최후의 결전
302,지.아이.조 : 전쟁의 서막
303,타이탄
304,곤지암
305,소원
306,살인자의 기억법
307,브레이킹 던 part2
308,탐정 : 더 비기닝
309,미니언즈
310,후궁 : 제왕의 첩
311,트랜스포머: 최후의 기사
312,제이슨 본
313,드래곤 길들이기
314,지금 만나러 갑니다
315,도리를 찾아서
316,위험한 상견례
317,아수라
318,굿모닝 프레지던트
320,보안관
322,기술자들
323,퍼시픽 림
325,엑스맨: 퍼스트 클래스
326,정글북
328,목격자
330,마이펫의 이중생활
331,증인
332,조작된 도시
336,반창꼬
337,블랙머니
338,보스 베이비
339,화차
340,이웃사람
342,조선명탐정: 흡혈괴마의 비밀
343,재심
344,신비한 동물들과 그린델왈드의 범죄
345,터미네이터: 다크 페이트
346,히트맨
347,사바하
348,의뢰인
349,화이: 괴물을 삼킨 아이
350,테이큰
351,007 스카이폴
353,가문의 영광4 - 가문의 수난
354,블라인드
355,박열
359,미인도
360,라스트 갓파더
361,스파이
362,모아나
363,테이큰 2
364,하녀
365,메이즈 러너: 데스 큐어
366,분노의 질주: 더 얼티메이트
368,맘마미아!2
369,호빗: 스마우그의 폐허
370,나잇&데이
372,미니언즈2
373,컨저링
374,슈렉 포에버
376,이글 아이
377,배트맨 대 슈퍼맨: 저스티스의 시작
378,레디 플레이어 원
379,배틀쉽
380,셜록홈즈 : 그림자 게임
381,박쥐
382,7광구
383,타짜: 원 아이드 잭
387,셜록 홈즈
388,007 퀀텀 오브 솔러스
390,마당을 나온 암탉
392,싱크홀
393,악의 연대기
394,강남 1970
397,이상한 나라의 앨리스
398,맨 오브 스틸
399,황해
400,원더 우먼
401,초능력자
402,내 사랑 내 곁에
403,극장판 귀멸의 칼날: 무한열차편
404,신의 한 수: 귀수편
405,마이 웨이
406,겟 아웃
407,나의 사랑 나의 신부
410,베놈 2: 렛 데어 비 카니지
411,세븐 데이즈
412,굿바이 싱글
413,블랙 팬서: 와칸다 포에버
414,이클립스
417,몽타주
419,명당
420,논스톱
421,내부자들: 디 오리지널
422,쩨쩨한 로맨스
423,장화신은 고양이
424,인투 더 스톰
425,로건
427,눈에는 눈 이에는 이
428,뷰티 인사이드
430,혹성탈출: 종의 전쟁
432,소울
434,봉이 김선달
435,비상선언
436,노아
438,레버넌트: 죽음에서 돌아온 자
440,페르시아의 왕자: 시간의 모래
441,박물관이 살아있다 2
442,천문: 하늘에 묻는다
443,테넷
444,더 퍼스트 슬램덩크
446,크루엘라
447,육사오(6/45)
448,남자가 사랑할 때
450,루시
451,협상
452,알리타: 배틀 엔젤
453,뉴 문
454,천사와 악마
455,애나벨 : 인형의 주인
457,컨저링 2
458,터보
459,애자
461,그림자 살인
462,#살아있다
463,내안의 그놈
464,수어사이드 스쿼드
465,헤어질 결심
466,오늘의 연애
467,글러브
469,퍼시 잭슨과 번개 도둑
470,해결사
472,연애의 온도
473,아이들...
474,마약왕
475,테이큰 3
477,코리아
478,지.아이.조 2
479,노무현입니다
480,집으로 가는 길
481,악마를 보았다
484,뺑반
486,나의 PS 파트너
487,007 스펙터
488,변신
489,차우
490,작전명 발키리
492,강철비2: 정상회담
493,분노의 질주: 더 맥시멈
494,아내가 결혼했다
495,저스티스 리그
497,벤자민 버튼의 시간은 거꾸로 간다
498,공범
500,나를 찾아줘
501,대호
502,걸리버 여행기
504,주먹왕 랄프 2: 인터넷 속으로
506,이미테이션 게임
507,샹치와 텐 링즈의 전설
508,전설의 주먹
510,제보자
512,씽
514,러브픽션
516,킬러의 보디가드
517,언터처블: 1%의 우정
518,담보
519,평양성
520,샌 안드레아스
521,파파로티
523,쥬만지: 새로운 세계
524,쎄시봉
525,님은 먼 곳에
526,토르: 천둥의 신
528,불꽃처럼 나비처럼
530,콩: 스컬 아일랜드
531,점퍼
532,피끓는 청춘
533,23 아이덴티티
535,PMC: 더 벙커
536,마다가스카의 펭귄
537,아이스 에이지 4: 대륙 이동설
538,공모자들
539,그대를 사랑합니다
540,인질
541,임금님의 사건수첩
542,고死 : 피의 중간고사
544,마다가스카3 : 이번엔 서커스다!
545,걸캅스
546,블랙 스완
547,분노의 질주: 언리미티드
550,무방비도시
551,우아한 거짓말
552,하울링
553,두근두근 내 인생
555,사자
556,닥터 두리틀
557,스타트렉 다크니스
558,창궐
559,로빈 후드
560,더 폰
561,성난황소
562,300: 제국의 부활
564,라이프 오브 파이
565,지구가 멈추는 날
566,적벽대전:거대한 전쟁의 시작
567,삼진그룹 영어토익반
568,무적자
569,원스어폰어타임
570,위플래쉬
571,범블비
574,용의자X
575,듄
576,도어락
577,도굴
579,외계+인 1부
580,유감스러운 도시
581,작전
584,정직한 후보
585,벼랑 위의 포뇨
586,오블리비언
587,몬스터 호텔 2
589,엑소더스: 신들과 왕들
590,퍼펙트 게임
591,드래곤 길들이기 3
592,리틀 포레스트
593,인디펜던스 데이 : 리써전스
594,더 게임
595,교섭
597,토이 스토리 3
599,나니아 연대기:캐스피언 왕자
600,어스
601,차이나타운
602,스윙키즈
603,부라더
604,해무(海霧)
605,브레이킹 던 part1
608,새미의 어드벤쳐 2
610,위대한 개츠비
611,말레피센트 2
612,인간중독
613,나의 특별한 형제
615,잃어버린 세계를 찾아서
616,다이하드: 굿 데이 투 다이
618,탐정 홍길동: 사라진 마을
619,보이스
620,런닝맨
623,구르믈 버서난 달처럼
625,위대한 쇼맨
626,예스맨
627,벤허
628,말레피센트
629,라스트 에어벤더
630,기억의 밤
631,골든슬럼버
634,램페이지
636,해피 데스데이
637,폼페이: 최후의 날
638,브이아이피
641,특별시민
642,퓨리
643,포드 V 페라리
644,트와일라잇
645,차형사
646,은교
647,닌자 어쌔신
648,궁합
649,해적: 도깨비 깃발
650,신들의 전쟁
652,오션스8
653,미스터 고
654,굿 다이노
655,드라큘라: 전설의 시작
656,청담보살
657,월ㆍE
658,사라진 밤
660,가디언즈 오브 갤럭시
661,간첩
662,월드 인베이젼
663,영화는 영화다
664,에이리언: 커버넌트
666,장산범
668,엑스맨 탄생: 울버린
671,셜록: 유령신부
672,킹콩을 들다
673,소스 코드
678,클로젯
682,브로커
683,마다가스카 2
684,간기남
685,유열의 음악앨범
687,꿀벌대소동
690,육혈포 강도단
692,메리다와 마법의 숲
693,007 노 타임 투 다이
694,오케이 마담
695,심야의 F.M.
696,특별수사: 사형수의 편지
697,찌라시: 위험한 소문
698,포비든 킹덤: 전설의 마스터를 찾아서
699,토탈 리콜
701,결혼전야
702,해치지않아
703,레지던트 이블 4: 끝나지 않은 전쟁 3D
704,엘리시움
705,악녀
706,인사동 스캔들
707,깡철이
710,시간이탈자
712,R2B: 리턴투베이스
713,해빙
714,더 웹툰: 예고살인
716,신비한 동물들과 덤블도어의 비밀
719,생일
720,바람 바람 바람
721,나니아 연대기: 새벽 출정호의 항해
722,빅매치
723,"힘을 내요, 미스터 리"
725,서양 골동 양과자점 앤티크
726,인생은 아름다워
727,웜 바디스
728,"당신, 거기 있어줄래요"
729,동주
730,돈의 맛
732,워크래프트: 전쟁의 서막
733,장수상회
734,가문의 영광5 - 가문의 귀환
735,슬로우 비디오
736,항거:유관순 이야기
737,스타트렉 비욘드
739,미씽: 사라진 여자
740,잃어버린 세계를 찾아서 2: 신비의 섬
741,퍼펙트맨
742,용서는 없다
744,장사리 : 잊혀진 영웅들
745,"10,000 BC"
746,고령화 가족
747,미나리
748,김종욱 찾기
749,하루
750,헝거게임: 캣칭 파이어
751,챔피언
752,슬럼독 밀리어네어
753,성난 변호사
754,6년째 연애중
756,특수본
757,마이펫의 이중생활 2
758,스타 트렉: 더 비기닝
759,라이트 아웃
760,회사원
761,간신
764,박물관이 살아있다 : 비밀의 무덤
765,베스트셀러
767,롱 리브 더 킹: 목포 영웅
770,마루 밑 아리에티
772,퍼시픽 림: 업라이징
773,가디언즈
774,더 울버린
775,섹스 앤 더 시티
776,몬스터 호텔 3
778,오빠생각
780,노잉
781,"날, 보러와요"
782,수상한 고객들
784,쥬만지: 넥스트 레벨
787,스텝업 2 : 더 스트리트
788,업
789,시크릿
790,그놈이다
791,동창생
792,슈퍼 배드
794,점박이:한반도의 공룡3D
795,삼국지:용의 부활
797,파괴된 사나이
798,킹스맨: 퍼스트 에이전트
799,지오스톰
800,오직 그대만
801,개구쟁이 스머프
806,로그 원: 스타워즈 스토리
808,본 레거시
809,밴티지 포인트
810,"오늘 밤, 세계에서 이 사랑이 사라진다 해도"
812,더 넌
813,심장이 뛴다
814,셔터 아일랜드
815,라푼젤
816,존 윅 3: 파라벨룸
817,스카이스크래퍼
819,맨 인 더 다크
820,오스트레일리아
821,인크레더블 헐크
822,염력
824,방가? 방가!
825,방황하는 칼날
826,시체가 돌아왔다
827,미쓰 와이프
829,파퍼씨네 펭귄들
830,로보캅
831,원더풀 라디오
833,돈 크라이 마미
834,바보
835,에픽 : 숲속의 전설
836,"고산자, 대동여지도"
837,우리는 형제입니다
838,프로메테우스
839,전국노래자랑
841,스타워즈: 라스트 제다이
842,나랏말싸미
843,백야행
844,잭 더 자이언트 킬러
845,미드웨이
846,허삼관
848,스텝업4 : 레볼루션
849,발신제한
850,트랜스포터-라스트 미션
851,불한당: 나쁜 놈들의 세상
852,그는 당신에게 반하지 않았다
854,새미의 어드벤쳐
856,GP 506
857,월터의 상상은 현실이 된다
858,크루즈 패밀리
860,미 비포 유
862,평행이론
864,뽀로로 극장판 슈퍼썰매 대모험
865,애나벨
866,보스 베이비 2
869,슈퍼배드 2
871,매그니피센트 7
873,갓 오브 이집트
874,주먹왕 랄프
875,투어리스트
876,크로싱
879,썬더와 마법저택
880,월요일이 사라졌다
882,데시벨
883,점쟁이들
884,정직한 후보2
885,더 배트맨
886,인랑
888,결백
889,신비아파트 극장판 하늘도깨비 대 요르문간드
890,타이탄의 분노
893,그것
894,몬스터 호텔
895,씽2게더
897,아이스 에이지 3: 공룡시대
898,메가마인드
899,극장판 헬로카봇 : 백악기 시대
900,블랙
901,디스 민즈 워
902,스카이 라인
903,고死 두 번째 이야기: 교생실습
904,열한시
905,1917
906,몬스터 대학교
907,개구쟁이 스머프 2
908,미확인 동영상 : 절대클릭금지
909,오리엔트 특급 살인
910,콰이어트 플레이스 2
911,엑스맨: 다크 피닉스
913,작은 아씨들
915,레전드 오브 타잔
916,숙명
918,살인의뢰
919,헝거게임: 모킹제이
920,디스트릭트 9
922,맨 인 블랙: 인터내셔널
923,좋아해줘
924,만추
928,극장판 짱구는 못말려: 수수께끼! 꽃피는 천하떡잎학교
929,대립군
930,존 카터: 바숨 전쟁의 서막
931,마린보이
933,랑종
934,체포왕
937,손님
939,인시디어스 3
940,뽀로로 극장판 공룡섬 대모험
941,남쪽으로 튀어
942,베이비 드라이버
943,브리짓 존스의 베이비
944,유체이탈자
945,레드슈즈
947,틴틴 : 유니콘호의 비밀
949,나이브스 아웃
950,하트 오브 더 씨
952,모범시민
953,써로게이트
955,헝거게임: 더 파이널
956,킹스 스피치
957,스피드 레이서
958,하늘에서 음식이 내린다면 2
960,카트
961,컨저링3: 악마가 시켰다
963,A-특공대
964,화이트: 저주의 멜로디
965,상의원
967,잭 리처
969,블랙 아담
972,킹메이커
973,관능의 법칙
974,그랜드 부다페스트 호텔
975,푸른소금
977,나는 왕이로소이다
978,상류사회
980,뽀로로 극장판 보물섬 대모험
981,레슬러
982,토르: 마법망치의 전설
983,레지던트 이블: 파멸의 날
984,공각기동대 : 고스트 인 더 쉘
986,리오 2
987,모던보이
989,스플릿
990,볼트
991,캣츠
992,장화신은 고양이: 끝내주는 모험
993,"안녕, 헤이즐"
995,주유소 습격사건 2
998,시간 여행자의 아내
999,자백
1000,김씨표류기
1001,런던 해즈 폴른
1002,더 파이브
1003,언차티드
1005,순정만화
1006,비스티 보이즈
1007,푸시
1009,슬픔보다 더 슬픈 이야기
1010,스파이더맨: 뉴 유니버스
1011,물괴
1014,미쓰백
1016,신데렐라
1018,기적
1019,풍산개
1020,날씨의 아이
1021,고질라
1023,마음이2
1025,라스베가스에서만 생길 수 있는 일
1026,스위니 토드 : 어느 잔혹한 이발사 이야기
1027,고질라 VS. 콩
1028,국가대표 2
1029,천일의 스캔들
1030,내 깡패 같은 애인
1032,트랜센던스
1034,님스 아일랜드
1035,통증
1037,인페르노
1038,명탐정 피카츄
1039,분노의 질주: 더 오리지널
1040,스텝 업 3D
1041,스파이더위크가의 비밀
1042,픽셀
1043,앵그리버드 더 무비
1044,경관의 피
1047,신비아파트: 금빛 도깨비와 비밀의 동굴
1049,트롤
1051,몬스터 vs 에이리언
1052,고양이: 죽음을 보는 두 개의 눈
1053,패신저스
1055,퍼스트맨
1057,하늘에서 음식이 내린다면
1059,극장판 주술회전 0
1061,명탐정 코난 : 칠흑의 추적자
1064,삼총사 3D
1065,샤잠!
1066,실종
1067,열정같은소리하고있네
1068,아이 엠 넘버 포
1069,엔더스 게임
1070,그날의 분위기
1071,여고괴담 5
1072,울학교 이티
1073,오션스
1075,아빠는 딸
1077,사냥
1078,눈먼자들의 도시
1079,리오
1080,나를 찾아줘
1082,명탐정 코난 : 침묵의 15분
1083,페임
1084,머니볼
1087,호튼
1088,광대들: 풍문조작단
1089,스노우 화이트 앤 더 헌츠맨
1091,널 기다리며
1092,플랜맨
1094,엔칸토: 마법의 세계
1095,핸드폰
1097,컨택트
1098,조선마술사
1099,다찌마와리
1100,명탐정 코난: 천공의 난파선
1101,설리: 허드슨강의 기적
1102,지푸라기라도 잡고 싶은 짐승들
1103,앨빈과 슈퍼밴드2
1104,더 임파서블
1106,아더 크리스마스
1108,눈의 여왕 2: 트롤의 마법거울
1109,인 타임
1110,홍길동의 후예
1111,특종: 량첸살인기
1114,잭 리처: 네버 고 백
1115,미쓰GO
1117,서부전선
1118,압꾸정
1119,그린 존
1120,헝거게임: 판엠의 불꽃
1121,왓치맨
1122,연애 빠진 로맨스
1123,이층의 악당
1124,피에타
1126,미스터 주: 사라진 VIP
1129,다이노소어 어드벤처 3D
1130,반가운 살인자
1131,우는 남자
1132,콜롬비아나
1134,타잔 3D
1137,레터스 투 줄리엣
1139,황제를 위하여
1140,맨 온 렛지
1141,패션왕
1142,그것: 두 번째 이야기
1143,뜨거운 것이 좋아
1144,47 미터
1145,극장판 헬로카봇 : 달나라를 구해줘!
1146,더 울프 오브 월스트리트
1148,바디 오브 라이즈
1151,퀴즈왕
1152,마법사의 제자
1153,다크 섀도우
1154,고고 70
1155,극장판 포켓몬스터DP: 기라티나와 하늘의 꽃다발 쉐이미
1156,어린왕자
1157,인시디어스: 두번째 집
1158,백설공주
1159,극장판 헬로카봇: 옴파로스 섬의 비밀
1160,인비저블맨
1161,채피
1162,섀도우 헌터스: 뼈의 도시
1164,루퍼
1165,앨빈과 슈퍼밴드3
1166,화이트 하우스 다운
1168,이스케이프 룸
1169,클로버필드
1170,파파
1172,스텝 업: 올 인
1173,싱 스트리트
1174,슈퍼맨이었던 사나이
1175,레지던트 이블 5 : 최후의 심판
1177,잉크하트 : 어둠의 부활
1178,인시디어스4: 라스트 키
1179,양자물리학
1180,아이스 에이지: 지구 대충돌
1181,뱅크 잡
1182,그린치
1183,유령
1184,메카닉: 리크루트
1185,극장판 요괴워치: 탄생의 비밀이다냥!
1186,점박이 한반도의 공룡2 : 새로운 낙원
1189,나쁜 녀석들: 포에버
1190,원더 우먼 1984
1197,너는 펫
1198,"그날, 바다"
1199,트럭
1200,툼레이더
1203,애프터 어스
1204,국제수사
1205,이태원 살인사건
1206,메리와 마녀의 꽃
1207,페르디난드
1208,미쓰 홍당무
1210,사이코메트리
1211,침입자
1213,이상한 나라의 수학자
1215,버닝
1216,챔프
1217,7년의 밤
1218,메가로돈
1219,러브 & 드럭스
1220,몬스터
1221,콰이어트 플레이스
1222,명탐정 코난: 11번째 스트라이커
1223,미스트
1225,언노운
1226,체인질링
1229,헬머니
1230,퍼시 잭슨과 괴물의 바다
1231,얼라이드
1233,호두까기 인형과 4개의 왕국
1234,장르만 로맨스
1235,소셜 네트워크
1237,고스트버스터즈
1238,피라냐
1239,퍼스트 어벤져
1240,여배우들
1241,애드 아스트라
1242,거울나라의 앨리스
1243,발레리안: 천 개 행성의 도시
1244,프렌즈: 몬스터섬의비밀
1245,가려진 시간
1248,13구역: 얼티메이텀
1249,먹고 기도하고 사랑하라
1250,극장판 포켓몬스터 너로 정했다!
1253,명탐정 코난: 순흑의 악몽
1254,스타워즈: 라이즈 오브 스카이워커
1255,남자사용설명서
1256,셰이프 오브 워터: 사랑의 모양
1257,도라에몽 : 스탠 바이 미
1258,어웨이크
1260,47미터 2
1262,그레이트 월
1264,나인
1266,노예 12년
1267,아부의 왕
1268,캐치미
1269,무서운 이야기 2
1270,불량남녀
1271,스타 이즈 본
1272,명탐정 코난: 할로윈의 신부
1273,곰돌이 푸 다시 만나 행복해
1274,동감
1275,레드
1276,또 하나의 약속
1278,오펀: 천사의 비밀
1280,카3: 새로운 도전
1281,침묵
1283,해어화
1285,애나벨 집으로
1286,계춘할망
1287,소녀괴담
1288,조선미녀삼총사
1290,친정엄마
1291,넛잡: 땅콩 도둑들
1294,"로봇, 소리"
1295,트리플 엑스 리턴즈
1297,모비우스
1298,변산
1300,위험한 상견례 2
1301,잠베지아: 신비한 나무섬의 비밀
1302,슈퍼 에이트
1303,카운트다운
1304,식객2 : 김치전쟁
1305,명탐정 코난 : 화염의 해바라기
1307,달콤한 거짓말
1308,리얼
1309,적인걸: 측천무후의 비밀
1310,페이스메이커
1311,글래스
1312,마담 뺑덕
1313,카 2
1315,너의 췌장을 먹고 싶어
1316,순수의 시대
1317,생텀
1318,퍼블릭 에너미
1319,파르나서스 박사의 상상극장
1321,락아웃: 익스트림미션
1323,언스토퍼블
1324,라이프
1326,동네사람들
1327,세 얼간이
1328,늑대사냥
1329,더 리더: 책 읽어주는 남자
1331,노브레싱
1332,원더풀 고스트
1334,스파이 지니어스
1336,클라우드 아틀라스
1337,히든 피겨스
1338,명탐정 코난:진홍의 연가
1340,대한민국 1%
1341,뽀로로 극장판 드래곤캐슬 대모험
1342,미션 파서블
1343,빅쇼트
1344,파라노말 액티비티
1345,반드시 잡는다
1346,뽀로로 극장판 컴퓨터 왕국 대모험
1347,헌츠맨: 윈터스 워
1348,익스펜더블 2
1349,밀레니엄 : 여자를 증오한 남자들
1351,오감도
1352,특송
1354,작은 영웅 데스페로
1355,10억
1357,워리어스 웨이
1359,감쪽같은 그녀
1360,아기와 나
1361,시즌 오브 더 위치: 마녀 호송단
1363,원라인
1365,이웃사촌
1366,마법에 걸린 사랑
1367,신비아파트 극장판 차원도깨비와 7개의 세계
1368,"협녀, 칼의 기억"
1369,그린 북
1370,터닝메카드W: 블랙미러의 부활
1372,창수
1373,랭고
1374,오피스
1376,모비딕
1377,장난스런 키스
1378,스머프: 비밀의 숲
1381,두 개의 달
1382,나를 잊지 말아요
1383,드래곤볼 에볼루션
1386,다이버전트
1387,티끌모아 로맨스
1389,신이 보낸 사람
1390,기다리다 미쳐
1392,더 수어사이드 스쿼드
1393,온워드: 단 하루의 기적
1394,니 부모 얼굴이 보고 싶다
1395,흥부: 글로 세상을 바꾼 자
1396,놉
1397,무뢰한
1398,늑대소년-확장판
1400,해피 데스데이 2 유
1401,킹 아서: 제왕의 검
1402,리멤버
1404,주온 : 끝의 시작
1405,극장판 공룡메카드: 타이니소어의 섬
1406,러빙 빈센트
1407,넛잡 2
1408,니코: 산타비행단의 모험
1411,나의 소녀시대
1412,섹스 앤 더 시티 2
1413,좋은 친구들
1415,소리도 없이
1417,아메리칸 메이드
1418,아스트로 보이-아톰의 귀환
1419,버즈 오브 프레이(할리 퀸의 황홀한 해방)
1421,닌자터틀
1422,판타스틱 4
1423,비와 당신의 이야기
1424,익스펜더블
1425,뜨거운 피
1426,사랑이 무서워
1428,몬스터 패밀리
1429,명탐정 코난 : 이차원의 저격수
1431,집행자
1432,스위치
1434,명탐정 코난 : 제로의 집행인
1437,헬보이 2 : 골든 아미
1438,멋진 하루
1439,배드 가이즈
1440,명탐정 코난 : 수평선상의 음모
1442,피터 래빗
1443,론 레인저
1444,내 심장을 쏴라
1445,제미니 맨
1446,나의 독재자
1447,명장
1448,천재 강아지 미스터 피바디
1449,서복
1450,킬러의 보디가드 2
1452,언더 워터
1453,크로니클
1456,보통사람
1457,소수의견
1458,트론: 새로운 시작
1460,내 이름은 칸
1461,대장 김창수
1463,스토커
1465,공자 춘추전국시대
1468,프롬 파리 위드 러브
1470,컨트롤러
1471,루카
1473,눈의 여왕 3: 눈과 불의 마법대결
1474,극장판 포켓 몬스터 DP 「환영의 패왕 조로아크」
1476,문프린세스 : 문에이커의 비밀
1477,그레이의 50가지 그림자
1478,파라노말 액티비티 2
1479,레드 라이딩 후드
1481,에브리씽 에브리웨어 올 앳 원스
1482,펠햄 123
1484,홈
1485,블라인드 사이드
1486,극장판 포켓몬스터 베스트 위시「비크티니와 백의 영웅 레시라무」
1487,고질라: 킹 오브 몬스터
1489,크리스마스 캐롤
1490,데스노트 L: 새로운 시작
1491,클로버필드 10번지
1493,경성학교: 사라진 소녀들
1495,어쌔신 크리드
1496,플립
1497,극장판 짱구는 못말려: 아뵤! 쿵후 보이즈 ~라면 대란~
1501,석조저택 살인사건
1502,커플즈
1503,미드나잇 인 파리
1505,싱글라이더
1506,오! 문희
1507,그녀
1508,오즈 그레이트 앤드 파워풀
1510,극장판 포켓몬스터 베스트위시「큐레무 VS 성검사 케르디오」
1511,해프닝
1512,7호실
1514,치외법권
1515,짱구는 못말려 극장판 : 초시공! 태풍을 부르는 나의 신부
1517,덤보
1518,링컨: 뱀파이어 헌터
1520,아메리칸 스나이퍼
1521,버즈 라이트이어
1522,포켓 몬스터 DP: 아르세우스 초극의 시공으로
1523,러브 유어셀프 인 서울
1525,숲속으로
1527,탄생
1528,자산어보
1529,하이힐
1531,음치 클리닉
1532,맨발의 꿈
1534,허스토리
1535,바스터즈: 거친 녀석들
1536,브링 더 소울 : 더 무비
1538,패딩턴 2
1539,늑대아이
1542,내 사랑
1543,미나문방구
1544,그대가 조국
1545,극장판 짱구는 못말려 : 습격!! 외계인 덩덩이
1546,내일의 기억
1547,남영동1985
1548,에베레스트
1549,위자: 저주의 시작
1550,무서운 이야기
1552,극장판 요괴워치: 염라대왕과 5개의 이야기다냥!
1554,킬러스
1555,선 오브 갓
1556,프로포즈
1559,링컨 차를 타는 변호사
1560,잭 라이언 : 코드네임 쉐도우
1561,미드나잇 선
1562,그린랜드
1565,스폰지밥 3D
1566,사랑하기 때문에
1567,희생부활자
1568,헬보이
1570,정승필 실종사건
1572,아담스 패밀리
1574,옥자
1575,라야와 마지막 드래곤
1576,블레이드 러너 2049
1577,어글리 트루스
1578,극적인 하룻밤
1579,"극장판 포켓몬스터 베스트위시: 신의 속도 게노세크트, 뮤츠의 각성"
1580,아기배달부 스토크
1582,뮨: 달의 요정
1583,빅풋 주니어
1585,검우강호
1586,도리화가
1588,세상에서 가장 아름다운 이별
1589,레드카펫
1590,퍼펙트 겟어웨이
1591,P.S. 아이 러브 유
1592,극장판 도라에몽:진구의 마계대모험 7인의 마법사
1594,미녀와 야수
1595,캐롤
1596,차이니즈 조디악
1598,수퍼 소닉2
1599,번 더 스테이지: 더 무비
1600,마이 블랙 미니드레스
1601,엘라의 모험 : 해피엔딩의 위기
1602,CJ7:장강7호
1603,프리 가이
1606,비행기 2: 소방구조대
1607,쇼퍼홀릭
1608,트루스 오어 데어
1609,게이머
1610,주피터 어센딩
1611,더 스파이
1612,위대한 소원
1613,주온-원혼의 부활
1614,가디언의 전설
1615,빌리와 용감한 녀석들 2
1616,강릉
1617,덕구
1618,개를 훔치는 완벽한 방법
1620,예스터데이
1621,패딩턴
1627,포켓몬 더 무비 XY 후파: 광륜의 초마신
1629,빌리와 용감한 녀석들 3D
1630,프랑켄슈타인: 불멸의 영웅
1631,오즈의 마법사: 돌아온 도로시
1632,위험한 관계
1633,스포트라이트
1634,구스범스
1635,로렉스
1637,모모와 다락방의 수상한 요괴들
1639,포인트 브레이크
1640,극장판 포켓몬스터 베스트 위시 「비크티니와 흑의 영웅 제크로무」
1642,미성년
1644,이스케이프 플랜
1645,베스트 키드
1646,"러브, 로지"
1647,더 그레이
1648,에이리언 VS 프레데터2
1649,호우시절
1650,미드나잇 미트 트레인
1652,앨빈과 슈퍼밴드: 악동 어드벤처
1653,런 올 나이트
1655,파이널 데스티네이션 4
1656,천로역정: 천국을 찾아서
1657,배심원들
1658,혼숨
1661,기방도령
1662,1724 기방난동사건
1663,커뮤터
1666,신데렐라:마법 반지의 비밀
1667,88분
1668,후드
1669,버킷 리스트:죽기전에 꼭 하고싶은것들
1670,런
1671,네버엔딩 스토리
1672,다이노 타임
1673,인서전트
1675,포켓몬 더 무비 XY&Z 「볼케니온 : 기계왕국의 비밀」
1676,프레데터스
1678,오큘러스
1679,극장판 안녕 자두야
1680,사랑에 대한 모든 것
1681,원스 어폰 어 타임... 인 할리우드
1682,드래그 미 투 헬
1683,존 윅 - 리로드
1684,우리는 동물원을 샀다
1686,스트리트 킹
1688,눈의 여왕
1690,마지막 선물
1691,목소리의 형태
1692,바울
1693,가루지기
1694,짱구는 못말려 극장판: 태풍을 부르는 황금스파이 대작전
1695,요가학원
1697,울프맨
1698,가비
1699,롤러코스터
1700,스페이스 침스:우주선을 찾아서
1701,헨젤과 그레텔: 마녀 사냥꾼 3D
1702,상하이
1703,모털 엔진
1706,친구와 연인사이
1708,파이스토리 : 악당상어 소탕작전
1710,19곰 테드
1712,백 투 더 비기닝
1713,저스틴
1715,투모로우랜드
1716,마이 뉴 파트너
1718,극장판 도라에몽: 진구의 인어대해전
1719,나를 차버린 스파이
1723,마야
1724,악질경찰
1725,스파이 브릿지
1726,원더
1727,장고:분노의 추적자
1728,공범자들
1730,맥스 페인
1731,함정
1732,명탐정 코난 : 코난 실종사건 - 사상 최악의 이틀
1733,파이널 데스티네이션5
1734,쓰리 데이즈
1735,언브로큰
1736,카우보이 & 에이리언
1737,기묘한 가족
1745,밤의 여왕
1747,노벰버 맨
1748,불신지옥
1749,정글 크루즈
1752,비밀은 없다
1754,라스트 크리스마스
1755,걸스카우트
1756,노크:낯선 자들의 방문
1757,DC 리그 오브 슈퍼-펫
1759,소셜포비아
1761,공작부인:세기의 스캔들
1762,뉴욕은 언제나 사랑 중
1764,월 스트리트: 머니 네버 슬립스
1767,엑스파일:나는 믿고싶다
1768,적과의 동침
1770,툼스톤
1771,명탐정 코난:감벽의 관
1774,인터내셔널
1775,캡틴 필립스
1777,창문 넘어 도망친 100세 노인
1778,아이 필 프리티
1779,27번의 결혼리허설
1780,서약
1782,미옥
1783,하늘을 걷는 남자
1784,사랑은 너무 복잡해
1788,그레이스 오브 모나코
1790,해피 뉴 이어
1791,줄리아의 눈
1792,뮬란
1793,레고 무비
1794,세이빙 산타
1796,닌자터틀 : 어둠의 히어로
1798,비행기
1799,극장판 포켓몬스터 XY : 파괴의 포켓몬과 디안시
1800,드림 쏭
1801,강철대오:구국의 철가방
1802,내가 죽던 날
1803,세븐 파운즈
1804,나일 강의 죽음
1805,디파이언스
1807,어느날
1809,아바타 리마스터링
1810,명탐정 코난: 비색의 탄환
1812,폐가
1813,시카리오: 데이 오브 솔다도
1815,순정
1816,포스 카인드
1817,치즈인더트랩
1818,컨테이젼
1819,쓰리데이즈 투 킬
1820,극장판 헬로카봇: 수상한 마술단의 비밀
1821,극장판 도라에몽: 진구의 공룡대탐험
1822,캐빈 인 더 우즈
1823,일곱난쟁이
1824,바빌론 A.D.
1825,캐시트럭
1826,딥
1827,크루즈 패밀리: 뉴 에이지
1829,극장판 루팡 3세 VS 명탐정 코난
1831,잡스
1833,분노의 윤리학
1834,괴물의 아이
1835,한공주
1836,메리 포핀스 리턴즈
1837,12 솔져스
1839,이스케이프 룸 2: 노 웨이 아웃
1840,알파 앤 오메가
1841,일라이
1842,마마
1843,코렐라인: 비밀의 문
1844,시
1846,헤라클레스 : 레전드 비긴즈
1847,노미오와 줄리엣
1849,우리 집에 왜 왔니
1850,젠틀맨
1851,언프렌디드: 친구삭제
1852,노아의 방주: 남겨진 녀석들
1853,명탐정 코난: 감청의 권
1856,언데드
1857,1급기밀
1858,50가지 그림자: 해방
1859,나는 공무원이다
1860,속닥속닥
1861,짱구는 못말려 극장판:태풍을 부르는 나와 우주의 프린세스
1862,메카닉
1863,프리즌 이스케이프
1865,원피스 필름 골드
1866,송 포 유
1867,지구
1868,페넬로피
1869,그린랜턴: 반지의 선택
1871,케로로 더 무비: 드래곤 워리어
1872,루돌프와 많이있어
1873,극장판 뽀로로와 친구들: 바이러스를 없애줘!
1874,나는 비와 함께 간다
1875,극장판 요괴워치: 하늘을 나는 고래와 더블세계다냥!
1876,벽 속에 숨은 마법시계
1877,허리케인 하이스트
1878,라듸오 데이즈
1879,독수리 에디
1880,한 솔로: 스타워즈 스토리
1881,"극장판 포켓몬스터: 정글의 아이, 코코"
1882,매트릭스: 리저렉션
1883,말리와 나
1887,"대한이, 민국씨"
1888,아이 엠 어 히어로
1889,조제
1890,"극장판 파워레인저 다이노포스VS고버스터즈 공룡 대결전! ~안녕, 영원한 친구여!~"
1891,연애의 맛
1892,러블리 본즈
1893,킬위드미
1894,13일의 금요일
1895,커런트 워
1896,내니맥피 2: 유모와마법소동
1897,자칼이 온다
1899,코코 샤넬
1900,어톤먼트
1901,눈의 여왕4
1902,한나
1904,카오스
1905,베드타임 스토리
1907,덕수리 5형제
1908,테드: 황금도시 파이티티를 찾아서
1909,코알라 키드 : 영웅의 탄생
1911,버드맨
1912,남과 여
1913,프린스 코기
1914,비포 미드나잇
1915,어쌔신: 더 비기닝
1917,원 데이
1918,요로나의 저주
1919,짱구는 못말려 극장판: 나의 이사 이야기 선인장 대습격
1920,굿모닝 에브리원
1922,비스트
1923,발레리나
1925,페스티발
1926,언더월드 4: 어웨이크닝
1928,꼬마 니콜라
1929,극장판 짱구는 못말려: 격돌! 낙서왕국과 얼추 네 명의 용사들
1930,"안녕, 티라노: 영원히, 함께"
1931,연의 황후
1932,도레미파솔라시도
1935,콜 미 바이 유어 네임
1936,어린 의뢰인
1939,방콕 데인저러스
1942,코쿠리코 언덕에서
1943,엣지 오브 다크니스
1944,스누피: 더 피너츠 무비
1945,언니
1948,그린 호넷
1949,원피스 필름 레드
1950,문폴
1951,극장판 포켓몬스터 모두의 이야기
1952,미러
1953,투혼
1954,"무현, 두 도시 이야기"
1955,언더독
1957,덤 앤 더머 투
1959,디어 존
1960,응징자
1961,나미야 잡화점의 기적
1962,쥴리의 육지 대모험
1964,보이후드
1965,컬러풀 웨딩즈
1966,검객
1968,업그레이드
1969,50가지 그림자: 심연
1971,글로리데이
1972,커넥트
1973,앵그리 버드 2: 독수리 왕국의 침공
1974,프리즈너스
1975,런닝맨 : 풀룰루의 역습
1976,나의 특별한 사랑이야기
1977,기생수 파트1
1978,팬
1979,사라진 시간
1980,해피 피트 2
1981,플라이 미 투 더 문
1982,더 셰프
1983,롱 샷
1985,우상
1986,마이 리틀 히어로
1987,극장판 포켓몬스터DP - 디아루가 VS 펄기아 VS 다크라이
1988,명탐정 코난 : 탐정들의 진혼가
1989,극장판 도라에몽: 진구의 보물섬
1991,바니버디
1992,20세기 소년
1993,엔젤 해즈 폴른
1995,유령작가
1996,백악관 최후의 날
1997,해양경찰 마르코
1999,로마 위드 러브
2000,127시간
2002,레전드
2004,댄 인 러브
2005,밤쉘: 세상을 바꾼 폭탄선언
2007,오펀: 천사의 탄생
2008,핵소 고지
2009,아빠가 여자를 좋아해
2010,허트 로커
2011,문라이트
2012,유전
2013,겟 스마트
2014,명탐정 코난:은빛 날개의 마술사
2015,더 로드
2016,채비
2017,오퍼나지: 비밀의계단
2018,"나는 내일, 어제의 너와 만난다"
2019,톱스타
2020,부활
2021,두번할까요
2022,업사이드 다운
2025,론 서바이버
2026,찰리윌슨의 전쟁
2027,어느 가족
2028,발렌타인 데이
2029,방법: 재차의
2031,아빠를 빌려드립니다
2033,자전차왕 엄복동
2035,조이
2037,극장판 엄마 까투리: 도시로 간 까투리 가족
2038,앵커
2039,케로로 더 무비:케로로 VS 케로로 천공대결전
2040,더 프레데터
2041,예수는 역사다
2042,상견니
2043,19곰 테드 2
2044,그랑프리
2047,대배우
2049,새해전야
2050,매직브러시
2051,라스트베가스
2052,렛 미 인
2053,노리개
2055,나는 아빠다
2057,진범
2058,비밀애
2059,극장판 도라에몽: 진구의 남극 꽁꽁 대모험
2060,극장판 도라에몽: 진구의 아프리카 모험 ~베코와 5인의 탐험대~
2061,극장판 도라에몽: 진구와 기적의 섬 애니멀 어드벤처
2063,스플라이스
2064,킬러 엘리트
2066,김복남 살인사건의 전말
2067,더 페이버릿: 여왕의 여자
2069,세이프 하우스
2070,팬도럼
2071,무법자
2074,다크아워
2075,아메리칸 울트라
2077,트랜스포터: 리퓰드
2078,빅
2079,부산
2080,고장난 론
2081,더 큐어
2084,니코
2085,공기살인
2086,더 자이언트
2088,극장판 요괴워치 섀도사이드: 도깨비왕의 부활
2089,데스 레이스
2091,어브덕션
2092,써커 펀치
2094,빨간모자의 진실 2
2095,아메리칸 허슬
2096,아토믹 블론드
2097,레고 닌자고 무비
2099,최강전사 미니특공대 : 새로운 악당의 습격
2100,크레이지 리치 아시안
2102,킥 애스: 영웅의 탄생
2103,폴리스 스토리 2014
2105,더 레이븐
2106,타오르는 여인의 초상
2110,마이 블루베리 나이츠
2111,극장판 엉덩이 탐정: 수플레 섬의 비밀
2112,트롤: 월드 투어
2113,시카리오: 암살자의 도시
2114,익스펜더블 3
2115,아메리칸 셰프
2116,히든 카드
2117,달빛궁궐
2119,쏘우 V
2120,스테이트 오브 플레이
2121,로맨틱 아일랜드
2123,짱구는 못말려 극장판 : 정면승부! 로봇아빠의 역습
2124,다운사이징
2125,미스터트롯: 더 무비
2127,비정규직 특수요원
2129,워킹걸
2131,짱구는 못말려 극장판:태풍을 부르는 노래하는 엉덩이 폭탄
2133,레고 배트맨 무비
2135,미스컨덕트
2136,기프트
2138,화피
2139,카오스 워킹
2140,벌새
2141,서울역
2142,크레이지
2143,웨딩드레스
2145,원피스 극장판: 스트롱 월드
2149,13시간
2150,철의 여인
2151,펜트하우스 코끼리
2152,안나 카레니나
2153,헬프
2154,불릿 트레인
2155,하우스 오브 구찌
2156,지슬 - 끝나지 않은 세월2
2157,가버나움
2158,장난감이 살아있다
2159,메간
2160,우먼 인 골드
2161,은밀한 유혹
2162,키친
2163,가시
2164,굿바이
2165,극장판 또봇: 로봇군단의 습격
2167,눈의 여왕5: 스노우 프린세스와 미러랜드의 비밀
2168,극장판 아이엠스타 : 꿈의 오디션!
2169,나를 기억해
2170,화장
2171,크롤
2172,아르고
2173,500일의 썸머
2174,블루 재스민
2175,플로렌스
2176,액트 오브 밸러: 최정예 특수부대
2178,꽃보다 남자
2179,나이트메어
2180,빅샤크: 매직체인지
2182,극장판 도라에몽: 진구와 철인군단 날아라 천사들
2183,극장판 엉덩이 탐정: 화려한 사건 수첩
2184,데이브레이커스
2185,더 포스트
2186,독전: 익스텐디드 컷
2187,극장판파워레인저 엔진포스VS 와일드스피릿
2189,0.0MHz
2190,50/50
2191,더 퍼지
2192,극장판 에그엔젤 코코밍: 푸르밍과 두근두근 코코밍 세계
2194,파이터
2195,좀비랜드: 더블 탭
2196,그랜 토리노
2197,파이프라인
2200,워터 디바이너
2202,링컨
2203,제 5침공
2204,제인 에어
2205,극장판 꼬마버스 타요의 에이스 구출작전
2207,톰과 제리
2209,로빈슨 크루소
2210,바이스
2211,로마의 휴일
2212,유희왕
2213,대니쉬 걸
2214,비스틀리
2215,썸머 워즈
2216,나의 절친 악당들
2217,링스 어드벤처
2218,카운슬러
2219,죽이고 싶은
2222,파주
2223,오션월드 3D
2224,스파이럴
2225,리딕
2226,오늘
2227,심야식당
2228,브레이크 더 사일런스: 더 무비
2229,파라노말 액티비티 3
2230,22 블렛
2231,두 여자
2232,블러디 발렌타인
2233,노바디
2234,마이클 잭슨의 디스 이즈 잇
2236,황시
2237,스트리트댄스
2238,자백
2239,맨홀
2240,프라이스리스
2241,클로이
2243,애니멀 크래커
2245,아더와 미니모이-제1탄비밀원정대의출정
2246,명탐정 코난: 에피소드 원-작아진 명탐정
2247,슈퍼히어로
2248,뮬란: 전사의 귀환
2249,다크 워터스
2250,구세주 2
2251,버틀러: 대통령의 집사
2252,솔로몬 케인
2254,눈길
2255,카페 소사이어티
2257,마이 리틀 자이언트
2258,저수지 게임
2259,꾸뻬씨의 행복여행
2260,삼국지: 명장 관우
2262,시간위의 집
2264,데스 디파잉:어느 마술사의 사랑
2265,마이펫 오지
2268,러시 : 더 라이벌
2269,마법천자문: 대마왕의 부활을 막아라
2270,썬더일레븐 극장판 : 최강군단 오우거의 습격
2271,극장판 짱구는 못말려: 신혼여행 허리케인~ 사라진 아빠!
2272,리틀 비버
2273,똥파리
2274,"서서평, 천천히 평온하게"
2275,애프터 라이프
2276,솔로이스트
2279,웨스트 사이드 스토리
2280,실버라이닝 플레이북
2281,러브 라이브! 더 스쿨 아이돌 무비
2282,더 박스
2283,겟 썸
2284,사다코 3D : 죽음의 동영상
2285,윤희에게
2286,극장판 도라에몽: 진구의 비밀도구 박물관
2288,라스트 위치 헌터
2292,극장판 안녕 자두야: 제주도의 비밀
2293,소피의 연애 매뉴얼
2295,마이 시스터즈 키퍼
2296,리미트리스
2298,퇴마: 무녀굴
2301,헤이트풀8
2302,죽여주는 여자
2303,라스트 나잇
2304,킹 오브 프리즘 - 프라이드 더 히어로
2305,나는 갈매기
2306,짱구는 못말려 극장판: 폭풍수면! 꿈꾸는 세계 대돌격
2307,파리로 가는 길
2308,아티스트
2309,수퍼 소닉
2310,얼리맨
2311,부탁 하나만 들어줘
2312,데블
2313,언힌지드
2314,하이 레인
2315,앰뷸런스
2316,감바의 대모험
2317,극장판 소드 아트 온라인 -오디널 스케일-
2318,고스트 라이더 : 복수의 화신
2320,우먼 인 블랙
2321,정무문 : 100대 1의 전설
2322,내가 숨쉬는 공기
2324,케로로 더 무비 5: 기적의 사차원섬
2325,여교사
2326,8인: 최후의 결사단
2327,올드
2328,존 윅
2329,명탐정 코난:전율의 악보
2330,쏘우 3D
2331,최강전사 미니특공대: 영웅의 탄생
2332,들어는 봤니? 모건 부부
2336,로맨틱 크라운
2337,안나
2339,고스트버스터즈 라이즈
2340,터키
2341,극장판 도라에몽 : 진구의 우주영웅기~스페이스 히어로즈~
2342,로스트 시티
2343,스트레인지 월드
2344,서울괴담
2347,미라클 벨리에
2348,다이노소어 어드벤처 : 백악기 공룡대백과
2349,아담스 패밀리 2
2350,배우는 배우다
2351,"안녕, 나의 소녀"
2352,셀프/리스
2354,스틸 앨리스
2357,직쏘
2358,엽문
2359,러브 앤 프렌즈
2360,극장판 파워레인저: 캡틴포스 VS 미라클포스 199 히어로 대결전
2361,바디
2362,교회오빠
2365,조조 래빗
2366,캣츠 앤 독스 2
2367,당갈
2368,프로포즈 데이
2369,언더워터
2370,걸프렌즈
2371,더 콘서트
2372,피터와 드래곤
2373,미운 오리 새끼의 모험
2374,히트
2375,디어 에반 핸슨
2376,베이블레이드 버스트 갓 : 갓 발키리의 탄생
2377,할로윈
2378,21
2379,맨 프롬 UNCLE
2380,람보 4 : 라스트 블러드
2381,레드 스패로
2383,디바
2385,더 기버: 기억전달자
2386,더 건맨
2389,제로 다크 서티
2391,로켓맨
2393,도희야
2394,우리가 꿈꾸는 기적: 인빅터스
2395,프리덤
2397,미드나이트
2398,웨이 백
2401,더 시그널
2402,공주와 개구리
2403,바람이 분다
2404,스마일
2405,니드 포 스피드
2406,신부들의 전쟁
2407,스타워즈 : 클론 전쟁
2408,미래의 미라이
2409,라스트 엑소시즘
2410,허밍
2411,5백만불의 사나이
2412,인사이드 르윈
2414,블러드
2415,킹 오브 프리즘 (바이 프리티 리듬)
2416,꿈은 이루어진다
2417,베리 굿 걸
2418,다이버전트 시리즈: 얼리전트
2419,저 산 너머
2420,기기괴괴 성형수
2421,람보 : 라스트 워
2422,더 테이블
2423,공포의 묘지
2425,하우 투 루즈 프렌즈
2426,원더랜드
2427,크게 될 놈
2428,워 호스
2429,루시드 드림
2431,"그대, 고맙소 : 김호중 생애 첫 팬미팅 무비"
2432,암전
2433,몬스터 헌터
2434,콜드 체이싱
2435,박스트롤
2436,죽지않는 인간들의 밤
2437,일대종사
2438,R.I.P.D. : 알.아이.피.디.
2439,라스트 미션
2440,바람
2441,게이트
2442,돌연변이
2444,바닷마을 다이어리
2445,21 브릿지: 테러 셧다운
2446,극장판 파워레인저 트레인포스 VS 다이노포스 THE MOVIE
2447,딥워터 호라이즌
2450,미니특공대X
2453,알파독
2456,타운
2458,엘비스
2459,라이언
2460,로덴시아: 마법왕국의 전설
2461,가필드-마법의 샘물
2462,빌리와 용감한 녀석들 3
2463,대병소장
2465,블랙폰
2466,김광석
2467,맥베스
2468,이웃집에 신이 산다
2469,여중생A
2471,9:나인
2472,레이디 버드
2473,아내를 죽였다
2474,인류멸망 보고서
2475,극장판 포켓몬스터 뮤츠의 역습 EVOLUTION
2477,쓰리 빌보드
2478,다크타워: 희망의 탑
2479,슈퍼 빼꼼: 스파이 대작전
2481,하치 이야기
2482,소피와 드래곤: 마법책의 비밀
2483,나탈리
2484,바스티유 데이
2485,천국의 우편배달부
2486,577 프로젝트
2487,기생령
2488,안테벨룸
2490,걷기왕
2491,무서운 이야기 3 : 화성에서 온 소녀
2493,소년은 울지 않는다
2495,S러버
2496,용의자 X의 헌신
2497,일사각오
2498,사일런스
2499,초한지 - 천하대전
2500,인비저블 게스트
2501,"나, 다니엘 블레이크"
2502,나의 산티아고
2504,마야2
2505,커다랗고 커다랗고 커다란 배
2506,아이 엠 마더
2507,여고괴담 여섯번째 이야기 : 모교
2508,베일리 어게인
2509,귀문
2510,스텔라
2511,프리스트
2512,러브 앳
2513,원피스 극장판 Z
2514,써티 데이즈 오브 나이트
2515,프렌치 디스패치
2516,태풍이 지나가고
2517,루이스
2518,본 투 비 블루
2519,파이브 피트
2520,7번째 아들
2522,샤크 나이트 3D
2524,철가방 우수氏
2525,크리미널
2527,구스 베이비
2528,그 남자의 책 198쪽
2529,패솔로지
2530,포커스
2531,마마
2533,타워 하이스트
2534,노 게임 노 라이프 -제로-
2535,둠스데이:지구 최후의 날
2536,써니 감독판
2539,주디
2540,완벽한 파트너
2541,더 보이
2542,더 매직: 리틀톰과 도둑공주
2543,슈퍼미니
2544,캐리와 슈퍼콜라
2545,오베라는 남자
2546,페이스 블라인드
2547,더 콜
2548,콜드 라잇 오브 데이
2549,레이니 데이 인 뉴욕
2550,살인자
2551,레고 무비2
2552,미드소마
2553,그대 이름은 장미
2554,페이트 스테이 나이트 헤븐즈필 제3장 스프링 송
2555,비몽
2556,락 오브 에이지
2558,몬스터 콜
2559,사우스포
2561,갤로우즈
2562,팅커 테일러 솔저 스파이
2563,김복동
2565,셜록 놈즈
2567,허큘리스
2568,플로리다 프로젝트
2570,슈퍼 프렌즈
2572,노매드랜드
2574,숀더쉽
2575,디 아이
2576,빅 아이즈
2577,레전드 오브 래빗
2578,유스
2581,옥보단 3D
2582,나의 청춘은 너의 것
2583,극장판 썬더일레븐GO : 궁극의 우정 그리폰
2584,어린 왕자
2585,왼편 마지막 집
2586,뉴욕 아이 러브 유
2587,신은 죽지 않았다 3: 어둠 속의 빛
2589,스위치
2590,와일드
2591,폴: 600미터
2592,짱구는 못말려 극장판：엄청 맛있어! B급 음식 서바이벌!
2593,세자매
2594,지랄발광 17세
2595,뷰티풀 크리처스
2597,더 이퀄라이저
2598,라르고 윈치
2599,씬 시티: 다크히어로의 부활
2600,어니스트 씨프
2601,도라에몽: 스탠바이미 2
2602,파도가 지나간 자리
2603,다이노X 탐험대
2604,스펜서
2606,출국
2607,젠틀맨
2609,아따맘마 - 극장판
2610,꼬마참새 리차드: 아프리카 원정대
2611,터널 3D
2612,원 챈스
2615,최악의 하루
2616,지금은맞고그때는틀리다
2617,엑스페리먼트
2620,프렌즈 위드 베네핏
2623,에어로너츠
2624,로스트 인 더스트
2625,오 마이 그랜파
2627,꿀벌 하치의 대모험
2628,미쓰 루시힐
2629,드래곤 스펠: 마법 꽃의 비밀
2630,소리꾼
2631,페이스 오브 러브
2632,인민을 위해 복무하라
2633,분신사바 2
2634,너와 100번째 사랑
2635,극장판 미니특공대: 공룡왕 디노
2636,바다 탐험대 옥토넛 : 탐험선 대작전
2637,토토의 움직이는 숲
2638,코다
2639,메디엄
2640,오즈: 신기한 마법가루
2641,세인트 빈센트
2642,룸
2644,모데카이
2645,엑스 마키나
2646,호텔 아르테미스
2647,극장판 콩순이: 장난감나라 대모험
2648,쓰리 썸머 나잇
2649,알이씨(Rec)
2650,드라이브 마이 카
2651,아더 우먼
2652,매직 인 더 문라이트
2654,100 피트
2655,참을 수 없는
2656,타임 패러독스
2657,"어쩌다, 결혼"
2659,러덜리스
2660,엽기적인 그녀 2
2661,맨 인 더 다크 2
2663,하이큐!! 끝과 시작
2664,나의 로맨틱 가이드
2665,오두막
2668,피치 퍼펙트: 언프리티 걸즈
2669,블룸 형제 사기단
2670,조조-황제의 반란
2672,브릭 맨션: 통제불능 범죄구역
2674,회초리
2675,드림업
2676,극장판 포켓몬스터 AG - 아름다운 소원의 별 지라치
2677,외톨이
2679,쿵후팬더: 영웅의 탄생
2680,센츄리온
2681,피라냐 3DD
2682,로맨틱 헤븐
2683,베니싱
2684,위자
2685,리스본행 야간열차
2686,바다 탐험대 옥토넛 시즌4: 더 파이널
2687,카운트다운
2689,나우이즈굿
2690,더 클럽
2692,돈 룩 업
2693,호텔 뭄바이
2694,빅샤크3: 젤리몬스터 대소동
2695,너를 잊지 않을 거야
2696,엽문4: 더 파이널
2697,로망
2698,내 친구의 사생활
2700,집결호
2702,파워레인져스: 더 비기닝
2703,소년시절의 너
2704,언더월드: 블러드 워
2705,쿰바: 반쪽무늬 얼룩말의 대모험
2706,화이트 고릴라
2707,청원
2708,프란시스 하
2709,모뉴먼츠 맨: 세기의 작전
2711,더 서클
2712,정글히어로
2713,트랩
2714,투 마더스
2715,위 오운 더 나잇
2716,프레이 포 더 데블
2718,돈비 어프레이드 : 어둠 속의 속삭임
2719,극장판 도라에몽: 신 진구의 버스 오브 재팬
2721,썸머 솔스티스
2722,미트 페어런츠 3
2723,극장판 메탈 베이블레이드 VS 태양 작열의 침략자 솔블레이즈
2724,호텔 레이크
2725,바다 탐험대 옥토넛 시즌4: 늪지탐험선K
2726,마일22
2727,인보카머스
2728,세상에서 고양이가 사라진다면
2730,어카운턴트
2731,브라더스
2734,번개맨
2735,어거스트: 가족의 초상
2736,하이힐을 신고 달리는 여자
2737,주노
2739,이퀄스
2741,스티브 잡스
2742,달라스 바이어스 클럽
2744,피노키오: 당나귀 섬의 비밀
2745,동키호테
2746,4교시 추리영역
2747,닥터
2749,리미트
2750,토니 스토리: 깡통제국의 비밀
2751,당신이 잠든 사이에
2752,올 더 머니
2754,여곡성
2755,극장판 반지의 비밀일기
2756,트로픽 썬더
2757,내 남자의 아내도 좋아
2758,주문진
2759,아이엠스타 뮤직어워드
2760,Mr.아이돌
2762,올레
2765,더 바디
2766,라스트 스탠드
2768,리틀메딕: 몸속탐험대
2772,용과 주근깨 공주
2773,선생님의 일기
2774,골든 슬럼버
2775,천녀유혼
2776,레지던트
2777,다크 플레이스
2778,패트리어트 데이
2780,카페 벨에포크
2781,더 플랫폼
2782,극장판 파워레인저: 애니멀포스 VS 닌자포스 미래에서 온 메시지
2783,레터스 투 갓
2785,여대생 기숙사
2786,블리츠
2787,더 크리스마스
2788,돌이킬 수 없는
2789,"사랑한다, 사랑하지 않는다"
2790,패터슨
2791,데몰리션
2792,정글번치 : 빙산으로의 귀환
2793,베리드
2794,레오나르도 다 빈치
2795,사랑보다 황금
2796,보루토 - 나루토 더 무비
2797,극장판 도라에몽: 진구의 신공룡
2799,엘라의 모험 2: 백설공주 길들이기
2800,극장판 파워레인저: 닌자포스 VS 트레인포스 닌자 인 원더랜드
2801,몬스터 하우스
2802,귀멸의 칼날: 남매의 연
2804,아메리칸
2806,로우리스: 나쁜 영웅들
2807,히트맨: 에이전트 47
2808,대무가
2809,경주
2810,명탐정 코난: 진홍의 수학여행
2811,리틀 프린세스 소피아 : 신비한 섬
2813,극장판 쿠로코의 농구 라스트 게임
2814,언피니시드
2815,본즈 앤 올
2816,극장판 5등분의 신부
2817,기생수 파트2
2818,엔시티 드림 더 무비 : 인 어 드림
2819,위아영
2821,1919 유관순
2822,에브리바디 올라잇
2824,뉴 뮤턴트
2825,황당한 외계인: 폴
2826,닥터 슬립
2827,디센트: Part 2
2829,퍼피 구조대 더 무비
2830,톨스토이의 마지막 인생
2831,에반게리온: Q
2832,헤드
2833,빅샤크4: 바다공룡 대모험
2834,아더와 미니모이 3: 두 세계의 전쟁
2835,주온: 더 파이널
2836,바다 탐험대 옥토넛 시즌4: 빙하탐험선S
2837,결정적 한방
2838,바다 탐험대 옥토넛 시즌4: 바다 괴물 대소동
2839,내 여자친구의 결혼식
2840,극장판 바이올렛 에버가든
2841,라스트 듀얼: 최후의 결투
2844,휴고
2845,산타의 매직 크리스탈
2847,바운티 헌터
2848,극장판 유희왕 : 시공을 초월한 우정
2849,두 남자
2850,사탄의 인형
2851,님포매니악 볼륨1
2852,더 킬러: 죽어도 되는 아이
2853,극장판 아따맘마3D : 엄마는 초능력자
2854,행오버 2
2855,티켓 투 파라다이스
2858,번개맨과 신비의 섬
2859,더 퍼지 : 거리의 반란
2860,엽문2
2861,더 레슬러
2863,흑심모녀
2864,극장판 가면라이더 VS 파워레인저 슈퍼히어로 대전
2865,안녕 베일리
2866,극장판 숲의 요정 페어리루 ~크리스마스의 기적: 마법의 날개~
2867,고 녀석 맛나겠다
2868,시맨틱 에러: 더 무비
2869,태일이
2870,언더 더 쎄임 문
2872,트럼보
2873,파더 앤 도터
2874,소공녀
2875,애프터
2877,바다 탐험대 옥토넛 시즌4: 아슬아슬 구조대작전
2878,킬링 디어
2879,순종
2880,극장판 미니특공대: 햄버거괴물의 습격
2881,더 랍스터
2882,엘리엇과 산타 썰매단
2883,웃는 남자
2885,사과
2887,나의 붉은고래
2888,킬러들의 도시
2889,어드리프트:우리가 함께한 바다
2890,듀 데이트
2891,미스 페티그루의 어느 특별한 하루
2892,마미
2894,달빛 길어올리기
2895,밤의 해변에서 혼자
2897,다이애나
2898,극장판 프랭키와 친구들: 생명의 나무
2899,더 룸
2901,레볼루셔너리 로드
2902,드래곤 블레이드
2903,극장판 프리파라 모두의 동경♪ 렛츠고☆프리파리
2904,대니 콜린스
2905,돌아온 파워레인저 미라클포스
2906,헌터 킬러
2907,마이 스파이
2908,우리집
2910,나이트 크롤러
2911,더 보이
2912,매직빈
2913,래빗 스쿨
2915,고녀석 맛나겠다2 : 함께라서 행복해
2916,더 라이트: 악마는 있다
2917,워터 포 엘리펀트
2918,백설공주 : 사라진 아빠를 찾아서
2919,그물
2920,드레스메이커
2922,빅뱅 메이드
2923,내 눈에 콩깍지
2924,위시 어폰
2925,대지진
2926,파라노말 액티비티: 더 고스트 디멘션
2927,내가 죽기를 바라는 자들
2928,최면
2930,더 프린세스 : 도둑맞은 공주
2932,헤이와이어
2933,파라노말 액티비티4
2934,잡아야 산다
2935,왓칭
2936,살인소설
2937,사일런스
2939,5일의 마중
2940,산상수훈
2942,맨체스터 바이 더 씨
2943,돌핀 : 꿈꾸는 다니엘의 용감한 모험
2944,고고다이노 극장판: 얼음공룡의 비밀
2945,나의 첫 번째 슈퍼스타
2946,개구리왕국
2947,베스트 엑조틱 메리골드 호텔
2950,인 디 에어
2952,"부르고뉴, 와인에서 찾은 인생"
2953,튤립 피버
2954,디센던트
2955,인생은 뷰티풀: 비타돌체
2956,블랙 가스펠
2957,더 라스트: 나루토 더 무비
2958,워
2959,콘트라밴드
2961,쿵푸 덩크
2962,라일 라일 크로커다일
2963,머니백
2964,폭풍전야
2966,프랭크
2968,호프 스프링즈
2969,캔디맨
2970,더 비지트
2971,사랑은 언제나 진행중
2972,너의 췌장을 먹고 싶어
2973,별을 쫓는 아이
2974,꼬마영웅 경찰차 프로디
2975,포인트 블랭크
2977,소중한 날의 꿈
2978,인 더 하이츠
2980,바다 탐험대 옥토넛 스페셜
2981,매혹당한 사람들
2982,빅샤크2: 해저2만리
2983,프리키 데스데이
2984,아인보: 아마존의 전설
2985,스트레스를 부르는 그 이름 직장상사
2986,오싱
2987,킬러 인사이드 미
2988,스카이포스 3D
2989,아웃포스트
2990,언어의 정원
2991,킬 미
2993,더블 스파이
2994,트리 오브 라이프
2995,미안해 사랑해 고마워
2996,빅 미라클
2997,콜레트
2998,서울이 보이냐
2999,두 번의 결혼식과 한 번의 장례식
3000,더 씽
3001,윈드 리버
3003,부활: 그 증거
3004,포레스트: 죽음의 숲
3005,폴란드로 간 아이들
3006,더 테너 리리코 스핀토
3011,비밀
3012,인시디어스
3013,내가 잠들기 전에
3016,언더더씨
3017,레드라이트
3019,핑크퐁 시네마 콘서트 2: 원더스타 콘서트 대작전
3020,마음이 외치고 싶어해
3021,번개맨의 비밀
3022,살인소설
3023,어글리 돌
3026,라스트 나잇 인 소호
3028,355
3029,슈퍼미니 2
3030,미스 사이공 : 25주년 특별 공연
3031,스트레이트 아웃 오브 컴턴
3032,어네스트와 셀레스틴
3034,나의 히어로 아카데미아 더 무비: 월드 히어로즈 미션
3035,더 킥
3036,저지드레드 3D
3037,3:10 투 유마
3038,데자뷰
3039,세븐틴 파워 오브 러브 : 더 무비
3040,우리들
3042,안나와 알렉스 : 두자매 이야기
3043,미스 슬로운
3044,목숨 건 연애
3045,극장판 도라에몽: 진구의 우주소전쟁 리틀스타워즈 2021
3046,매기스 플랜
3047,잘못된 만남
3048,온리 더 브레이브
3051,머니 몬스터
3052,"스탠바이, 웬디"
3053,트리플 9
3054,작은 연못
3055,뜨거운 안녕
3056,잃어버린 도시 Z
3057,나츠메 우인장: 세상과 연을 맺다
3058,에코
3059,세상을 바꾼 변호인
3060,비밥바룰라
3061,적인걸2 : 신도해왕의 비밀
3062,이스케이프
3063,내 연애의 기억
3064,엽문3: 최후의 대결
3065,크림슨 피크
3066,스크림 4G
3067,갤럭시 히어로즈: 라쳇 앤 클랭크
3068,"그래, 가족"
3069,엘리노어 릭비: 그 남자 그 여자
3071,마더!
3072,심야식당 2
3073,에그엔젤 코코밍: 두근두근 핼러윈 파티
3074,하드코어 헨리
3075,플래닛 51
3076,사랑할 땐 누구나 최악이 된다
3077,블레어 위치
3078,베스트 오퍼
3080,슈퍼윙스 3D
3081,송 원
3082,아프리카 마법여행
3083,무드 인디고
3084,더 파더
3085,된장
3086,퍼펙트 센스
3089,히어애프터
3090,족구왕
3091,설계
3092,리틀 프린세스 소피아: 엘레나와 비밀의 아발로 왕국
3093,미운오리새끼
3094,제독의 연인
3095,스페어
3096,샤오린 : 최후의 결전
3097,부그와 엘리엇 2
3098,부니 베어: 롤라 구출 대모험
3099,한 번 더 해피엔딩
3100,페이트 스테이 나이트 헤븐즈필 제2장 로스트 버터플라이
3101,스케어리 스토리:어둠의 속삭임
3102,밀림의 왕자 레오2
3103,아더와 미니모이 2 : 셀레니아 공주 구출 작전
3104,내가 죽기 전에 가장 듣고 싶은 말
3107,킹메이커
3108,호두까기인형 3D
3110,저스티스
3111,프리버즈: 밍쿠와 찌아의 도시 대탈출
3112,드래곤볼Z : 신들의 전쟁
3113,글래디에이터: 로마 영웅 탄생의 비밀 3D
3114,플로이
3115,매란방
3117,허슬러
3119,프랑켄위니
3120,성실한 나라의 앨리스
3121,혈투
3122,신주쿠 사건
3123,범죄의 여왕
3124,플래그 더 문
3125,컴백홈
3126,우리별 일호와 얼룩소
3127,다이노 어드벤처2: 육해공 공룡 대백과
3128,울브스
3129,아일라
3130,약장수
3132,파바로티
3133,파비안느에 관한 진실
3135,귀멸의 칼날: 나타구모산 편
3138,비카인드 리와인드
3139,업사이드
3140,하이큐!! 재능과 센스
3143,빅트립: 아기팬더 배달 대모험
3144,꼬마돼지 베이브의 대모험
3146,마담 싸이코
3147,루이스 웨인: 사랑을 그린 고양이 화가
3148,스페이스 독
3149,호스트
3151,쿠르스크
3152,아네트
3154,페이트 스테이 나이트 헤븐즈필 제1장 프레시지 플라워
3156,귀못
3157,그레이트 뷰티
3158,스탠리의 도시락
3159,피케이: 별에서 온 얼간이
3162,일일시호일
3165,피아니스트의 전설
3166,라스트프로포즈
3167,더 와이프
3168,칠곡 가시나들
3169,스푹스:MI5
3170,말리그넌트
3171,나쁜 이웃들
3172,스니치
3173,블레임 : 인류멸망 2011
3176,여름날 우리
3177,모리타니안
3178,극장판 뽀잉: 슈퍼 변신의 비밀
3179,배반의 장미
3180,레이디버그
3181,잔예 - 살아서는 안되는 방
3182,레플리카
3183,도화선
3184,더 포리너
3185,와인 미라클
3186,하트 브레이커
3187,세인트 클라우드
3188,예감은 틀리지 않는다
3189,나의 촛불
3190,"어쩌다 공주, 닭냥이 왕자를 부탁해!"
3191,나이트메어 앨리
3192,번 애프터 리딩
3193,데모닉
3194,마오의 라스트 댄서
3195,모탈 컴뱃
3196,유고와 라라: 하늘고래와 구름섬 대모험
3197,코블러
3198,이모티: 더 무비
3199,"웰컴, 삼바"
3200,G-포스: 기니피그 특공대
3201,극장판 소드 아트 온라인 -프로그레시브- 별 없는 밤의 아리아
3202,아델라인 : 멈춰진 시간
3204,토마스와 친구들 - 극장판
3205,주전장
3209,세이프 헤이븐
3212,인피니트 콘서트 세컨드 인베이전 에볼루션 더 무비 3D
3213,리스타트
3214,신데렐라 2: 마법에 걸린 왕자
3215,스트리트 댄스 2: 라틴배틀
3217,그레이브 인카운터
3218,프란치스코 교황 : 맨 오브 히스 워드
3219,아이즈 온 미 : 더 무비
3220,꽃다발 같은 사랑을 했다
3222,애프터 양
3224,탑 블레이드 더 무비
3225,메기
3226,"고흐, 영원의 문에서"
3227,아이리시맨
3228,동급생
3232,끝과 시작
3234,나의 그리스식 웨딩 2
3235,몬스터 파크
3237,정글번치: 너구리 해적단과 보물지도
3238,트릭
3239,신은 죽지 않았다
3241,다만 악에서 구하소서 파이널컷
3242,흑집사 -북 오브 더 아틀란틱-
3243,4등
3244,쟈니 잉글리쉬2 : 네버다이
3245,이별의 아침에 약속의 꽃을 장식하자
3246,타이밍
3248,아이
3249,슈퍼노바 지구 탈출기
3250,다시 태어나도 우리
3251,정글번치: 최강 악당의 등장
3252,하이큐!! 승자와 패자
3253,다키스트 아워
3255,툴리
3256,레미니센스
3257,추억의 마니
3258,사이드 이펙트
3259,폭풍우 치는 밤에: 비밀 친구
3261,야구소녀
3262,애프터: 그 후
3264,에코 플래닛 3D : 지구 구출 특급 대작전
3265,파가니니: 악마의 바이올리니스트
3266,백프로
3267,반딧불이 딘딘
3269,극장판 썬더일레븐 GO VS 골판지 전사 W
3270,스노든
3271,가필드 펫 포스 3D
3272,반교: 디텐션
3273,다크 하우스
3274,민스미트 작전
3275,벅스 프렌즈
3277,건파우더 밀크셰이크
3278,콜 오브 와일드
3279,어나더 라운드
3280,더 스토리: 세상에 숨겨진 사랑
3281,령 : 저주받은 사진
3282,마법의 세계 녹터나
3285,드래곤볼 슈퍼: 브로리
3286,에스엠타운 더 스테이지
3287,반지의 제왕 : 반지원정대 (확장판)
3288,지구대표 롤링스타즈
3289,파워배틀 와치카 미니카 배틀리그: 불꽃의 질주
3290,"미안해요, 리키"
3291,빌리와 용감한 녀석들: 치킨 히어로
3292,스파키
3293,잠깐만 회사 좀 관두고 올게
3297,브루클린의 멋진 주말
3298,우리의 20세기
3299,세 번째 살인
3300,어른들은 몰라요
3301,위핏
3302,처음 본 그녀에게 프로포즈하기
3303,배니싱: 미제사건
3304,은혼 더 파이널
3305,엘르
3306,키코리키: 황금모자의 비밀
3307,"그 시절, 우리가 좋아했던 소녀"
3308,임피 원더랜드 가다
3309,드래곤 헌터
3310,피터와 모글리의 크리스마스 어드벤처
3311,"오늘 밤, 로맨스 극장에서"
3312,몬스터 왕국
3313,뒤틀린 집
3315,펭귄 하이웨이
3317,뫼비우스
3321,빠삐용
3323,녹터널 애니멀스
3324,신은 죽지 않았다 2
3325,파운더
3327,필로미나의 기적
3328,극장판 레이디버그: 미라클스톤의 비밀
3333,"헤일, 시저!"
3335,봄날
3336,더 플랜
3337,뱅드림! 필름 라이브 세컨드 스테이지
3338,7번째 내가 죽던 날
3339,서치 아웃
3341,"아치의 노래, 정태춘"
3343,빅 웨딩
3344,어메이징 메리
3345,복숭아나무
3347,스페이스 키드: 우주에서 살아남기
3350,만신
3351,코난: 암흑의 시대
3352,리틀드래곤 코코넛
3353,배틀 오브 비보이
3354,몬스터 신부: 101번째 프로포즈
3355,무한대를 본 남자
3356,스파이더맨: 노 웨이 홈 '펀버전'
3357,"땡큐, 대디"
3358,태양 아래
3359,I AM
3360,19-Nineteen
3362,개들의 섬
3363,괴기맨숀
3364,빅 위시
3365,킬 유어 달링
3367,썸머 필름을 타고!
3368,꼬마 잠수함 올리 2
3369,거미줄에 걸린 소녀
3370,인어공주 : 새로운 모험의 시작
3372,대결
3373,뮤턴트: 다크 에이지
3374,팔로우
3375,클라우즈 오브 실스마리아
3377,극장판 위 베어 베어스: 곰 브라더스
3378,두 교황
3379,너를 만난 여름
3381,극장판 프리파라 모두 모여라! 프리즘☆투어즈
3382,극장판 유희왕 더 다크 사이드 오브 디멘션즈
3383,마이 블랭키
3384,오픈 더 도어
3385,썬키스 패밀리
3386,꼭두각시
3388,그랜드파더
3389,서스페리아
3390,고백
3392,노회찬6411
3393,뱅가드
3394,날나리 종부전
3395,학교 가는 길
3396,꼬마 니콜라의 여름방학
3400,나는 부정한다
3401,더 브레이브
3402,초콜렛 도넛
3403,할로윈:살인마의 탄생
3405,옹박: 더 레전드
3406,러브액츄얼리: 크리스마스 에디션
3407,목숨
3409,몬스타엑스 : 더 드리밍
3410,막달라 마리아: 부활의 증인
3411,단지 세상의 끝
3412,"좋아해, 너를"
3413,앵그리스트 맨
3418,신밧드와 마법 양탄자
3419,쿠보와 전설의 악기
3420,아야와 마녀
3421,스노우타임
3422,바르다가 사랑한 얼굴들
3424,벨 아미
3425,반지의 제왕 : 왕의 귀환 (확장판)
3426,더 메뉴
3427,마인드스케이프
3428,클리포드 더 빅 레드 독
3429,드라이브 앵그리 3D
3430,지구: 놀라운 하루
3432,"나의 사랑, 그리스"
3433,지골로 인 뉴욕
3435,극장판 나루토 질풍전: 로드 투 닌자
3436,더 길티
3437,나루토 질풍전 극장판-불의 의지를 잇는 자
3438,체실 비치에서
3439,행복배달부 팻아저씨
3440,테일 오브 테일즈
3442,톰보이
3443,그레이 맨
3444,33
3445,루터
3446,소명 2-모겐족의 월드컵
3447,내 인생의 마지막 변화구
3448,극장판 바다 탐험대 옥토넛 : 불의 고리 대폭발
3449,루비 스팍스
3450,"하이, 젝시"
3451,춘희막이
3452,북클럽
3453,너브
3454,극장판 윌벤져스 : 수상한 캠핑 대소동
3455,몬태나
3457,벨과 세바스찬
3458,역모-반란의 시대
3459,아이돌 마스터 무비 : 빛의 저편으로!
3460,에브리데이
3462,왕이 될 아이
3463,비상
3464,리빙보이 인 뉴욕
3465,꼬마잠수함 올리
3467,"다시, 봄"
3469,양자경의 더 모든 날 모든 순간
3470,미스비헤이비어
3471,데스노트: 더 뉴 월드
3472,그집
3473,극장판 바다 탐험대 옥토넛 : 해저동굴 대탈출
3474,무협
3475,캐리tv 러브콘서트 더 무비
3476,대통령의 7시간
3477,슈퍼 스파이: 수상한 임무
3479,분노
3480,굿모닝 맨하탄
3481,그린 나이트
3482,플레이모빌: 더 무비
3483,머드
3484,크리미널 스쿼드
3486,"어디갔어, 버나뎃"
3487,극장판 암살교실 : 365일의 시간
3488,카페 6
3489,파울볼
3491,누구나 아는 비밀
3494,걸즈 앤 판처 극장판
3495,투 프렌즈
3496,박물관이 진짜 살아있다
3498,무림여대생
3499,마리안느와 마가렛
3500,찬실이는 복도 많지
3501,문호 스트레이독스 [데드 애플]
3502,건즈 아킴보
3503,그루지 3
3504,나를 미치게 하는 여자
3505,키드냅
3506,스페이스 비트윈 어스
3507,걸 온 더 트레인
3510,데인저러스 메소드
3511,파리의 인어
3512,페인 앤 글로리
3514,더 시크릿
3515,코비: 블루 엘리펀트의 전설
3516,반지의 제왕 : 두개의 탑 (확장판)
3517,위아 유어 프렌즈
3519,토마스와 친구들: 용감한 기관차와 괴물소동
3520,퍼펙트 케어
3521,타발루가와 얼음공주
3523,라자루스
3524,몬스터 헌트
3525,로스트 인 파리
3526,지니어스
3527,피쉬 프렌즈: 알록이의 신기한 모험
3528,인천상륙작전 : 익스텐디드 에디션(확장판)
3529,"쏘아올린 불꽃, 밑에서 볼까? 옆에서 볼까?"
3530,해피 투게더
3531,아이스 로드
3532,아워 이디엇 브라더
3533,4요일: 자살을 부르는 요일
3535,러브 앤 머시
3536,수색자
3537,콜드 워
3539,재키
3541,몬스터 섬의 비밀
3543,아기돼지 3형제와 매직램프
3544,머신건 프리처
3545,리멤버 미
3546,중2병이라도 사랑이 하고 싶어! 테이크 온 미
3547,더 보이 2: 돌아온 브람스
3548,귀멸의 칼날: 주합회의·나비저택 편
3549,소림소녀
3550,원 포 더 머니
3551,뉴 스텝업: 어반댄스
3554,집 나온 남자들
3555,쾌걸 조로리의 대대대대모험
3556,트레이서
3557,쥬라기캅스 극장판: 공룡시대 대모험
3558,배저로와 친구들: 신비한 모험
3559,마크맨
3560,극장판 바다 탐험대 옥토넛 : 대산호초 보호작전
3562,모어 댄 블루
3563,원더스트럭
3564,바다 탐험대 옥토넛 : 육지수호 대작전
3565,왓 이프
3566,부니베어: 로거빅 컴백홈 프로젝트
3567,달링
3568,구스범스: 몬스터의 역습
3569,블라인드 멜로디
3571,판소리 복서
3573,"연공:안녕, 사랑하는 모든 것"
3574,인 블룸
3575,컴 아웃 파이팅
3576,당신의 부탁
3577,그 사람 그 사랑 그 세상
3578,골드
3579,쿵푸몽키
3580,매직울프
3582,사다코 대 카야코
3583,러빙 빈센트 : 비하인드 에디션
3586,아들의 이름으로
3588,선샤인 온 리스
3589,정글북: 마법 원정대
3590,블랙라이트
3591,폰조
3592,우연과 상상
3594,매직 마이크
3595,양말요정 휴고의 대모험
3596,트래쉬
3597,신 에반게리온 극장판
3599,킹덤 오브 헤븐: 디렉터스 컷
3600,꼬마영웅 경찰차 프로디2
3601,안녕하세요
3602,러브라이브! 선샤인!! 더 스쿨 아이돌 무비 오버 더 레인보우
3605,n번째 이별 중
3606,하이큐!! 콘셉트의 싸움
3607,영주
3609,쥬로링 동물탐정 극장판
3610,슈퍼 버드
3611,모험왕 블링키
3612,시라노
3613,레지던트 이블: 라쿤시티
3615,겨울왕국의 무민
3617,더 프롬
3618,하이-라이즈
3622,마리 퀴리
3623,메소드
3624,"조제, 호랑이 그리고 물고기들"
3625,오즈의 마법사: 요술구두와 말하는 책
3626,결혼 이야기
3629,키즈모노가타리 I : 철혈편
3630,"내 어깨 위 고양이, 밥"
3631,카이: 거울 호수의 전설
3632,진격의 거인: 홍련의 화살
3635,노크: 초대받지 않은 손님
3636,원라이프
3637,스파이크
3639,슈퍼오리 : 태양을 지켜라
3640,꿈의 제인
3641,나이스 가이즈
3643,극장판 검정고무신 : 즐거운 나의 집
3645,레전드 오브 래빗: 불의 전설
3646,폭스캐처
3648,캡틴 스터비
3649,캣츠토피아
3650,칠드런 액트
3651,GROW: 인피니트의 리얼 청춘 라이프
3653,큐어
3654,프라미스드 랜드
3656,언노운 걸
3657,고속도로 가족
3658,블루 아워
3659,체르노빌 1986
3660,비바리움
3661,고스트 메신저 극장판
3662,유포자들
3663,굴뚝마을의 푸펠
3664,얼굴없는 보스
3666,어부바
3667,님포매니악 볼륨2
3670,하이큐!! 땅 VS 하늘
3672,타임 투 러브
3673,사이코패스
3676,디노타샤: 공룡대탐험
3679,하이 스피드! –프리! 스타팅 데이즈-
3680,빨간머리 앤 : 그린게이블로 가는 길
3681,제인 도
3682,코드네임 제로니모
3683,언프렌드
3684,이타미 준의 바다
3685,테슬라
3686,내겐 너무 소중한 너
3687,토마스와 친구들: 수수께끼 해적선과 보물찾기
3688,개들의 전쟁
3689,미스터 캣
3691,아우토반
3692,굿 라이어
3693,울프 콜
3695,크리스마스 캐럴
3696,"세라비, 이것이 인생!"
3697,만년이 지나도 변하지 않는 게 있어
3699,노무현과 바보들
3700,윈드랜드
3701,로건 럭키
3702,꼬마마녀 요요와 네네
3703,스페이스 침스 - 자톡의 역습 3D
3704,리틀 뱀파이어
3706,3000년의 기다림
3707,비정한 도시 감독판
3709,거인
3710,"봄, 눈"
3711,에이바
3712,알렉스 크로스
3713,디트로이트
3714,극장판 프리! - 테이크 유어 마크 -
3715,유리정원
3717,애비규환
3718,윌리
3719,펭이와 친구들의 남극대모험
3721,히어로
3722,레이디 맥베스
3726,철벽선생
3727,짓
3729,프로스트 VS 닉슨
3730,송 투 송
3732,카시오페아
3734,F20
3735,마징가 Z: 인피니티
3736,귀멸의 칼날: 아사쿠사 편
3737,극장판 원피스 스탬피드
3738,스킵트레이스: 합동수사
3739,미스터 스마일
3740,아홉 스님
3741,엘리제궁의 요리사
3742,파워배틀 와치카: 와치가면의 역습
3743,크로우즈 제로
3744,엔들리스 러브
3745,사이비
3746,드래곤볼 Z : 부활의 F
3748,아이 캔 온리 이매진
3749,아이 엠 우먼
3750,터닝메카드W: 반다인의 비밀 특별판
3751,천하무적 키코리키
3752,원더 휠
3755,행복 목욕탕
3756,숲속왕국의 꿀벌 여왕
3757,레이드 : 첫번째 습격
3758,남매의 여름밤
3759,시크릿 인 데어 아이즈
3760,히야
3761,아스테릭스: 미션 올림픽 게임
3762,"안녕, 나의 소울메이트"
3764,인베이젼 2020
3765,차일드 44
3767,내게 남은 사랑을
3772,초원의 왕 도제
3773,뱅드림! 로젤리아 에피소드Ⅰ: 약속
3774,아마조니아
3776,이브 생 로랑
3777,잃어버린 세계를 찾아서
3778,죄 많은 소녀
3779,극장판 소드 아트 온라인 -프로그레시브- 짙은 어둠의 스케르초
3781,리즈와 파랑새
3782,휘트니
3784,스테이션 7
3786,유고와 라라 : 신비의 숲 어드벤처
3787,다이노 헌터: 티렉스VS파키리노 대격돌
3789,싸이보그 그녀
3790,그랜드 피아노
3791,리코리쉬 피자
3793,아기기린 자라파
3796,콜링 인 러브
3797,유령선
3798,프린세스 아야
3799,워리어
3801,호밀밭의 반항아
3803,리노
3804,플라이트
3807,세기의 매치
3812,프로메어
3814,팬데믹
3816,비밀정보원: 인 더 프리즌
3817,말임씨를 부탁해
3820,아무도 없는 곳
3822,바그다드 카페 : 디렉터스컷
3823,극장판 뛰뛰빵빵 구조대 미션: 둥둥이를 구하라!
3824,쏘우-여섯번의 기회
3825,추억의 검정고무신
3827,스틸워터
3828,미드 90
3829,완전 소중한 사랑
3830,난 그녀와 키스했다
3834,극장판 어드벤처 타임: 비밀의 아일랜드
3835,빌리 진 킹: 세기의 대결
3836,러브레이스
3838,60만번의 트라이
3839,나의 히어로 아카데미아 더 무비: 두 명의 히어로
3843,카메라를 멈추면 안 돼!
3844,보이저스
3845,시원찮은 그녀를 위한 육성방법 피날레
3847,파괴자들
3848,울지마 톤즈 2 : 슈크란 바바
3849,커플 테라피: 대화가 필요해
3850,더 킹: 헨리 5세
3851,극장판 가면라이더 이그제이드: 트루 엔딩
3852,라이프
3854,웨딩스캔들
3855,칠드런 오브 맨
3856,픽시
3858,엄마
3859,물의 기억
3860,디스커넥트
3861,B급 며느리
3862,스페이스 독 2
3865,사막에서 연어낚시
3866,지구공룡대탐험
3867,테이크다운
3868,립반윙클의 신부
3869,커터
3870,마릴린 먼로와 함께한 일주일
3871,트립 투 이탈리아
3872,플래닛 테러
3873,트루스
3874,한산 리덕스
3876,부니베어: 나무 도둑의 습격
3877,뱅드림! 필름 라이브
3879,애프터: 관계의 함정
3880,애프터 웨딩 인 뉴욕
3881,레토
3883,블라인드
3884,에코
3885,소녀
3887,부도리의 꿈
3888,슈퍼처방전
3890,상실의 시대
3891,어제 일은 모두 괜찮아
3892,토마스와 친구들 - 극장판 3
3893,누구에게나 찬란한
3895,프란치스코
3896,여행자
3898,슬립리스: 크리미널 나이트
3900,드라이브
3902,미스 스티븐스
3903,숏버스
3905,방울토마토
3906,프리! 더 파이널 스트로크 후편
3907,꼬마영웅 바비
3908,체리마호: 30살까지 동정이면 마법사가 될 수 있대
3910,섬. 사라진 사람들
3911,너에게 가는 길
3913,그 후
3914,드림빌더
3915,드래곤볼 슈퍼: 슈퍼 히어로
3917,아이 앰 히스 레저
3921,니얼굴
3922,비포 : 치즈와 초콜릿을 찾아서
3923,강철비2 : 정상회담 확장판
3924,아이들은 즐겁다
3925,동백
3926,무민 더 무비
3927,트와이스랜드
3929,신서유기 : 몽키킹의 부활
3930,스페이스 잼: 새로운 시대
3931,액슬
3932,택스 콜렉터
3935,은혼
3936,스페이스 치킨: 마법 부적의 비밀
3937,이디야와 얼음왕국의 전설
3939,프랑스여자
3941,하늘과 바다
3942,리그레션
3943,버스 657
3944,인카네이트
3945,초(민망한)능력자들
3946,본타: 땅콩왕국의 전설
3947,옐로우버드
3948,캡틴 하록
3949,오즈의 마법사 2
3950,당신자신과 당신의 것
3951,퍼펙트
3952,"불량소녀, 너를 응원해!"
3955,이별계약
3957,나는 나를 해고하지 않는다
3958,나라타주
3959,"괜찮아요, 미스터 브래드"
3961,로빈슨의 언더워터 어드벤처
3962,킹덤
3963,유랑지구
3964,돌멩이
3966,스톤
3967,미라클 프롬 헤븐
3968,이 멋진 세계에 축복을! 붉은 전설
3970,비틀스: 에잇 데이즈 어 위크 – 투어링 이어즈
3972,킨: 더 비기닝
3973,위험한 패밀리
3974,혼스
3975,더 터닝
3977,꼬마 보트 토토: 타요 타요 배 타요
3978,뚜르: 내 생애 최고의 49일
3979,태양을 쏴라
3981,빌리어네어 보이즈클럽
3982,터치
3983,밀리언 웨이즈
3984,유아 낫 유
3985,두레소리
3990,스윗 프랑세즈
3992,엘리아스: 바다의 보물을 찾아라!
3994,판타스틱 부니베어
3995,아인
3996,몬테크리스토: 더 뮤지컬 라이브
4000,어떤살인
4001,바보야
4002,100% 울프: 푸들이 될 순 없어
4005,룸 쉐어링
4007,호비와 쿠우의 어드벤처 : 고래의 노래
4008,길
4010,프렌즈: 둥지탈출
4011,프라이버시
4012,파이널 포트레이트
4015,컴온 컴온
4016,하늘이 보내준 딸
4017,잉투기
4018,프린스 챠밍
4019,비스트 앵콜 콘서트 3D
4020,명왕성
4021,잔나비 판타스틱 올드패션드 리턴즈! x 넌센스 Ⅱ
4022,토니스토리2: 고철왕국의 친구들
4023,주문은 토끼입니까?? ~디어 마이 시스터~
4024,몬스터 아카데미
4026,산타바바라
4027,800
4029,호비와 동화나라 대모험
4030,사마에게
4033,7년-그들이 없는 언론
4034,헤이트 발렌타인데이
4035,오드토머스
4036,바니부기: 드래곤 에그를 찾아서
4037,내 이야기!!
4038,아기곰 보보 구출 대작전
4039,가구야공주 이야기
4040,천룡팔부: 교봉전
4041,#아이엠히어
4042,마돈나
4043,북스마트
4045,소와 함께 여행하는 법
4047,빅 배드 폭스
4048,김군
4049,리스펙트
4051,광대: 소리꾼
4052,송가인 더 드라마
4053,리틀 폭스
4055,링스
4056,예전부터 계속 좋아했어 ~고백실행위원회~
4057,토마스와 친구들 - 극장판 2
4058,파티마의 기적
4059,초미의 관심사
4060,위 베어 베어스: 베이비 베어스
4061,오필리아
4063,베이트
4068,스파이 게임
4069,헤로니모
4070,십계: 구원의 길
4071,매직키드 보보
4072,호비와 매직 아일랜드
4073,사랑하고 사랑받고 차고 차이고
4074,마왕의 딸 이리샤
4075,극장판 살아남기 시리즈: 인체에서 살아남기
4076,더 웨이브
4077,아기돼지 3형제와 쿵푸랜드
4078,어바웃 리키
4079,로코왕국의 전설: 엘프킹을 찾아서
4080,키즈모노가타리 II : 열혈편
4081,극장판 샤이닝스타:새로운 루나퀸의 탄생!
4085,뱅드림! 로젤리아 에피소드 Ⅱ : 송 아이 엠
4086,웨스턴 리벤지
4088,밥정
4089,와일드 로즈
4091,마틴 에덴
4094,런던 블러바드
4098,라라와 움직이는 비밀의 숲
4100,브레이브 언더 파이어
4101,아메리칸 파이: 19금 동창회
4102,조
4103,빛나는 순간
4104,블랙핑크 더 무비
4105,극장판 요괴워치: 포에버 프렌즈
4106,볼츠와 블립
4107,더블패티
4108,극장판 날아라! 호빵맨 : 바나나섬을 되찾아줘
4109,배드 지니어스
4110,아스테릭스: 신들의 전당
4111,프로페서 앤 매드맨
4112,꼬마 유령
4113,아이 인 더 스카이
4114,쁘띠 마망
4116,스톤
4117,핑크퐁 시네마 콘서트 : 우주대탐험
4118,삽질
4119,워 위드 그랜파
4121,해수의 아이
4122,토마스와 친구들: 잃어버린 왕관
4123,몬스터 싱어: 매직 인 파리
4124,메리 미
4125,슈퍼 베어
4128,캡틴 샤키
4130,호비와 무지개 오아시스 대모험
4131,램
4132,런어웨이즈
4135,뷰티풀 라이
4138,크리드2
4139,이케아 옷장에서 시작된 특별난 여행
4140,"틱, 틱... 붐!"
4144,프렌드 존
4146,캡틴 판타스틱
4147,버진 스노우
4148,로즈
4151,하나와 미소시루
4153,십개월의 미래
4155,토이 가디언즈
4156,군산: 거위를 노래하다
4157,카센타
4158,돌핀보이
4160,극장판 엉덩이 탐정: 텐텐마을의 수수께끼
4162,나쁜놈은 죽는다
4163,"하늘을 나는 강아지, 비포와 친구들"
4164,데드폴
4167,빅 식
4168,빅풋 주니어2: 패밀리가 떴다
4170,콜로설
4171,돈 워리
4172,아픈 만큼 사랑한다
4177,피노키오의 모험
4179,시민 노무현
4183,아사코
4185,부활
4187,갬빗
4188,춘몽
4190,무수단
4191,커넥트
4192,리틀 보이
4195,터치 오브 라이트
4198,수영장으로 간 남자들
4199,마이 뉴욕 다이어리
4201,유니콘 원정대: 비밀의 다이어리
4203,라스트 홈
4204,개구리왕국 2
4205,하나와 앨리스: 살인사건
4206,양지의 그녀
4207,피는 물보다 진하다
4209,아티스트 봉만대
4211,아노말리사
4212,해피 어게인
4217,그레이시 스토리
4218,청춘적니
4219,벨파스트
4222,체크 히어로
4224,자객 섭은낭
4226,뷰티풀 보이
4227,보트
4228,호스트: 접속금지
4229,뜨거운 피: 디 오리지널
4230,프로즌 그라운드
4233,호비와 엄마나무섬의 비밀
4234,미어캣의 모험
4236,산이 울다
4237,헤이츠
4238,웨이 다운
4239,너와 사랑한 시간
4240,가나의 혼인잔치: 언약
4241,꼬마비행기 피티와 친구들:사막구출 대작전
4243,나이팅게일
4244,해길랍
4245,극장판 타오르지마 버스터-블랙어썰트의 귀환
4246,심야카페: 미씽 허니
4247,토니 에드만
4248,헤이지니&럭키강이 비밀의 문
4249,오직 사랑뿐
4250,버티고
4253,해피 홀리데이
4254,피치 퍼펙트
4255,오마주
4257,피막
4260,원피스 3D : 밀짚모자 체이스
4262,임을 위한 행진곡
4264,엔딩스 비기닝스
4265,베스트 오브 미
4269,황금시대
4271,토마스와 친구들: 그레이트 레이스
4272,나이트폴
4275,봄
4276,키코리키: 시간여행
4280,파닥파닥
4281,"귀향, 끝나지 않은 이야기"
4282,벤 이즈 백
4284,오피셜 시크릿
4285,슈퍼스타 뚜루
4286,돌아온다
4287,블랙버드
4289,도쿄 리벤저스
4291,퍼스널 쇼퍼
4293,언플랜드
4295,극장판 유루캠△
4296,언더 더 씨2
4297,더 레이디
4299,숀더쉽 더 무비: 꼬마 외계인 룰라!
4301,베네데타
4303,작가 미상
4304,프리! 더 파이널 스트로크 전편
4305,온리 유
4306,사랑은 타이핑 중!
4308,별의 정원
4309,"안녕, 전우치! 도술로봇대결전"
4310,나의 판타스틱 데뷔작
4311,용순
4312,사랑하고 있습니까
4313,아바타 정글의 비밀
4314,아이 씨 유
4316,할리데이
4318,세이빙 미스터 뱅크스
4319,킥 애스 2 : 겁없는 녀석들
4322,트윈스터즈
4323,라라걸
4324,몰리스 게임
4326,로스트 도터
4327,빅 2: 황금열쇠 대소동
4328,킹 오브 프리즘 올 스타즈 -프리즘 쇼☆베스트10-
4331,아스테릭스: 마법 물약의 비밀
4332,서버비콘
4333,가재가 노래하는 곳
4334,사다코 2
4335,서유기 리턴즈
4336,시선
4337,리플레이
4338,럼 다이어리
4339,메이드 인 이태리
4340,티탄
4341,베르테르
4343,레고:클러치파워의 모험
4345,미혹
4346,옷코는 초등학생 사장님!
4348,브로큰 시티
4349,페어웰
4350,시인의 사랑
4352,호두까기 인형: 장난감 왕국 대모험
4354,슈퍼 햄찌
4356,더 보이스
4358,미스터 라잇
4360,동쪽의 에덴 극장판 ① 더 킹오브 에덴
4361,세인트 아가타
4362,혼자 사는 사람들
4364,아직 끝나지 않았다
4365,레미제라블: 뮤지컬 콘서트
4366,소나기
4368,레옹 디 오리지널
4370,뱅드림! 팝핀' 드림!
4372,너는 달밤에 빛나고
4374,업 포 러브
4378,불도저에 탄 소녀
4379,파워 오브 도그
4383,제로 포커스
4387,피터팬: 후크 선장과 결투의 날
4389,걸리버 리턴즈
4390,시크릿 가든
4391,도성풍운 3
4392,특수요원 빼꼼
4393,더 레이서
4394,타투
4396,맨데이트: 신이 주신 임무
4398,성덕
4399,피닉스
4403,쿵푸 요가
4404,낫아웃
4409,랜드 오브 마인
4414,바이올렛 에버가든 – 영원과 자동 수기 인형 -
4415,리틀 맨하탄
4416,엘프
4417,마티아스와 막심
4418,라스트 레터
4420,내 친구 정일우
4422,케이크메이커
4423,나이트 헌터
4428,피쉬와 칩스 극장판
4429,현기증
4431,겁쟁이 페달: 더 무비
4434,부릉! 부릉! 브루미즈: 스피더의 모험 일기
4437,하늘의 푸르름을 아는 사람이여
4438,장민호 드라마 최종회
4439,출동! 도토리 구조대
4442,썸니아
4443,범죄소년
4444,검은손
4446,"러브, 어게인"
4447,피그
4449,트립 투 스페인
4450,나는보리
4452,디시에르토
4453,그레텔과 헨젤
4454,주키퍼스 와이프
4455,최종병기 활 감독확장판
4458,핫 썸머 나이츠
4459,더 게스트
4461,멜리스
4462,슈퍼히어로
4463,실종
4465,오 루시!
4466,토르: 마법 검의 전설
4468,황제펭귄 펭이와 솜이
4469,타이치0 3D
4470,걸후드
4473,살인마 잭의 집
4474,더 컨트랙터
4475,출동! 소방관 샘: 외계인 대소동
4478,수상한 이웃
4481,키즈모노가타리 III : 냉혈편
4482,좋은 사람
4483,팬텀: 더 뮤지컬 라이브
4486,스피릿
4488,라스트 풀 메저
4489,나루토 질풍전 극장판 4 - 더 로스트 타워
4491,공동정범
4493,마일스
4494,극장판 메이저 : 우정의 강속구
4495,닐스의 모험
4496,몽키킹2: 서유기 여정의 시작
4497,라우더 댄 밤즈
4498,와즈다
4499,익스트림 No.13
4500,스파이의 아내
4501,토이 솔져스: 가짜사나이2 더 컴플리트
4502,오! 마이 고스트
4505,1984 최동원
4508,오션스: 문어구출대작전
4511,나를 만나는 길
4513,바티칸 뮤지엄
4516,스파이즈
4517,꼬마 물고기 이자벨: 바다 대모험
4518,화이트데이: 부서진 결계
4520,엔드 오브 왓치
4522,모어
4523,디어 마이 프렌드
4524,손오공: 돌원숭이의 탄생
4529,토이무비: 미래대모험
4530,써드 퍼슨 - 감독판
4535,녹턴
4536,나의 살던 고향은
4537,파워캐치 완다: 버그본의 지구 습격
4538,루팡 3세: 더 퍼스트
4540,이웃집 스타
4541,라이크 크레이지
4545,잔칫날
4546,일곱 개의 대죄 : 천공의 포로
4547,더 미드와이프
4548,택시 5
4549,미스터 존스
4551,시크릿 슈퍼스타
4555,제 7기사단
4557,극장판 빰바라빤쮸: 바나나 왕국의 비밀
4558,쓰리 세컨즈
4559,영웅본색4
4560,파라노만
4561,살아남은 아이
4563,"사랑해, 매기"
4564,정말 먼 곳
4565,비뚤어진 집
4567,해피타임 스파이
4568,내 남자의 순이
4570,슈퍼레이서 엔지
4571,5.18 힌츠페터 스토리
4573,퍼스트 리폼드
4574,소설가의 영화
4575,아키라
4576,백투더 씨
4580,유아 넥스트
4584,어 퍼펙트 데이
4586,우주로봇 씨어
4587,멘
4588,워터 릴리스
4589,마이 쎄시 걸
4590,세일즈맨
4595,해피 버스데이
4596,한창나이 선녀님
4598,타다: 대한민국 스타트업의 초상
4602,빅토리아 & 압둘
4604,폴라로이드
4606,레 미제라블
4607,최선의 삶
4608,당신에게도 사랑이 다시 찾아올까요?
4610,토마스와 친구들: 우정의 대모험
4614,어쩌다 룸메이트
4615,도망친 여자
4617,킬링 카인드: 킬러의 수제자
4618,킹 리차드
4619,"아이, 토냐"
4621,너와 파도를 탈 수 있다면
4622,수상한 교수
4623,귀멸의 칼날: 장구저택 편
4624,소년 아메드
4626,"아무튼, 아담"
4627,난폭한 기록
4629,일대일
4631,드래프트 데이
4635,오버 더 펜스
4636,나비잠
4640,캔 유 킵 어 시크릿?
4641,빛과 철
4643,배드 사마리안
4644,안티고네
4646,신문기자
4647,사랑은 비가 갠 뒤처럼
4648,극장판 시그널
4649,눈발
4662,고양이 여행 리포트
4664,집 이야기
4666,북간도의 십자가
4668,정글북
4669,어바웃 레이
4671,캐릭터
4672,바다의 노래: 벤과 셀키요정의 비밀
4674,풀타임
4677,아이언 자이언트
4678,남색대문
4680,재스퍼
4682,미시즈 해리스 파리에 가다
4683,콰이어트 원
4685,오만과 편견 그리고 좀비
4686,마신자 - 빨간 옷 소녀의 저주
4689,라플라스의 마녀
4691,프랑스
4692,내 이름은 꾸제트
4693,"좋은 빛, 좋은 공기"
4694,말괄량이 마녀 로비와 숲 속 친구들
4701,두 번째 스물
4702,영웅: 천하의 시작
4704,위선자들
4705,잃어버린 얼굴 1895
4706,킬 미 달링
4707,악셀
4708,부니베어: 브램블의 신비한 모험
4709,슈퍼노바
4710,"제자도 - 제자,옥한흠2"
4711,콜렉션
4713,69세
4714,꼬마 자전거 스피디
4715,아틱
4716,드래곤 프린세스
4718,마이 리틀 포니: 레인보우 로드 트립
4722,드림팀
4723,한 번도 안 해본 여자
4724,갱
4725,테스와 보낸 여름
4726,라스트 엑소시즘: 잠들지 않는 영혼
4727,클레어의 카메라
4728,매스
4729,로보싸커
4730,우먼 인 블랙: 죽음의 천사
4732,발명왕 볼트
4734,극장판 프리즘스톤 올스타 셀렉션
4735,패러렐 마더스
4736,메이크 유어 무브
4737,러브 인 비즈니스클래스
4738,아기 거북 토토의 바다 대모험
4740,그림자꽃
4742,썸머 85
4743,어폴로지
4744,매직 스쿨: 초보마법사 아우라의 대모험
4745,9명의 번역가
4746,쿵푸 보이
4750,리지
4754,사랑과 음악사이
4755,드래곤 기사단
4756,요가학원 : 죽음의 쿤달리니
4757,러빙
4758,타인의 친절
4761,보리 vs 매켄로
4766,슈퍼 레이스
4768,아마겟돈 타임
4769,새벽을 알리는 루의 노래
4775,잇 컴스 앳 나잇
4777,부니베어: 원시시대 대모험
4778,중독노래방
4779,씨 피버
4780,연애의 기술
4781,뷰티플 마인드
4782,내 친한 친구의 아침식사
4784,극장판 오소마츠 6쌍둥이
4785,경아의 딸
4786,쿠폰의 여왕
4788,앨리스: 원더랜드에서 온 소년
4791,유다 그리고 블랙 메시아
4798,투 이즈 어 패밀리
4801,엘리펀트킹 덤보
4803,세인트 주디
4806,애프터 미투
4808,초한지: 영웅의 부활
4810,나의 엔젤
4811,극장판 마이 리틀 포니 : 이퀘스트리아 걸스
4813,마차 타고 고래고래
4814,아워 바디
4815,완벽한 가족
4817,호랑이보다 무서운 겨울손님
4818,트로이 디렉터스 컷
4821,마더 데레사의 편지
4824,블리드 포 디스
4825,프라미싱 영 우먼
4828,지저귀는 새는 날지 않는다
4829,용을 찾아서
4833,모스트 바이어런트
4834,엄마의 공책
4839,쓰리: 아직 끝나지 않았다
4842,오기와 악동들 더 무비
4843,똑딱똑딱 마법의 시계나라
4844,스트레스 제로
4845,바나나쏭의 기적
4847,에스코바르
4856,내일의 안녕
4858,하이큐!! 또 다른 도전
4860,피아니스트의 마지막 인터뷰
4862,괴짜들의 로맨스
4864,토끼와 리저드
4865,날아라! 호빵맨 극장판: 구하라! 코코링과 기적의 별
4867,극장판 파워레인저 캡틴포스: 지구를 위한 싸움
4868,극장판 파워레인저 갤럭시포스 VS 스페이스 스쿼드
4869,시간을 꿈꾸는 소녀
4875,고스트 스토리
4878,동키 킹
4884,"파리, 13구"
4885,귀담백경
4886,엑시덴탈 러브
4887,첫눈이 사라졌다
4888,타임 투게더
4889,마라
4891,신밧드 더 무비
4894,슬리핑 위드 아더 피플
4896,홈
4897,바커스: 고양이를 조심해!
4899,나홀로 휴가
4901,닌자보이 란타로 극장판 : 시끌벅적 방학숙제 대소동
4902,유다의 사자 : 부활절 대모험
4904,두갈: 마법의 회전목마
4905,애플
4908,더 리치
4909,크레센도
4912,낮잠 공주 : 모르는 나의 이야기
4913,28세 미성년
4914,딥워터
4915,제3의 사랑
4918,백트랙
4919,비밀의 정원
4920,작은 소망
4921,팜 스프링스
4927,유리의 꽃과 부수는 세계
4929,원스 어폰 어 타임 인 베니스
4932,마이 미씽 발렌타인
4935,콜럼버스
4937,파이터
4938,같은 속옷을 입는 두 여자
4940,빌리 홀리데이
4942,꼬마기사 트랭크
4945,데스 위시
4946,찰스 디킨스의 비밀 서재
4948,둠둠
4952,마녀
4954,무서운 꿈
4955,세버그
4956,쥬랜더 리턴즈
4957,생 로랑
4958,올 아이즈 온 미
4960,인어가 잠든 집
4963,라자르 선생님
4965,로렐
4967,투건스
4968,극장판 뚝딱뚝딱 밥아저씨: 메가 머신의 역습
4970,청춘의 증언
4973,북 오브 러브
4976,최악의 이웃과 사랑에 빠지는 방법
4979,더 기프트
4980,다이노소어 아일랜드
4981,좀비스쿨
4987,패트와 매트: 우당탕탕 크리스마스
4990,페이머스 파이브 : 키린섬의 비밀
4992,맨 오브 마스크
4994,물숨
4995,코멧
4997,붕붕 달려라 깜이
4998,마리오네트
4999,놈이 우리 안에 있다
5001,고스트 오브 워
5002,던전에서 만남을 추구하면 안 되는 걸까? –오리온의 화살–
5003,이누야시키 : 히어로 VS 빌런
5004,언덕길의 아폴론
5005,나는 행복합니다
5006,문맨
5007,애프터: 에버 해피
5009,더 렌탈 : 소리없는 감시자
5010,올드보이
5013,풀잎들
5014,노웨어 스페셜
5017,"사랑하고 사랑받고, 차고 차이고"
5026,패트와 매트: 뚝딱뚝딱 대소동
5029,베스와 베라
5030,꾸루꾸루와 친구들: 무지개 나무의 비밀
5032,링: 더 라스트 챕터
5036,위대한 임무
5037,문신을 한 신부님
5038,종이꽃
5040,신을 믿습니까?
5041,엘라 벨라 빙고: 친구 찾기 대작전
5042,올드마린보이
5044,뷰티풀 데이즈
5047,돼지 같은 여자
5049,SX 테잎
5050,신과 나: 100일간의 거래
5051,에펠
5053,블라이스 스피릿
5055,창밖은 겨울
5056,그녀가 사라졌다
5057,버니드롭
5060,매리
5064,라이더스 오브 저스티스
5065,크리피: 일가족 연쇄 실종 사건
5069,리슨
5070,미드나이트 스카이
5071,신 고질라
5072,씨 오브 트리스
5075,레이디 수잔
5077,만인의 연인
5078,어른도감
5079,앱솔루틀리 애니씽
5080,다크 앤드 위키드
5081,레벤느망
5089,뉴니스
5103,헝거
5108,휴가
5109,남과 여: 여전히 찬란한
5111,에브리바디 원츠 썸!!
5116,파커
5117,고스트 헌터: 얼음 몬스터의 부활
5118,파힘
5119,홈리스
5123,투캅스 인 파리
5125,명량: 회오리 바다를 향하여
5126,연인과 독재자
5129,세이레
5131,페니 핀처
5139,마가렛트 여사의 숨길 수 없는 비밀
5140,인필트레이터 : 잠입자들
5144,파이어스톰
5149,고양이들의 아파트
5151,매직아치
5155,당신은 믿지 않겠지만
5156,복지식당
5158,환절기
5159,사보타지
5163,좋아하게 되는 그 순간을 ~고백실행위원회~
5164,비포 : 불가사의한 피라미드
5167,"카페, 한 사람을 기다리다"
5169,베를린 신드롬
5170,아디오스
5171,미스터 홈즈
5172,기적의 피아노
5177,웬디
5178,틴 스피릿
5180,후겟츠 웨슬리
5181,학교괴담 : 저주의 언령
5183,세상의 모든 디저트: 러브 사라
5190,클랜
5192,앙리 앙리
5193,"내 어깨 위 고양이, 밥 2"
5195,"사랑, 스무살"
5198,드래곤 네스트: 평화 기사단 VS 블랙 드래곤
5199,봉신연의: 영웅의 귀환
5203,드라이
5204,"우리, 둘"
5206,스파이 캣
5209,극장판 페이트/그랜드 오더 신성원탁영역 카멜롯 완더링; 아가트람
5210,챔피언 프로그램
5214,상견니 대만판 12화
5215,아이의 노랫소리를 들려줘
5216,더 파크랜드
5217,클라이밍
5220,극장판 가면라이더: 세이버X젠카이저 슈퍼히어로 전기
5221,코알라
5226,체브라시카
5230,엄마의 땅: 그리샤와 숲의 주인
5235,썬더버드
5236,극장판 토미카 하이퍼레스큐 드라이브헤드
5237,커피 오어 티
5238,"다시, 벚꽃"
5240,인트로덕션
5241,더 노비스
5242,빨간머리 앤 : 네버엔딩스토리
5244,당신의 사월
5246,리디밍 러브
5251,굿 보스
5255,엠파이어 스테이트
5259,그리고 우린 춤을 추었다
5260,리턴 투 센더
5261,시크릿 레터
5263,플래시백
5277,"조금씩, 천천히 안녕"
5279,호야와 토리: 드래곤 숲의 비밀
5281,블랙딜
5284,다운 어 다크 홀
5285,벨 칸토
5286,윈체스터
5288,해적왕 작스톰
5290,톰과 제리 아카데미 가다
5295,아이스
5296,액션히어로
5297,극장판 울려라! 유포니엄
5299,도어맨
5300,한낮의 유성
5301,암모나이트
5303,엔테베 작전
5308,탑
5310,마음이 외치고 싶어해
5312,몬스터 랜드
5316,블러드 타이즈
5318,뷰티풀 프래니
5321,죽어도 자이언츠
5329,비포 : 하늘을 나는 강아지의 모험
5331,기예르모 델토로의 피노키오
5332,루키스
5336,차일드 인 타임
5343,나이스 걸 라이크 유
5344,극장판 천재 추리 탐정 셜록홈즈
5346,이태석
5352,행동하는 양심 김대중
5357,헨리스 크라임
5360,극장판 마법소녀 마도카 마기카(신편): 반역의 이야기
5361,극장판 금빛 모자이크 땡큐!!
5364,아버지와 이토씨
5369,셀
5370,거래완료
5372,미스 프레지던트
5375,킬링시즌
5377,서유기 : 모험의 시작
5378,아티스트: 다시 태어나다
5388,新극장판 이니셜D: 레전드3 -몽현-
5391,송해 1927
5392,부력
5393,시인 할매
5394,이공삼칠
5396,극장판 울트라맨 우주 몬스터 대결전
5399,야관문: 욕망의 꽃
5403,스퀴시랜드
5406,코스믹 씬
5408,다이노 마이 프렌드
5410,온다
5412,극장판 요술공주 밍키: 꿈 속의 윤무
5413,에움길
5414,그들이 진심으로 엮을 때
5417,나소흑전기: 첫만남편
5423,구세주: 리턴즈
5425,1942: 언노운 배틀
5428,브레이브 래빗 : 새로운 영웅의 탄생
5432,어웨이크
5433,해변의 에트랑제
5434,커피 메이트
5442,빛나는
5445,당신얼굴 앞에서
5446,극장판 페어리 테일: 드래곤 크라이
5451,더 로프트 : 비밀의 방
5457,"그 여름, 가장 차가웠던"
5460,극장판 시로바코
5463,스페이스 독 3: 트로피컬 어드벤처
5464,서산개척단
5466,드래곤 포스 극장판
5468,열두 번째 용의자
5474,애니멀 체인지
5475,피넛 버터 팔콘
5480,공포분자
5483,에이브의 쿠킹 다이어리
5486,메이드 인 루프탑
5488,젊은이의 양지
5493,고릴라와 슈퍼레이스
5495,돌아와요 부산항애(愛)
5496,커튼콜
5505,비독: 파리의 황제
5510,장강7호 : 내친구 마법요정
5511,울트라맨 사가
5513,매미소리
5515,암살교실
5518,미스터 빌리:하일랜드의 수호자
5521,라이즈 오브 더 레전드: 황비홍
5522,운동회
5524,프렌즈 : 하얀 거짓말
5527,후쿠오카
5530,빌로우 허
5531,미친 능력
5534,라라와 크리스마스 요정
5535,사랑이 뭘까
5547,시간의 끝에서 널 기다려
5552,더 체이스
5555,사일런싱
5562,미안하다 독도야
5570,시빌
5571,에브리타임 아이 다이
5572,설행_눈길을 걷다
5574,우리를 침범하는 것들
5580,나쁜 녀석들
5581,양치기들
5583,극장판 마이 리틀 포니: 새로운 희망
5585,체인징사이드: 부부탐구생활
5587,5 투 7
5591,파라다이스 하이웨이
5592,노아의 방주 2: 새로운 세계로
5594,이장
5595,엔젤 오브 마인
5598,걸
5599,불량한 가족
5602,저니스 엔드
5608,쇠파리
5609,헬로 몽키
5610,지니어스 독
5611,그녀가 말했다
5614,카운터스
5615,나이트메어 시네마
5616,리벤지
5618,은하철도의 꿈
5621,슈퍼문
5624,봉쇄수도원 카르투시오
5626,더 퍼지: 포에버
5629,B컷
5633,블리딩 스틸
5634,요나요나 펭귄
5635,문빔베어: 달을 사랑한 작은 곰
5636,여타짜
5637,디지몬 어드벤처 : 라스트 에볼루션 인연
5640,캅샵: 미친놈들의 전쟁
5642,트롤 킹
5644,후로티로봇 극장판
5647,로그 인 벨지움
5651,호라이즌 라인
5652,팔로우 미
5653,금빛 모자이크 프리티 데이즈
5658,모추어리 컬렉션
5661,위스키 탱고 폭스트롯
5662,해적왕의 황금나침반
5665,라이엇 클럽
5666,푸른 호수
5669,럭키 몬스터
5672,나를 죽여줘
5675,국카스텐 콘서트 실황 : 해프닝
5680,아-하: 테이크 온 미
5681,프로디지
5683,슈팅걸스
5684,극장판 기븐
5687,트라이앵글
5689,트라이앵글
5692,화이트 노이즈
5693,킹덤2: 아득한 대지로
5697,아이를 위한 아이
5698,너는 착한 아이
5704,블랙 쉐도우
5705,미스 유 올레디
5709,아무도 없다
5710,튼튼이의 모험
5713,세상끝의 사랑
5717,내일도 우린 사랑하고 있을까
5719,세계일주
5720,그녀는 거짓말을 너무 사랑해
5725,브라더 오브 더 이어
5729,내가 날 부를 때
5732,트라이얼 오브 더 시카고 7
5735,나만이 없는 거리
5736,사랑 후의 두 여자
5737,온리 갓 포기브스
5739,걸즈 앤 판처 최종장 제1화
5742,미스
5747,에베레스트
5750,15소년 표류기: 해적섬을 탈출하라
5751,낮과 달
5754,고 피쉬!
5756,베이비티스
5760,인투 더 미러
5761,안녕까지 30분
5763,더 바
5764,더 하더 데이 폴
5768,미인어
5769,미스터 보스
5773,담쟁이
5778,리틀드래곤 코코넛2: 정글대탐험
5779,왕을 참하라
5781,카고
5785,화씨 11/9: 트럼프의 시대
5795,프록시마 프로젝트
5797,다시 만난 날들
5798,수부라 게이트
5799,와일드 시티
5800,드래곤 빌리지
5803,레미: 집 없는 아이
5805,와일드 마운틴 타임
5810,부에나 비스타 소셜 클럽 2: 아디오스
5813,부산행:익스텐디드
5814,알리바이 닷 컴
5816,페뷸러스
5818,"구름의 저편, 약속의 장소"
5831,디스트로이어
5832,매지컬: 공주를 웃겨라
5834,누군가 어디에서 나를 기다리면 좋겠다
5846,맹크
5855,노크 노크
5859,로그
5863,베러 와치 아웃
5868,해시태그 시그네
5870,옆집사람
5882,파로호
5883,쁘떼뜨
5886,원피스 : 에피소드 오브 메리 ~ 또 하나의 동료 이야기 ~
5892,퍼스트 러브
5900,첫번째 아이
5901,레이스
5902,언프리티 소셜 스타
5907,부니베어: 애들이 줄었어요
5914,사랑해! 진영아
5917,식구
5921,내가 처음으로 사랑한 소녀
5926,워스
5927,이니시에이션 러브
5929,청춘학당 : 풍기문란 보쌈 야사
5932,용길이네 곱창집
5935,맨헌트
5944,미스터 하이네켄
5952,신비아파트 뮤지컬 시즌3 : 뱀파이어왕의 비밀
5954,해피 디 데이
5957,퍼미션
5960,데스티네이션 웨딩
5961,적도
5964,소피의 세계
5966,지옥의 묵시록 파이널 컷
5972,은하철도 999 - 극장판
5973,나의 서른에게
5974,힐빌리의 노래
5980,큰엄마의 미친봉고
5987,래미의 초특급 시간여행
5989,들리나요?
5999,퍼펙트 스트레인저
6004,어서오시게스트하우스
6007,빛의 아버지: 파이널 판타지 XIV
6010,스노우 화이트
6011,더 시크릿
6013,카메론 포스트의 잘못된 교육
6020,마샤와 곰: 최고 중에 최고
6024,비커밍 아스트리드
6040,유어 러브 송
6043,헌티드 파크
6046,홈프론트-가족을 지켜라
6049,너의 여자친구
6058,인헤리턴스
6061,"무현, 두 도시 이야기 : 파이널 컷"
6062,니나 내나
6063,몬몬몬 몬스터
6074,유어 아이즈 텔
6076,꼬마 마법사 레미: 견습 마법사를 찾아서
6078,질투의 역사
6083,투 러버스 앤 베어
6090,엑설런트 어드벤쳐 3
6092,더 펜션
6093,비바
6097,호프
6098,낮에는 덥고 밤에는 춥고
6099,비행
6102,쇼크 웨이브 2
6104,시라이
6112,노엘의 선물
6117,맛있는 녀석들
6120,"그 남자, 좋은 간호사"
6130,모리의 정원
6135,킬 스위치
6139,튜브펫주식회사
6142,스웨그
6143,큐브
6144,약속의 네버랜드
6149,무명인
6156,아수라도
6177,실: 인연의 시작
6178,더 그레이트 샤크
6181,와일드 카드
6188,가을 우체국
6190,샘
6203,이 안에 외계인이 있다
6210,철의 심장을 가진 남자
6212,브라더
6221,리벤져
6223,4월은 너의 거짓말
6225,샷 콜러
6226,완벽한 축사를 준비하는 방법
6241,태양의 소녀들
6244,나인스 라이프
6249,공수도
6254,패닉 런
6258,나와 봄날의 약속
6264,더 원 아이 러브
6279,라라의 신비한 모험
6286,재키 앤 라이언
6288,레벨 16
6291,윤시내가 사라졌다
6299,썰
6306,기동전사 건담 디 오리진Ⅵ: 탄생 붉은 혜성
6320,바쿠만
6329,옹알스
6336,쇼콜라
6338,십계
6342,블랙아웃 : 인베이젼 어스
6344,리암 갤러거
6348,산타 앤 컴퍼니
6350,도미노
6352,괴물들
6353,상견니 대만판 13화
6362,리틀 뱀파이어
6365,사랑이 눈뜰 때
6367,트웬티 해커
6369,속물들
6381,더 요트
6397,광주비디오: 사라진 4시간
6404,나이트 레이더스
6422,고양이와 할아버지
6429,마법안개의 비밀: 황금 보물선을 찾아라
6432,악몽
6437,프리키 데스데이 순한맛
6449,꺼져버려 종양군
6451,옥스포드 살인사건
6454,우키시마호
6456,캐리비안 해적과 마법 다이아몬드
6461,인퍼머스
6465,열혈형사
6484,숏버스 이별행
6499,그리드
6502,호박과 마요네즈
6503,제이티 르로이
6508,별나라 몰리 몬스터
6527,아기와 나
6542,나를 구하지 마세요
6547,그 누구도 아닌
6565,얼론
6566,나만 보이니
6568,마터스
6570,피원에이치 : 새로운 세계의 시작
6573,버든: 세상을 바꾸는 힘
6577,라이어트: 기계들의 역습
6601,나인스 게이트: 아홉 번째 살인
6605,핀란드 메탈밴드
6607,보이콰이어
6610,펭귄-위대한 모험 2
6611,첫키스만 50번째
6617,반딧불이 딘딘과 용감한 곤충 탐험대
6621,실크 로드
6624,모든 것을 벗어던진 특별한 여행
6625,치어 댄스
6641,뷰티풀 보이스
6646,도리안 그레이
6657,시칠리아 햇빛아래
6681,강남좀비
6683,에덴 : 동물원 사수 대작전
6700,크리미널 게임: 보석 사기단
6702,브레이븐
6707,인피니티 포스 : 독수리오형제 최후의 심판
6711,뮤지엄
6712,졸트
6715,극장판 시티헌터: 신주쿠 프라이빗 아이즈
6719,헬 페스트
6720,초이스
6721,파라다이스 힐스
6723,기도의 힘
6734,그리스도 디 오리진
6742,태백권
6751,습도 다소 높음
6780,땡큐 포 유어 서비스
6793,행복의 단추를 채우는 완벽한 방법
6832,핸즈 오브 스톤
6835,프린세스 에미: 마법 책의 비밀
6844,우리는 썰매를 탄다
6847,행맨
6874,개에게 처음 이름을 지어준 날
6876,위시업
6916,키퍼스
6947,모놀리스
6962,가슴이 떨리는 건 너 때문
6963,바디 브로커
6967,토막살인범의 고백
6983,네 멋대로 해라: 장 뤽 고다르
7000,오버드라이브
7002,히든
7021,포제서
7027,에스엠타운 라이브인도쿄스페셜에디션3D
7075,리볼버
7096,코드네임 : 콜드워
7098,전야
7107,분노의 추격자
7125,맘&대드
7151,싸커 퀸즈
7156,토토리! 우리 둘만의 여름
7176,루팡 3세: 칼리오스트로의 성
7190,스푸트닉
7198,충격과 공포
7221,우리집 똥멍청이
7240,푸드 몬스터
7241,아이 빌리브
7252,블랙 사이트
7256,정브르의 동물일기
7278,스카이와 친구들: 로보시티의 비밀
7307,코드 8
7309,그날이 온다
7314,아웃사이더
7323,레이징 파이어
7359,예티: 신비한 동물 탐험대
7362,하이 스트렁
7373,어트랙션
7377,섀도우 클라우드
7391,엠티맨
7400,그녀의 비밀정원
7451,어쩌다 아스널
7513,앙상블
7531,퍼펙트 스틸
7558,신 테니스의 왕자 효테이 vs 릿카이 : 게임 오브 퓨처 전편
7621,죽을 때까지
7676,체이싱
