,0,1,2,3,4,5,6
0,0,어벤져스: 에이지 오브 울트론,https://movie.naver.com/movie/bi/mi/basic.nhn?code=98438,https://ssl.pstatic.net/imgmovie/mdi/mit110/0984/98438_P26_100556.jpg,['조스 웨던'],"['로버트 다우니 주니어', '크리스 헴스워스', '마크 러팔로', '크리스 에반스', '스칼릿 조핸슨', '제레미 레너', '돈 치들', '제임스 스페이더', '사무엘 L. 잭슨']",8.32
1,1,아바타: 물의 길,https://movie.naver.com/movie/bi/mi/basic.nhn?code=74977,https://ssl.pstatic.net/imgmovie/mdi/mit110/0749/74977_P61_170924.jpg,['제임스 카메론'],"['시고니 위버', '스티븐 랭', '조 샐다나', '샘 워싱턴', '우나 채플린', '케이트 윈슬렛', '지오바니 리비시']",8.65
2,2,기생충,https://movie.naver.com/movie/bi/mi/basic.nhn?code=161967,https://ssl.pstatic.net/imgmovie/mdi/mit110/1619/161967_P80_151640.jpg,['봉준호'],"['송강호', '이선균', '조여정', '최우식', '박소담', '이정은', '장혜진']",8.49
3,3,겨울왕국,https://movie.naver.com/movie/bi/mi/basic.nhn?code=100931,https://ssl.pstatic.net/imgmovie/mdi/mit110/1009/100931_P98_151621.jpg,"['크리스 벅', '제니퍼 리']","['크리스틴 벨', '이디나 멘젤']",9.13
4,4,인터스텔라,https://movie.naver.com/movie/bi/mi/basic.nhn?code=45290,https://ssl.pstatic.net/imgmovie/mdi/mit110/0452/45290_P59_104735.jpg,['크리스토퍼 놀란'],"['매튜 맥커너히', '앤 해서웨이', '마이클 케인', '제시카 차스테인']",9.11
5,5,보헤미안 랩소디,https://movie.naver.com/movie/bi/mi/basic.nhn?code=156464,https://ssl.pstatic.net/imgmovie/mdi/mit110/1564/156464_P49_182103.jpg,['브라이언 싱어'],"['라미 말렉', '조셉 마젤로', '루시 보인턴', '벤 하디', '귈림 리']",9.42
6,6,검사외전,https://movie.naver.com/movie/bi/mi/basic.nhn?code=130903,https://ssl.pstatic.net/imgmovie/mdi/mit110/1309/130903_P29_133940.jpg,['이일형'],"['황정민', '강동원']",7.94
7,7,엑시트,https://movie.naver.com/movie/bi/mi/basic.nhn?code=174903,https://ssl.pstatic.net/imgmovie/mdi/mit110/1749/174903_P56_101925.jpg,['이상근'],"['조정석', '윤아']",8.31
8,8,관상,https://movie.naver.com/movie/bi/mi/basic.nhn?code=93728,https://ssl.pstatic.net/imgmovie/mdi/mit110/0937/93728_P30_160517.jpg,['한재림'],"['송강호', '이정재', '백윤식', '조정석', '이종석', '김혜수']",8.02
9,9,아이언맨 3,https://movie.naver.com/movie/bi/mi/basic.nhn?code=70254,https://ssl.pstatic.net/imgmovie/mdi/mit110/0702/70254_P35_153229.jpg,['셰인 블랙'],"['로버트 다우니 주니어', '기네스 팰트로', '벤 킹슬리', '돈 치들', '가이 피어스', '레베카 홀']",8.86
10,10,설국열차,https://movie.naver.com/movie/bi/mi/basic.nhn?code=62328,https://ssl.pstatic.net/imgmovie/mdi/mit110/0623/62328_P30_110120.jpg,['봉준호'],"['크리스 에반스', '송강호', '에드 해리스', '존 허트', '틸다 스윈튼', '제이미 벨', '옥타비아 스펜서', '이완 브렘너', '알리슨 필', '고아성']",7.98
11,11,캡틴 아메리카: 시빌 워,https://movie.naver.com/movie/bi/mi/basic.nhn?code=122527,https://ssl.pstatic.net/imgmovie/mdi/mit110/1225/122527_P18_114355.jpg,"['앤서니 루소', '조 루소']","['로버트 다우니 주니어', '크리스 에반스', '스칼릿 조핸슨']",8.67
12,12,수상한 그녀,https://movie.naver.com/movie/bi/mi/basic.nhn?code=107924,https://ssl.pstatic.net/imgmovie/mdi/mit110/1079/107924_P51_110532.jpg,['황동혁'],"['심은경', '나문희', '박인환', '성동일', '이진욱']",9.01
13,13,해적: 바다로 간 산적,https://movie.naver.com/movie/bi/mi/basic.nhn?code=102817,https://ssl.pstatic.net/imgmovie/mdi/mit110/1028/102817_P23_104252.jpg,['이석훈'],"['김남길', '손예진']",8.28
14,14,국가대표,https://movie.naver.com/movie/bi/mi/basic.nhn?code=47385,https://ssl.pstatic.net/imgmovie/mdi/mit110/0473/47385_P00_185924.jpg,['김용화'],"['하정우', '성동일', '김지석', '김동욱', '최재환', '이재응', '이은성']",9.13
15,15,백두산,https://movie.naver.com/movie/bi/mi/basic.nhn?code=187940,https://ssl.pstatic.net/imgmovie/mdi/mit110/1879/187940_P47_164605.jpg,"['이해준', '김병서']","['이병헌', '하정우', '마동석', '전혜진', '수지']",5.74
16,16,과속스캔들,https://movie.naver.com/movie/bi/mi/basic.nhn?code=51143,https://ssl.pstatic.net/imgmovie/mdi/mit110/0511/E1143-00.jpg,['강형철'],"['차태현', '박보영', '왕석현']",9.20
17,17,탑건: 매버릭,https://movie.naver.com/movie/bi/mi/basic.nhn?code=81888,https://ssl.pstatic.net/imgmovie/mdi/mit110/0818/81888_P12_163834.jpg,['조셉 코신스키'],"['톰 크루즈', '제니퍼 코넬리', '마일즈 텔러']",9.76
18,18,스파이더맨: 파 프롬 홈,https://movie.naver.com/movie/bi/mi/basic.nhn?code=173123,https://ssl.pstatic.net/imgmovie/mdi/mit110/1731/173123_P06_135928.jpg,['존 왓츠'],"['톰 홀랜드', '사무엘 L. 잭슨', '젠데이아 콜먼']",8.33
19,19,공조,https://movie.naver.com/movie/bi/mi/basic.nhn?code=142384,https://ssl.pstatic.net/imgmovie/mdi/mit110/1423/142384_P105_134336.jpg,['김성훈'],"['현빈', '유해진', '김주혁']",8.26
20,20,트랜스포머 3,https://movie.naver.com/movie/bi/mi/basic.nhn?code=70241,https://ssl.pstatic.net/imgmovie/mdi/mit110/0702/70241_P00_184535.jpg,['마이클 베이'],"['샤이아 라보프', '로지 헌팅턴 휘틀리', '조쉬 더하멜', '휴고 위빙', '패트릭 뎀시', '레너드 니모이', '타이레스 깁슨', '존 말코비치', '켄 정', '프란시스 맥도맨드', '존 터투로']",7.06
21,21,히말라야,https://movie.naver.com/movie/bi/mi/basic.nhn?code=100647,https://ssl.pstatic.net/imgmovie/mdi/mit110/1006/100647_P49_101243.jpg,['이석훈'],"['황정민', '정우']",7.99
22,22,미션 임파서블 : 고스트 프로토콜,https://movie.naver.com/movie/bi/mi/basic.nhn?code=53372,https://ssl.pstatic.net/imgmovie/mdi/mit110/0533/53372_P12_111230.jpg,['브래드 버드'],"['톰 크루즈', '제레미 레너']",8.74
23,23,스파이더맨: 노 웨이 홈,https://movie.naver.com/movie/bi/mi/basic.nhn?code=208077,https://ssl.pstatic.net/imgmovie/mdi/mit110/2080/208077_P11_172612.jpg,['존 왓츠'],"['톰 홀랜드', '젠데이아 콜먼', '베네딕트 컴버배치', '존 파브로', '제이콥 배덜런', '마리사 토메이', '알프리드 몰리나']",8.77
24,24,트랜스포머: 패자의 역습,https://movie.naver.com/movie/bi/mi/basic.nhn?code=68052,https://ssl.pstatic.net/imgmovie/mdi/mit110/0680/68052_P01_104107.jpg,['마이클 베이'],"['샤이아 라보프', '메간 폭스', '휴고 위빙', '조쉬 더하멜', '존 터투로']",8.11
25,24,트랜스포머: 패자의 역습,https://movie.naver.com/movie/bi/mi/basic.nhn?code=77276,https://ssl.pstatic.net/imgmovie/mdi/mit110/0772/77276_P01_151058.jpg,"['네이던 매덤즈', '데인 매덤즈']",NaN,6.62
26,25,밀정,https://movie.naver.com/movie/bi/mi/basic.nhn?code=137952,https://ssl.pstatic.net/imgmovie/mdi/mit110/1379/137952_P30_161446.jpg,['김지운'],"['송강호', '공유']",8.45
27,26,최종병기 활,https://movie.naver.com/movie/bi/mi/basic.nhn?code=83084,https://ssl.pstatic.net/imgmovie/mdi/mit110/0830/83084_P35_175118.jpg,['김한민'],"['박해일', '류승룡', '김무열', '문채원']",7.87
28,27,써니,https://movie.naver.com/movie/bi/mi/basic.nhn?code=172189,https://ssl.pstatic.net/imgmovie/mdi/mit110/1721/172189_P08_140452.jpg,['오오네 히토시'],"['시노하라 료코', '히로세 스즈', '코이케 에이코', '토모사카 리에', '와타나베 나오미', '미우라 하루마', '릴리 프랭키']",8.39
29,28,한산: 용의 출현,https://movie.naver.com/movie/bi/mi/basic.nhn?code=194196,https://ssl.pstatic.net/imgmovie/mdi/mit110/1941/194196_P130_180925.jpg,['김한민'],"['박해일', '변요한', '안성기', '손현주', '김성규', '김성균', '김향기', '택연', '공명', '박지환', '조재윤']",8.74
30,30,1987,https://movie.naver.com/movie/bi/mi/basic.nhn?code=158191,https://ssl.pstatic.net/imgmovie/mdi/mit110/1581/158191_P60_173938.jpg,['장준환'],"['김윤석', '하정우', '유해진', '김태리', '박희순', '이희준']",9.23
31,30,1987,https://movie.naver.com/movie/bi/mi/basic.nhn?code=123294,https://ssl.pstatic.net/imgmovie/mdi/mit110/1232/123294_P01_165625.jpg,['리카르도 트로지'],"['사이먼 피전', '장-칼 보처', '피어-룩 펑크']",10.00
32,33,터널,https://movie.naver.com/movie/bi/mi/basic.nhn?code=156497,https://ssl.pstatic.net/imgmovie/mdi/mit110/1564/156497_P01_135040.jpg,NaN,"['최진혁', '윤현민', '이유영', '강기영', '엔', '조희봉', '김병철', '이시아', '김민상', '양주호', '문숙', '허성태', '이용녀', '김동영', '함성민', '노태엽']",9.20
33,33,터널,https://movie.naver.com/movie/bi/mi/basic.nhn?code=141104,https://ssl.pstatic.net/imgmovie/mdi/mit110/1411/141104_P59_134853.jpg,['김성훈'],"['하정우', '배두나', '오달수']",8.37
34,33,터널,https://movie.naver.com/movie/bi/mi/basic.nhn?code=153973,https://ssl.pstatic.net/imgmovie/mdi/mit110/1539/153973_P09_103729.jpg,['로드리고 그란데'],"['레오나르도 스바라글리아', '파블로 에카리', '클라라 라고']",7.66
35,35,내부자들,https://movie.naver.com/movie/bi/mi/basic.nhn?code=121788,https://ssl.pstatic.net/imgmovie/mdi/mit110/1217/121788_P28_120120.jpg,['우민호'],"['이병헌', '조승우', '백윤식']",9.01
36,36,인천상륙작전,https://movie.naver.com/movie/bi/mi/basic.nhn?code=142822,https://ssl.pstatic.net/imgmovie/mdi/mit110/1428/142822_P39_163646.jpg,['이재한'],"['이정재', '이범수', '리암 니슨', '진세연']",8.04
37,36,인천상륙작전,https://movie.naver.com/movie/bi/mi/basic.nhn?code=22727,,['조긍하'],"['신영균', '김혜정', '윤일봉']",8.65
38,37,공조2: 인터내셔날,https://movie.naver.com/movie/bi/mi/basic.nhn?code=201641,https://ssl.pstatic.net/imgmovie/mdi/mit110/2016/201641_P41_135910.jpg,['이석훈'],"['현빈', '유해진', '윤아', '다니엘 헤니', '진선규']",8.32
39,39,은밀하게 위대하게,https://movie.naver.com/movie/bi/mi/basic.nhn?code=92575,https://ssl.pstatic.net/imgmovie/mdi/mit110/0925/92575_P12_175811.jpg,['장철수'],"['김수현', '박기웅', '이현우', '손현주']",7.12
40,40,곡성(哭聲),https://movie.naver.com/movie/bi/mi/basic.nhn?code=121051,https://ssl.pstatic.net/imgmovie/mdi/mit110/1210/121051_P54_135612.jpg,['나홍진'],"['곽도원', '황정민', '쿠니무라 준', '천우희', '김환희']",7.62
41,41,범죄도시,https://movie.naver.com/movie/bi/mi/basic.nhn?code=161242,https://ssl.pstatic.net/imgmovie/mdi/mit110/1612/161242_P26_155507.jpg,['강윤성'],"['마동석', '윤계상']",9.15
42,41,범죄도시,https://movie.naver.com/movie/bi/mi/basic.nhn?code=51837,https://ssl.pstatic.net/imgmovie/mdi/mit110/0518/51837_P01_114844.jpg,['브라이언 굿맨'],"['마크 러팔로', '에단 호크']",7.64
43,42,"좋은 놈, 나쁜 놈, 이상한 놈",https://movie.naver.com/movie/bi/mi/basic.nhn?code=65674,https://ssl.pstatic.net/imgmovie/mdi/mit110/0656/65674_P01_103507.jpg,['김지운'],"['송강호', '이병헌', '정우성']",7.74
44,43,늑대소년,https://movie.naver.com/movie/bi/mi/basic.nhn?code=88253,https://ssl.pstatic.net/imgmovie/mdi/mit110/0882/88253_P42_144810.jpg,['조성희'],"['송중기', '박보영']",8.66
45,44,군함도,https://movie.naver.com/movie/bi/mi/basic.nhn?code=146506,https://ssl.pstatic.net/imgmovie/mdi/mit110/1465/146506_P137_112144.jpg,['류승완'],"['황정민', '소지섭', '송중기', '이정현', '김수안']",5.30
46,45,미션 임파서블: 폴아웃,https://movie.naver.com/movie/bi/mi/basic.nhn?code=154222,https://ssl.pstatic.net/imgmovie/mdi/mit110/1542/154222_P07_114856.jpg,['크리스토퍼 맥쿼리'],"['톰 크루즈', '레베카 퍼거슨', '헨리 카빌', '사이먼 페그']",9.12
47,46,다크 나이트 라이즈,https://movie.naver.com/movie/bi/mi/basic.nhn?code=72054,https://ssl.pstatic.net/imgmovie/mdi/mit110/0720/72054_P102_101939.jpg,['크리스토퍼 놀란'],"['크리스찬 베일', '조셉 고든 레빗', '게리 올드만', '앤 해서웨이', '톰 하디', '마리옹 꼬띠아르', '마이클 케인', '모건 프리먼']",9.03
48,48,사도,https://movie.naver.com/movie/bi/mi/basic.nhn?code=121922,https://ssl.pstatic.net/imgmovie/mdi/mit110/1219/121922_P58_134221.jpg,['이준익'],"['송강호', '유아인', '문근영']",8.30
49,48,사도,https://movie.naver.com/movie/bi/mi/basic.nhn?code=85724,https://ssl.pstatic.net/imgmovie/mdi/mit110/0857/85724_P01_103203.jpg,['페르난도 코티조'],"['카를로스 블랑코', '조세 마누엘 올베이라 피코']",9.00
50,49,전우치,https://movie.naver.com/movie/bi/mi/basic.nhn?code=86279,https://ssl.pstatic.net/imgmovie/mdi/mit110/0862/86279_P00_111154.jpg,['강일수'],"['차태현', '유이', '이희준', '백진희', '김갑수', '성동일']",7.16
51,49,전우치,https://movie.naver.com/movie/bi/mi/basic.nhn?code=48227,https://ssl.pstatic.net/imgmovie/mdi/mit110/0482/48227_P46_095817.jpg,['최동훈'],"['강동원', '김윤석', '임수정', '유해진']",8.22
52,50,미션 임파서블: 로그네이션,https://movie.naver.com/movie/bi/mi/basic.nhn?code=95541,https://ssl.pstatic.net/imgmovie/mdi/mit110/0955/95541_P19_141409.jpg,['크리스토퍼 맥쿼리'],"['톰 크루즈', '제레미 레너', '레베카 퍼거슨', '사이먼 페그', '알렉 볼드윈']",8.75
53,51,킹스맨 : 시크릿 에이전트,https://movie.naver.com/movie/bi/mi/basic.nhn?code=114249,https://ssl.pstatic.net/imgmovie/mdi/mit110/1142/114249_P62_111022.jpg,['매튜 본'],"['콜린 퍼스', '태런 에저튼', '사무엘 L. 잭슨']",8.82
54,52,연평해전,https://movie.naver.com/movie/bi/mi/basic.nhn?code=102272,https://ssl.pstatic.net/imgmovie/mdi/mit110/1022/102272_P94_095006.jpg,['김학순'],"['김무열', '진구', '이현우']",9.02
55,53,인셉션,https://movie.naver.com/movie/bi/mi/basic.nhn?code=52515,https://ssl.pstatic.net/imgmovie/mdi/mit110/0525/52515_P98_100506.jpg,['크리스토퍼 놀란'],"['레오나르도 디카프리오', '와타나베 켄', '조셉 고든 레빗', '마리옹 꼬띠아르', '엘리엇 페이지', '톰 하디']",9.24
56,54,레미제라블,https://movie.naver.com/movie/bi/mi/basic.nhn?code=89755,https://ssl.pstatic.net/imgmovie/mdi/mit110/0897/89755_P73_104924.jpg,['톰 후퍼'],"['휴 잭맨', '앤 해서웨이', '러셀 크로우', '아만다 사이프리드', '헬레나 본햄 카터', '사샤 바론 코헨']",8.39
57,54,레미제라블,https://movie.naver.com/movie/bi/mi/basic.nhn?code=97070,https://ssl.pstatic.net/imgmovie/mdi/mit110/0970/97070_P01_163650.jpg,['김지룡'],['강필선'],5.33
58,54,레미제라블,https://movie.naver.com/movie/bi/mi/basic.nhn?code=35864,https://ssl.pstatic.net/imgmovie/mdi/mit110/0358/35864_P00_144638.jpg,['조세 다이얀'],['제라르 드빠르디유'],9.67
59,55,닥터 스트레인지: 대혼돈의 멀티버스,https://movie.naver.com/movie/bi/mi/basic.nhn?code=182016,https://ssl.pstatic.net/imgmovie/mdi/mit110/1820/182016_P12_142308.jpg,['샘 레이미'],"['베네딕트 컴버배치', '엘리자베스 올슨']",7.21
60,56,캡틴 마블,https://movie.naver.com/movie/bi/mi/basic.nhn?code=132623,https://ssl.pstatic.net/imgmovie/mdi/mit110/1326/132623_P22_133853.jpg,"['애너 보든', '라이언 플렉']","['브리 라슨', '사무엘 L. 잭슨', '벤 멘델슨', '주드 로']",6.75
61,56,캡틴 마블,https://movie.naver.com/movie/bi/mi/basic.nhn?code=52592,https://ssl.pstatic.net/imgmovie/mdi/mit110/0525/E2592-01.jpg,"['홀링스워스 모즈', '로버트 체놀트', '로버트 더글러스', '헨리 J. 레인지 주니어', '아놀드 라벤', '척 멘빌', '아서 H. 나델']","['마이클 그레이', '레스 트레마인', '잭슨 보스트윅']",6.25
62,57,쥬라기 월드: 폴른 킹덤,https://movie.naver.com/movie/bi/mi/basic.nhn?code=154285,https://ssl.pstatic.net/imgmovie/mdi/mit110/1542/154285_P41_135031.jpg,['후안 안토니오 바요나'],"['크리스 프랫', '브라이스 달라스 하워드']",8.00
63,58,청년경찰,https://movie.naver.com/movie/bi/mi/basic.nhn?code=153652,https://ssl.pstatic.net/imgmovie/mdi/mit110/1536/153652_P143_102651.jpg,['김주환'],"['박서준', '강하늘']",8.27
64,59,숨바꼭질,https://movie.naver.com/movie/bi/mi/basic.nhn?code=171336,https://ssl.pstatic.net/imgmovie/mdi/mit110/1713/171336_P08_103206.jpg,['스테판 릭'],"['발 킬머', '패트릭 플러거']",5.21
65,60,덕혜옹주,https://movie.naver.com/movie/bi/mi/basic.nhn?code=94767,https://ssl.pstatic.net/imgmovie/mdi/mit110/0947/94767_P127_153026.jpg,['허진호'],"['손예진', '박해일']",8.35
66,61,더 테러 라이브,https://movie.naver.com/movie/bi/mi/basic.nhn?code=99794,https://ssl.pstatic.net/imgmovie/mdi/mit110/0997/99794_P39_120125.jpg,['김병우'],"['하정우', '이경영', '전혜진']",8.30
67,62,쥬라기 월드,https://movie.naver.com/movie/bi/mi/basic.nhn?code=67786,https://ssl.pstatic.net/imgmovie/mdi/mit110/0677/67786_P13_165943.jpg,['콜린 트레보로우'],"['크리스 프랫', '브라이스 달라스 하워드', '빈센트 도노프리오', '타이 심킨스', '닉 로빈슨']",7.89
68,63,의형제,https://movie.naver.com/movie/bi/mi/basic.nhn?code=52548,https://ssl.pstatic.net/imgmovie/mdi/mit110/0525/52548_P43_123614.jpg,['장훈'],"['송강호', '강동원']",8.87
69,63,의형제,https://movie.naver.com/movie/bi/mi/basic.nhn?code=64934,,['루시아 무라트'],"['카코 시오클러', '프라비오 바우라퀴']",4.13
70,63,의형제,https://movie.naver.com/movie/bi/mi/basic.nhn?code=22627,,['김기풍'],"['강신성일', '최무룡', '최지희']",9.92
71,64,감시자들,https://movie.naver.com/movie/bi/mi/basic.nhn?code=98146,https://ssl.pstatic.net/imgmovie/mdi/mit110/0981/98146_P43_181055.jpg,"['조의석', '김병서']","['설경구', '정우성', '한효주']",7.76
72,66,앤트맨과 와스프,https://movie.naver.com/movie/bi/mi/basic.nhn?code=144330,https://ssl.pstatic.net/imgmovie/mdi/mit110/1443/144330_P05_110325.jpg,['페이튼 리드'],"['폴 러드', '에반젤린 릴리', '마이클 더글라스', '미셸 파이퍼', '로렌스 피시번', '마이클 페나', '해나 존-케이먼']",8.62
73,67,닥터 스트레인지,https://movie.naver.com/movie/bi/mi/basic.nhn?code=125459,https://ssl.pstatic.net/imgmovie/mdi/mit110/1254/125459_P19_102404.jpg,['스콧 데릭슨'],"['베네딕트 컴버배치', '틸다 스윈튼', '치웨텔 에지오포', '레이첼 맥아담스', '매즈 미켈슨']",8.72
74,68,검은 사제들,https://movie.naver.com/movie/bi/mi/basic.nhn?code=120157,https://ssl.pstatic.net/imgmovie/mdi/mit110/1201/120157_P24_105439.jpg,['장재현'],"['김윤석', '강동원']",8.33
75,69,안시성,https://movie.naver.com/movie/bi/mi/basic.nhn?code=163533,https://ssl.pstatic.net/imgmovie/mdi/mit110/1635/163533_P99_105455.jpg,['김광식'],"['조인성', '남주혁', '박성웅']",7.99
76,70,블랙 팬서,https://movie.naver.com/movie/bi/mi/basic.nhn?code=137326,https://ssl.pstatic.net/imgmovie/mdi/mit110/1373/137326_P09_113140.jpg,['라이언 쿠글러'],['채드윅 보스만'],7.51
77,72,완득이,https://movie.naver.com/movie/bi/mi/basic.nhn?code=80866,https://ssl.pstatic.net/imgmovie/mdi/mit110/0808/80866_P10_171454.jpg,['이한'],"['김윤석', '유아인']",8.80
78,73,트랜스포머: 사라진 시대,https://movie.naver.com/movie/bi/mi/basic.nhn?code=100691,https://ssl.pstatic.net/imgmovie/mdi/mit110/1006/100691_P20_111038.jpg,['마이클 베이'],"['마크 월버그', '니콜라 펠츠', '잭 레이너', '스탠리 투치', '리빙빙']",6.58
79,74,완벽한 타인,https://movie.naver.com/movie/bi/mi/basic.nhn?code=167638,https://ssl.pstatic.net/imgmovie/mdi/mit110/1676/167638_P71_133542.jpg,['이재규'],"['유해진', '조진웅', '이서진', '염정아', '김지수', '송하윤', '윤경호']",8.61
80,75,조커,https://movie.naver.com/movie/bi/mi/basic.nhn?code=167613,https://ssl.pstatic.net/imgmovie/mdi/mit110/1676/167613_P09_182225.jpg,['토드 필립스'],['호아킨 피닉스'],8.66
81,78,미녀와 야수,https://movie.naver.com/movie/bi/mi/basic.nhn?code=136872,https://ssl.pstatic.net/imgmovie/mdi/mit110/1368/136872_P12_113639.jpg,['빌 콘돈'],"['엠마 왓슨', '댄 스티븐스', '루크 에반스']",8.79
82,78,미녀와 야수,https://movie.naver.com/movie/bi/mi/basic.nhn?code=119456,https://ssl.pstatic.net/imgmovie/mdi/mit110/1194/119456_P24_114115.jpg,['크리스토프 갱스'],"['뱅상 카셀', '레아 세이두']",7.72
83,80,독전,https://movie.naver.com/movie/bi/mi/basic.nhn?code=158178,https://ssl.pstatic.net/imgmovie/mdi/mit110/1581/158178_P57_114234.jpg,['이해영'],"['조진웅', '류준열', '김주혁', '김성령', '박해준']",7.53
84,81,쿵푸 팬더 2,https://movie.naver.com/movie/bi/mi/basic.nhn?code=73411,https://ssl.pstatic.net/imgmovie/mdi/mit110/0734/73411_P07_115408.jpg,['여인영'],"['잭 블랙', '더스틴 호프만', '성룡', '안젤리나 졸리', '세스 로건', '루시 리우', '데이빗 크로스', '제임스 홍', '양자경', '장 끌로드 반담', '빅터 가버', '게리 올드만', '데니스 헤이스버트']",8.71
85,82,아쿠아맨,https://movie.naver.com/movie/bi/mi/basic.nhn?code=151153,https://ssl.pstatic.net/imgmovie/mdi/mit110/1511/151153_P19_095147.jpg,['제임스 완'],"['앰버 허드', '제이슨 모모아', '윌렘 대포', '패트릭 윌슨', '니콜 키드먼', '돌프 룬드그렌']",8.36
86,83,공작,https://movie.naver.com/movie/bi/mi/basic.nhn?code=153687,https://ssl.pstatic.net/imgmovie/mdi/mit110/1536/153687_P54_102718.jpg,['윤종빈'],"['황정민', '이성민', '조진웅', '주지훈']",6.84
87,83,공작,https://movie.naver.com/movie/bi/mi/basic.nhn?code=43895,https://ssl.pstatic.net/imgmovie/mdi/mit110/0438/43895_P15_155302.jpg,['고장위'],"['장징추', '여율래']",8.31
88,84,인사이드 아웃,https://movie.naver.com/movie/bi/mi/basic.nhn?code=115622,https://ssl.pstatic.net/imgmovie/mdi/mit110/1156/115622_P24_095702.jpg,['피트 닥터'],"['에이미 포엘러', '필리스 스미스', '민디 캘링', '빌 헤이더', '루이스 블랙', '케이틀린 디아스', '카일 맥라클란', '다이안 레인']",9.09
89,84,인사이드 아웃,https://movie.naver.com/movie/bi/mi/basic.nhn?code=87559,https://ssl.pstatic.net/imgmovie/mdi/mit110/0875/87559_P02_121656.jpg,['아티 맨델버그'],"['트리플 H', '마이클 래파포트', '파커 포시']",7.00
90,85,킹스맨: 골든 서클,https://movie.naver.com/movie/bi/mi/basic.nhn?code=149747,https://ssl.pstatic.net/imgmovie/mdi/mit110/1497/149747_P67_150940.jpg,['매튜 본'],"['태런 에저튼', '줄리안 무어', '콜린 퍼스']",8.36
91,86,바람과 함께 사라지다,https://movie.naver.com/movie/bi/mi/basic.nhn?code=86888,https://ssl.pstatic.net/imgmovie/mdi/mit110/0868/86888_P08_111010.jpg,['김주호'],"['차태현', '오지호', '민효린', '성동일', '신정근', '고창석']",7.60
92,86,바람과 함께 사라지다,https://movie.naver.com/movie/bi/mi/basic.nhn?code=10020,https://ssl.pstatic.net/imgmovie/mdi/mit110/0100/10020_P44_142402.jpg,['빅터 플레밍'],"['클라크 게이블', '비비안 리', '레슬리 하워드', '올리비아 드 하빌랜드']",9.24
93,87,마션,https://movie.naver.com/movie/bi/mi/basic.nhn?code=129049,https://ssl.pstatic.net/imgmovie/mdi/mit110/1290/129049_P42_150242.jpg,['리들리 스콧'],"['크리스틴 위그', '제시카 차스테인', '맷 데이먼', '케이트 마라', '제프 다니엘스', '세바스찬 스탠']",8.43
94,88,토르: 라그나로크,https://movie.naver.com/movie/bi/mi/basic.nhn?code=134898,https://ssl.pstatic.net/imgmovie/mdi/mit110/1348/134898_P22_111152.png,['타이카 와이티티'],"['크리스 헴스워스', '톰 히들스턴', '케이트 블란쳇', '마크 러팔로']",8.85
95,89,어메이징 스파이더맨,https://movie.naver.com/movie/bi/mi/basic.nhn?code=66823,https://ssl.pstatic.net/imgmovie/mdi/mit110/0668/66823_P00_121538.jpg,['마크 웹'],"['앤드류 가필드', '엠마 스톤', '리스 이판', '마틴 쉰', '샐리 필드']",7.77
96,90,"님아, 그 강을 건너지 마오",https://movie.naver.com/movie/bi/mi/basic.nhn?code=130013,https://ssl.pstatic.net/imgmovie/mdi/mit110/1300/130013_P05_132145.jpg,['진모영'],"['조병만', '강계열']",9.24
97,91,조선명탐정: 각시투구꽃의 비밀,https://movie.naver.com/movie/bi/mi/basic.nhn?code=76080,https://ssl.pstatic.net/imgmovie/mdi/mit110/0760/76080_P50_111410.jpg,['김석윤'],"['김명민', '오달수', '한지민']",8.12
98,92,봉오동 전투,https://movie.naver.com/movie/bi/mi/basic.nhn?code=178526,https://ssl.pstatic.net/imgmovie/mdi/mit110/1785/178526_P39_141329.jpg,['원신연'],"['유해진', '류준열', '조우진']",7.97
99,93,군도:민란의 시대,https://movie.naver.com/movie/bi/mi/basic.nhn?code=99752,https://ssl.pstatic.net/imgmovie/mdi/mit110/0997/99752_P41_102530.jpg,['윤종빈'],"['하정우', '강동원']",6.95
100,94,남산의 부장들,https://movie.naver.com/movie/bi/mi/basic.nhn?code=176306,https://ssl.pstatic.net/imgmovie/mdi/mit110/1763/176306_P20_151726.jpg,['우민호'],"['이병헌', '이성민', '곽도원', '이희준', '김소진']",7.47
101,95,라이온 킹,https://movie.naver.com/movie/bi/mi/basic.nhn?code=169637,https://ssl.pstatic.net/imgmovie/mdi/mit110/1696/169637_P24_102228.jpg,['존 파브로'],"['도날드 글로버', '세스 로건', '치웨텔 에지오포', '제임스 얼 존스', '빌리 아이크너', '알프리 우다드', '비욘세']",8.27
102,95,라이온 킹,https://movie.naver.com/movie/bi/mi/basic.nhn?code=16521,https://ssl.pstatic.net/imgmovie/mdi/mit110/0165/16521_P45_105412.jpg,"['로저 알러스', '롭 민코프']","['조나단 테일러 토마스', '매튜 브로데릭', '제임스 얼 존스', '제레미 아이언스', '모이라 켈리', '니케타 캘레임']",9.29
103,96,범죄와의 전쟁 : 나쁜놈들 전성시대,https://movie.naver.com/movie/bi/mi/basic.nhn?code=82540,https://ssl.pstatic.net/imgmovie/mdi/mit110/0825/82540_P13_161030.jpg,['윤종빈'],"['최민식', '하정우']",8.66
104,97,주토피아,https://movie.naver.com/movie/bi/mi/basic.nhn?code=130850,https://ssl.pstatic.net/imgmovie/mdi/mit110/1308/130850_P23_141447.jpg,"['바이론 하워드', '리치 무어']","['지니퍼 굿윈', '제이슨 베이트먼', '샤키라', '알란 터딕', '이드리스 엘바', 'J.K. 시몬스']",9.36
105,97,주토피아,https://movie.naver.com/movie/bi/mi/basic.nhn?code=92071,https://ssl.pstatic.net/imgmovie/mdi/mit110/0920/92071_P01_135131.jpg,['브라이언 포겔'],"['샘 울프슨', '제니퍼 러브 휴잇', '피터 스토메어']",5.67
106,97,주토피아,https://movie.naver.com/movie/bi/mi/basic.nhn?code=68527,,['이병직'],NaN,5.50
107,98,엣지 오브 투모로우,https://movie.naver.com/movie/bi/mi/basic.nhn?code=90589,https://ssl.pstatic.net/imgmovie/mdi/mit110/0905/90589_P52_110051.jpg,['더그 라이만'],"['톰 크루즈', '에밀리 블런트', '빌 팩스톤']",8.96
108,100,쿵푸 팬더,https://movie.naver.com/movie/bi/mi/basic.nhn?code=62262,https://ssl.pstatic.net/imgmovie/mdi/mit110/0622/F2262-00.jpg,"['마크 오스본', '존 스티븐슨']","['잭 블랙', '더스틴 호프만', '성룡', '루시 리우', '안젤리나 졸리', '이안 맥쉐인', '데이빗 크로스', '세스 로건']",9.02
109,101,신비한 동물사전,https://movie.naver.com/movie/bi/mi/basic.nhn?code=115642,https://ssl.pstatic.net/imgmovie/mdi/mit110/1156/115642_P40_141424.jpg,['데이빗 예이츠'],"['에디 레드메인', '캐서린 워터스턴', '콜린 파렐', '앨리슨 수돌']",8.18
110,102,도가니,https://movie.naver.com/movie/bi/mi/basic.nhn?code=75413,https://ssl.pstatic.net/imgmovie/mdi/mit110/0754/75413_P29_111906.jpg,['황동혁'],"['공유', '정유미']",9.27
111,103,내 아내의 모든 것,https://movie.naver.com/movie/bi/mi/basic.nhn?code=89606,https://ssl.pstatic.net/imgmovie/mdi/mit110/0896/89606_P10_161836.jpg,['민규동'],"['임수정', '이선균', '류승룡']",8.59
112,104,나쁜 녀석들: 더 무비,https://movie.naver.com/movie/bi/mi/basic.nhn?code=177909,https://ssl.pstatic.net/imgmovie/mdi/mit110/1779/177909_P32_103957.jpg,['손용호'],"['마동석', '김상중', '김아중', '장기용']",6.42
113,105,판도라,https://movie.naver.com/movie/bi/mi/basic.nhn?code=132933,https://ssl.pstatic.net/imgmovie/mdi/mit110/1329/132933_P148_093846.jpg,['박정우'],"['김남길', '김주현', '정진영', '김영애', '문정희', '김대명']",8.20
114,105,판도라,https://movie.naver.com/movie/bi/mi/basic.nhn?code=87557,https://ssl.pstatic.net/imgmovie/mdi/mit110/0875/87557_P01_150809.jpg,['허명행'],['박지훈'],5.50
115,106,터미네이터: 미래전쟁의 시작,https://movie.naver.com/movie/bi/mi/basic.nhn?code=66520,https://ssl.pstatic.net/imgmovie/mdi/mit110/0665/F6520-00.jpg,['맥지'],"['크리스찬 베일', '샘 워싱턴', '안톤 옐친', '문 블러드굿']",8.19
116,107,맘마미아!,https://movie.naver.com/movie/bi/mi/basic.nhn?code=66381,https://ssl.pstatic.net/imgmovie/mdi/mit110/0663/F6381-00.jpg,['필리다 로이드'],"['메릴 스트립', '피어스 브로스넌', '콜린 퍼스', '스텔란 스카스가드', '아만다 사이프리드']",8.43
117,108,연가시,https://movie.naver.com/movie/bi/mi/basic.nhn?code=88225,https://ssl.pstatic.net/imgmovie/mdi/mit110/0882/88225_P08_114914.jpg,['박정우'],"['김명민', '문정희', '김동완', '이하늬']",7.16
118,108,연가시,https://movie.naver.com/movie/bi/mi/basic.nhn?code=66876,https://ssl.pstatic.net/imgmovie/mdi/mit110/0668/66876_P02_180937.jpg,['최복동'],NaN,9.75
119,109,아이언맨 2,https://movie.naver.com/movie/bi/mi/basic.nhn?code=49008,https://ssl.pstatic.net/imgmovie/mdi/mit110/0490/49008_P52_162130.jpg,['존 파브로'],"['로버트 다우니 주니어', '기네스 팰트로', '돈 치들', '스칼릿 조핸슨', '미키 루크']",7.37
