,0,1,2,3,4,5,6,7
0,0,아바타,https://movie.naver.com/movie/bi/mi/basic.nhn?code=62266,https://ssl.pstatic.net/imgmovie/mdi/mit110/0622/62266_P115_110943.jpg,2009,['제임스 카메론'],"['샘 워싱턴', '조 샐다나', '시고니 위버', '스티븐 랭']",9.08
1,1,도둑들,https://movie.naver.com/movie/bi/mi/basic.nhn?code=78726,https://ssl.pstatic.net/imgmovie/mdi/mit110/0787/78726_P17_143306.jpg,2012,['최동훈'],"['김윤석', '김혜수', '이정재', '전지현', '임달화', '김해숙', '오달수', '김수현', '이신제', '증국상']",7.65
2,2,암살,https://movie.naver.com/movie/bi/mi/basic.nhn?code=121048,https://ssl.pstatic.net/imgmovie/mdi/mit110/1210/121048_P36_095347.jpg,2015,['최동훈'],"['전지현', '이정재', '하정우']",8.98
3,3,어벤져스: 인피니티 워,https://movie.naver.com/movie/bi/mi/basic.nhn?code=136315,https://ssl.pstatic.net/imgmovie/mdi/mit110/1363/136315_P16_142450.jpg,2018,"['앤서니 루소', '조 루소']","['크리스 프랫', '조 샐다나', '브래들리 쿠퍼', '빈 디젤', '조슈 브롤린', '엘리자베스 올슨', '베네딕트 컴버배치', '스칼릿 조핸슨', '톰 홀랜드', '로버트 다우니 주니어', '크리스 헴스워스', '크리스 에반스', '마크 러팔로', '톰 히들스턴', '폴 베타니', '돈 치들', '채드윅 보스만', '데이브 바티스타', '안소니 마키']",8.97
4,4,겨울왕국,https://movie.naver.com/movie/bi/mi/basic.nhn?code=100931,https://ssl.pstatic.net/imgmovie/mdi/mit110/1009/100931_P98_151621.jpg,2013,"['크리스 벅', '제니퍼 리']","['크리스틴 벨', '이디나 멘젤']",9.13
5,5,백두산,https://movie.naver.com/movie/bi/mi/basic.nhn?code=187940,https://ssl.pstatic.net/imgmovie/mdi/mit110/1879/187940_P47_164605.jpg,2019,"['이해준', '김병서']","['이병헌', '하정우', '마동석', '전혜진', '수지']",5.74
6,6,써니,https://movie.naver.com/movie/bi/mi/basic.nhn?code=76016,https://ssl.pstatic.net/imgmovie/mdi/mit110/0760/76016_P11_175820.jpg,2011,['강형철'],"['유호정', '심은경', '강소라', '고수희', '김민영', '홍진희', '박진주', '이연경', '남보라', '김보미', '민효린']",9.12
7,8,베를린,https://movie.naver.com/movie/bi/mi/basic.nhn?code=89218,https://ssl.pstatic.net/imgmovie/mdi/mit110/0892/89218_P38_102226.jpg,2012,['류승완'],"['하정우', '한석규', '류승범', '전지현', '이경영']",7.84
8,9,마스터,https://movie.naver.com/movie/bi/mi/basic.nhn?code=145162,https://ssl.pstatic.net/imgmovie/mdi/mit110/1451/145162_P45_131834.jpg,2016,['조의석'],"['이병헌', '강동원', '김우빈', '엄지원', '오달수', '진경']",8.11
9,10,어벤져스,https://movie.naver.com/movie/bi/mi/basic.nhn?code=72363,https://ssl.pstatic.net/imgmovie/mdi/mit110/0723/72363_P05_171517.jpg,2012,['조스 웨던'],"['로버트 다우니 주니어', '스칼릿 조핸슨', '크리스 헴스워스', '크리스 에반스', '마크 러팔로', '제레미 레너', '사무엘 L. 잭슨', '톰 히들스턴']",8.80
10,11,럭키,https://movie.naver.com/movie/bi/mi/basic.nhn?code=187415,https://ssl.pstatic.net/imgmovie/mdi/mit110/1874/187415_P01_135801.jpg,2018,['조정란'],"['신용우', '이장원', '조현정', '최낙윤']",10.00
11,11,럭키,https://movie.naver.com/movie/bi/mi/basic.nhn?code=140695,https://ssl.pstatic.net/imgmovie/mdi/mit110/1406/140695_P16_102353.jpg,2015,['이계벽'],"['유해진', '이준', '조윤희', '임지연']",8.46
12,12,아저씨,https://movie.naver.com/movie/bi/mi/basic.nhn?code=71509,https://ssl.pstatic.net/imgmovie/mdi/mit110/0715/71509_P16_175605.jpg,2010,['이정범'],"['원빈', '김새론']",9.25
13,13,캡틴 마블,https://movie.naver.com/movie/bi/mi/basic.nhn?code=132623,https://ssl.pstatic.net/imgmovie/mdi/mit110/1326/132623_P22_133853.jpg,2019,"['애너 보든', '라이언 플렉']","['브리 라슨', '사무엘 L. 잭슨', '벤 멘델슨', '주드 로']",6.75
14,14,숨바꼭질,https://movie.naver.com/movie/bi/mi/basic.nhn?code=102824,https://ssl.pstatic.net/imgmovie/mdi/mit110/1028/102824_P27_152515.JPG,2013,['허정'],"['손현주', '문정희', '전미선']",6.74
15,15,감시자들,https://movie.naver.com/movie/bi/mi/basic.nhn?code=98146,https://ssl.pstatic.net/imgmovie/mdi/mit110/0981/98146_P43_181055.jpg,2013,"['조의석', '김병서']","['설경구', '정우성', '한효주']",7.76
16,16,2012,https://movie.naver.com/movie/bi/mi/basic.nhn?code=49727,https://ssl.pstatic.net/imgmovie/mdi/mit110/0497/49727_P60_110128.jpg,2009,['롤랜드 에머리히'],"['존 쿠삭', '아만다 피트', '치웨텔 에지오포', '탠디 뉴튼', '올리버 플랫']",7.60
17,17,더 킹,https://movie.naver.com/movie/bi/mi/basic.nhn?code=144314,https://ssl.pstatic.net/imgmovie/mdi/mit110/1443/144314_P99_105941.jpg,2016,['한재림'],"['조인성', '정우성', '배성우', '김아중', '류준열']",8.09
18,19,타워,https://movie.naver.com/movie/bi/mi/basic.nhn?code=83250,https://ssl.pstatic.net/imgmovie/mdi/mit110/0832/83250_P81_104827.jpg,2012,['김지훈'],"['설경구', '손예진', '김상경']",8.02
19,20,추격자,https://movie.naver.com/movie/bi/mi/basic.nhn?code=68695,https://ssl.pstatic.net/imgmovie/mdi/mit110/0686/F8695-00.jpg,2008,['나홍진'],"['김윤석', '하정우']",9.09
20,21,주토피아,https://movie.naver.com/movie/bi/mi/basic.nhn?code=130850,https://ssl.pstatic.net/imgmovie/mdi/mit110/1308/130850_P23_141447.jpg,2016,"['바이론 하워드', '리치 무어']","['지니퍼 굿윈', '제이슨 베이트먼', '샤키라', '알란 터딕', '이드리스 엘바', 'J.K. 시몬스']",9.36
21,22,신세계,https://movie.naver.com/movie/bi/mi/basic.nhn?code=91031,https://ssl.pstatic.net/imgmovie/mdi/mit110/0910/91031_P53_103806.jpg,2012,['박훈정'],"['이정재', '최민식', '황정민']",8.94
22,23,아가씨,https://movie.naver.com/movie/bi/mi/basic.nhn?code=123519,https://ssl.pstatic.net/imgmovie/mdi/mit110/1235/123519_P13_153205.jpg,2016,['박찬욱'],"['김민희', '김태리', '하정우', '조진웅']",7.16
23,24,다크 나이트,https://movie.naver.com/movie/bi/mi/basic.nhn?code=62586,https://ssl.pstatic.net/imgmovie/mdi/mit110/0625/62586_P148_102252.jpg,2008,['크리스토퍼 놀란'],"['크리스찬 베일', '히스 레저', '아론 에크하트']",9.34
24,25,미이라,https://movie.naver.com/movie/bi/mi/basic.nhn?code=120160,https://ssl.pstatic.net/imgmovie/mdi/mit110/1201/120160_P31_100857.jpg,2017,['알렉스 커츠만'],"['톰 크루즈', '소피아 부텔라', '애나벨 월리스']",7.24
25,26,인턴,https://movie.naver.com/movie/bi/mi/basic.nhn?code=118917,https://ssl.pstatic.net/imgmovie/mdi/mit110/1189/118917_P12_152006.jpg,2015,['낸시 마이어스'],"['로버트 드 니로', '앤 해서웨이']",9.02
26,27,스파이,https://movie.naver.com/movie/bi/mi/basic.nhn?code=118950,https://ssl.pstatic.net/imgmovie/mdi/mit110/1189/118950_P23_140516.jpg,2015,['폴 페이그'],"['제이슨 스타뎀', '로즈 번', '멜리사 맥카시', '앨리슨 제니', '주드 로', '피터 세라피노윅', '미란다 하트']",8.82
27,27,스파이,https://movie.naver.com/movie/bi/mi/basic.nhn?code=82080,https://ssl.pstatic.net/imgmovie/mdi/mit110/0820/82080_P42_170643.jpg,2013,['이승준'],"['설경구', '문소리', '다니엘 헤니']",6.94
28,28,돈,https://movie.naver.com/movie/bi/mi/basic.nhn?code=163608,https://ssl.pstatic.net/imgmovie/mdi/mit110/1636/163608_P43_141047.jpg,2018,['박누리'],"['류준열', '유지태', '조우진']",7.42
29,29,마녀,https://movie.naver.com/movie/bi/mi/basic.nhn?code=175322,https://ssl.pstatic.net/imgmovie/mdi/mit110/1753/175322_P98_135944.jpg,2018,['박훈정'],"['김다미', '조민수', '박희순', '최우식']",8.22
30,30,하모니,https://movie.naver.com/movie/bi/mi/basic.nhn?code=53034,https://ssl.pstatic.net/imgmovie/mdi/mit110/0530/53034_P00_113135.jpg,2009,['강대규'],"['김윤진', '나문희', '강예원', '이다희', '장영남', '박준면', '정수영']",9.05
31,32,형,https://movie.naver.com/movie/bi/mi/basic.nhn?code=142803,https://ssl.pstatic.net/imgmovie/mdi/mit110/1428/142803_P33_161710.jpg,2016,['권수경'],"['조정석', '도경수', '박신혜']",8.37
32,34,서치,https://movie.naver.com/movie/bi/mi/basic.nhn?code=172425,https://ssl.pstatic.net/imgmovie/mdi/mit110/1724/172425_P04_130843.jpg,2017,['아니쉬 차간티'],"['존 조', '데브라 메싱']",8.93
33,35,프리즌,https://movie.naver.com/movie/bi/mi/basic.nhn?code=146517,https://ssl.pstatic.net/imgmovie/mdi/mit110/1465/146517_P50_100322.jpg,2016,['나현'],"['한석규', '김래원']",7.57
34,36,솔트,https://movie.naver.com/movie/bi/mi/basic.nhn?code=50669,https://ssl.pstatic.net/imgmovie/mdi/mit110/0506/50669_P39_151600.jpg,2010,['필립 노이스'],['안젤리나 졸리'],7.78
35,37,원티드,https://movie.naver.com/movie/bi/mi/basic.nhn?code=74776,https://ssl.pstatic.net/imgmovie/mdi/mit110/0747/74776_P05_191546.jpg,2009,['프라부 디바'],"['살만 칸', '아예샤 타키아']",6.17
36,37,원티드,https://movie.naver.com/movie/bi/mi/basic.nhn?code=66834,https://ssl.pstatic.net/imgmovie/mdi/mit110/0668/F6834-00.jpg,2008,['티무르 베크맘베토브'],"['제임스 맥어보이', '모건 프리먼', '안젤리나 졸리']",8.27
37,38,표적,https://movie.naver.com/movie/bi/mi/basic.nhn?code=106547,https://ssl.pstatic.net/imgmovie/mdi/mit110/1065/106547_P66_092309.jpg,2014,['창감독'],"['류승룡', '유준상', '이진욱', '김성령', '조여정', '조은지']",7.47
38,39,나우 유 씨 미 : 마술사기단,https://movie.naver.com/movie/bi/mi/basic.nhn?code=92011,https://ssl.pstatic.net/imgmovie/mdi/mit110/0920/92011_P41_140458.jpg,2013,['루이스 리터리어'],"['우디 해럴슨', '제시 아이젠버그', '마크 러팔로', '멜라니 로랑']",8.05
39,40,타이탄,https://movie.naver.com/movie/bi/mi/basic.nhn?code=54640,https://ssl.pstatic.net/imgmovie/mdi/mit110/0546/54640_P24_162108.jpg,2010,['루이스 리터리어'],"['샘 워싱턴', '리암 니슨', '랄프 파인즈', '알렉사 다바로스', '젬마 아터튼']",6.37
40,41,소원,https://movie.naver.com/movie/bi/mi/basic.nhn?code=103535,https://ssl.pstatic.net/imgmovie/mdi/mit110/1035/103535_P28_133811.jpg,2013,['이준익'],"['설경구', '엄지원', '이레']",9.34
41,42,퍼시픽 림,https://movie.naver.com/movie/bi/mi/basic.nhn?code=86867,https://ssl.pstatic.net/imgmovie/mdi/mit110/0868/86867_P50_121640.jpg,2013,['기예르모 델 토로'],"['찰리 허냄', '론 펄먼', '이드리스 엘바', '찰리 데이', '키쿠치 린코']",7.68
42,43,테이큰,https://movie.naver.com/movie/bi/mi/basic.nhn?code=47152,https://ssl.pstatic.net/imgmovie/mdi/mit110/0471/47152_P18_162453.jpg,2008,['피에르 모렐'],"['리암 니슨', '매기 그레이스']",9.22
43,44,블라인드,https://movie.naver.com/movie/bi/mi/basic.nhn?code=79557,https://ssl.pstatic.net/imgmovie/mdi/mit110/0795/79557_P04_105145.jpg,2011,['안상훈'],"['김하늘', '유승호']",8.08
44,45,스파이,https://movie.naver.com/movie/bi/mi/basic.nhn?code=118950,https://ssl.pstatic.net/imgmovie/mdi/mit110/1189/118950_P23_140516.jpg,2015,['폴 페이그'],"['제이슨 스타뎀', '로즈 번', '멜리사 맥카시', '앨리슨 제니', '주드 로', '피터 세라피노윅', '미란다 하트']",8.82
45,46,하녀,https://movie.naver.com/movie/bi/mi/basic.nhn?code=71920,https://ssl.pstatic.net/imgmovie/mdi/mit110/0719/71920_P50_181748.jpg,2010,['임상수'],"['전도연', '이정재', '윤여정', '서우']",5.72
46,48,컨저링,https://movie.naver.com/movie/bi/mi/basic.nhn?code=92823,https://ssl.pstatic.net/imgmovie/mdi/mit110/0928/92823_P16_143047.jpg,2013,['제임스 완'],"['베라 파미가', '매켄지 포이', '패트릭 윌슨', '조이 킹', '릴리 테일러', '론 리빙스턴']",7.86
47,49,원더 우먼,https://movie.naver.com/movie/bi/mi/basic.nhn?code=125473,https://ssl.pstatic.net/imgmovie/mdi/mit110/1254/125473_P20_092353.jpg,2017,['패티 젠킨스'],"['갤 가돗', '크리스 파인']",7.69
48,51,세븐 데이즈,https://movie.naver.com/movie/bi/mi/basic.nhn?code=60753,https://ssl.pstatic.net/imgmovie/mdi/mit110/0607/60753_P47_152851.jpg,2007,['원신연'],"['김윤진', '김미숙', '박희순']",9.06
49,52,이클립스,https://movie.naver.com/movie/bi/mi/basic.nhn?code=71499,https://ssl.pstatic.net/imgmovie/mdi/mit110/0714/71499_P163_182252.jpg,2010,['데이빗 슬레이드'],"['크리스틴 스튜어트', '로버트 패틴슨', '테일러 로트너']",7.37
50,53,눈에는 눈 이에는 이,https://movie.naver.com/movie/bi/mi/basic.nhn?code=67785,https://ssl.pstatic.net/imgmovie/mdi/mit110/0677/F7785-01.jpg,2008,"['곽경택', '안권태']","['한석규', '차승원']",7.89
51,54,뷰티 인사이드,https://movie.naver.com/movie/bi/mi/basic.nhn?code=129050,https://ssl.pstatic.net/imgmovie/mdi/mit110/1290/129050_P112_100230.jpg,2015,['백종열'],"['한효주', '김대명', '도지한', '배성우', '박신혜', '이범수', '박서준', '김상호', '천우희', '우에노 주리', '이재준', '김민재', '이현우', '조달환', '이진욱', '홍다미', '서강준', '김희원', '이동욱', '고아성', '김주혁', '유연석']",7.79
52,55,소울,https://movie.naver.com/movie/bi/mi/basic.nhn?code=184517,https://ssl.pstatic.net/imgmovie/mdi/mit110/1845/184517_P12_105825.jpg,2020,['피트 닥터'],"['제이미 폭스', '티나 페이', '다비드 딕스']",9.31
53,56,노아,https://movie.naver.com/movie/bi/mi/basic.nhn?code=93933,https://ssl.pstatic.net/imgmovie/mdi/mit110/0939/93933_P08_112219.jpg,2014,['대런 아로노프스키'],"['러셀 크로우', '제니퍼 코넬리', '엠마 왓슨', '안소니 홉킨스']",6.06
54,57,루시,https://movie.naver.com/movie/bi/mi/basic.nhn?code=107960,https://ssl.pstatic.net/imgmovie/mdi/mit110/1079/107960_P16_162926.jpg,2014,['뤽 베송'],"['스칼릿 조핸슨', '모건 프리먼', '애널리 팁튼', '최민식']",7.13
55,59,코리아,https://movie.naver.com/movie/bi/mi/basic.nhn?code=81891,https://ssl.pstatic.net/imgmovie/mdi/mit110/0818/81891_P04_175312.jpg,2012,['문현성'],"['하지원', '배두나']",8.56
56,60,씽,https://movie.naver.com/movie/bi/mi/basic.nhn?code=144938,https://ssl.pstatic.net/imgmovie/mdi/mit110/1449/144938_P22_135428.jpg,2016,['가스 제닝스'],"['매튜 맥커너히', '리즈 위더스푼', '스칼릿 조핸슨', '태런 에저튼', '토리 켈리', '닉 크롤', '세스 맥팔레인']",8.99
57,61,마다가스카의 펭귄,https://movie.naver.com/movie/bi/mi/basic.nhn?code=114276,https://ssl.pstatic.net/imgmovie/mdi/mit110/1142/114276_P04_111037.jpg,2014,"['에릭 다넬', '사이몬 J. 스미스']","['베네딕트 컴버배치', '존 말코비치', '톰 맥그라스', '크리스 밀러', '크리스토퍼 나이츠', '켄 정']",8.71
58,65,더 게임,https://movie.naver.com/movie/bi/mi/basic.nhn?code=66617,https://ssl.pstatic.net/imgmovie/mdi/mit110/0666/F6617-01.jpg,2007,['윤인호'],"['신하균', '변희봉', '이혜영', '손현주', '이은성']",7.42
59,66,어스,https://movie.naver.com/movie/bi/mi/basic.nhn?code=181414,https://ssl.pstatic.net/imgmovie/mdi/mit110/1814/181414_P24_174349.jpg,2019,['조던 필'],"['엘리자베스 모스', '루피타 뇽', '야히아 압둘 마틴 2세', '애나 디옵', '윈스턴 듀크', '팀 헤이덱커']",6.70
60,67,차이나타운,https://movie.naver.com/movie/bi/mi/basic.nhn?code=124041,https://ssl.pstatic.net/imgmovie/mdi/mit110/1240/124041_P63_143455.jpg,2014,['한준희'],"['김혜수', '김고은', '엄태구']",6.97
61,68,잃어버린 세계를 찾아서,https://movie.naver.com/movie/bi/mi/basic.nhn?code=61433,https://ssl.pstatic.net/imgmovie/mdi/mit110/0614/F1433-01.jpg,2008,['에릭 브레빅'],"['브렌든 프레이저', '조쉬 허처슨']",7.84
62,69,보이스,https://movie.naver.com/movie/bi/mi/basic.nhn?code=190320,https://ssl.pstatic.net/imgmovie/mdi/mit110/1903/190320_P44_100537.jpg,2021,"['김선', '김곡']","['변요한', '김무열', '김희원', '박명훈']",8.40
63,71,폼페이: 최후의 날,https://movie.naver.com/movie/bi/mi/basic.nhn?code=110332,https://ssl.pstatic.net/imgmovie/mdi/mit110/1103/110332_P32_103100.jpg,2014,['폴 앤더슨'],"['키트 해링턴', '에밀리 브라우닝', '캐리 앤 모스', '키퍼 서덜랜드']",7.46
64,72,퓨리,https://movie.naver.com/movie/bi/mi/basic.nhn?code=107928,https://ssl.pstatic.net/imgmovie/mdi/mit110/1079/107928_P18_113902.jpg,2014,['데이비드 에이어'],"['브래드 피트', '로건 레먼', '샤이아 라보프']",8.70
65,73,트와일라잇,https://movie.naver.com/movie/bi/mi/basic.nhn?code=47229,https://ssl.pstatic.net/imgmovie/mdi/mit110/0472/47229_P85_114456.jpg,2008,['캐서린 하드윅'],"['크리스틴 스튜어트', '로버트 패틴슨']",7.93
66,74,궁합,https://movie.naver.com/movie/bi/mi/basic.nhn?code=141206,https://ssl.pstatic.net/imgmovie/mdi/mit110/1412/141206_P30_121806.jpg,2018,['홍창표'],"['심은경', '이승기']",6.45
67,77,생일,https://movie.naver.com/movie/bi/mi/basic.nhn?code=174050,https://ssl.pstatic.net/imgmovie/mdi/mit110/1740/174050_P32_172314.jpg,2018,['이종언'],"['설경구', '전도연']",7.29
68,79,하루,https://movie.naver.com/movie/bi/mi/basic.nhn?code=152168,https://ssl.pstatic.net/imgmovie/mdi/mit110/1521/152168_P24_101722.jpg,2017,['조선호'],"['김명민', '변요한', '유재명']",7.05
69,80,가디언즈,https://movie.naver.com/movie/bi/mi/basic.nhn?code=87308,https://ssl.pstatic.net/imgmovie/mdi/mit110/0873/87308_P38_113704.jpg,2012,['피터 램지'],"['크리스 파인', '알렉 볼드윈', '주드 로', '아일라 피셔', '휴 잭맨', '다코타 고요', '양세나']",9.18
70,83,그놈이다,https://movie.naver.com/movie/bi/mi/basic.nhn?code=134960,https://ssl.pstatic.net/imgmovie/mdi/mit110/1349/134960_P29_103603.jpg,2015,['윤준형'],"['주원', '유해진', '이유영']",6.91
71,84,동창생,https://movie.naver.com/movie/bi/mi/basic.nhn?code=95515,https://ssl.pstatic.net/imgmovie/mdi/mit110/0955/95515_P32_104005.jpg,2013,['박홍수'],"['T.O.P', '한예리', '윤제문', '조성하', '김유정']",7.30
72,86,맨 인 더 다크,https://movie.naver.com/movie/bi/mi/basic.nhn?code=144944,https://ssl.pstatic.net/imgmovie/mdi/mit110/1449/144944_P10_153743.jpg,2016,['페데 알바레즈'],"['제인 레비', '딜런 미네트', '스티븐 랭']",7.92
73,87,바보,https://movie.naver.com/movie/bi/mi/basic.nhn?code=93682,https://ssl.pstatic.net/imgmovie/mdi/mit110/0936/93682_P01_111245.jpg,2010,['카네코 슈스케'],"['나리미야 히로키', '우치다 유키']",7.58
74,87,바보,https://movie.naver.com/movie/bi/mi/basic.nhn?code=35623,https://ssl.pstatic.net/imgmovie/mdi/mit110/0356/C5623-01.jpg,2008,['김정권'],"['차태현', '하지원']",8.06
75,88,백야행,https://movie.naver.com/movie/bi/mi/basic.nhn?code=83095,https://ssl.pstatic.net/imgmovie/mdi/mit110/0830/83095_P03_143751.jpg,2010,['후카가와 요시히로'],"['호리키타 마키', '코라 켄고', '후나코시 에이이치로']",6.82
76,89,크로싱,https://movie.naver.com/movie/bi/mi/basic.nhn?code=46494,https://ssl.pstatic.net/imgmovie/mdi/mit110/0464/D6494-00.jpg,2008,['김태균'],"['차인표', '신명철']",9.03
77,90,그것,https://movie.naver.com/movie/bi/mi/basic.nhn?code=154668,https://ssl.pstatic.net/imgmovie/mdi/mit110/1546/154668_P07_101413.jpg,2017,['안드레스 무시에티'],"['빌 스카스가드', '제이든 마텔']",6.92
78,95,손님,https://movie.naver.com/movie/bi/mi/basic.nhn?code=122984,https://ssl.pstatic.net/imgmovie/mdi/mit110/1229/122984_P53_155816.jpg,2015,['김광태'],"['류승룡', '이성민', '천우희', '이준']",6.48
79,96,스피드 레이서,https://movie.naver.com/movie/bi/mi/basic.nhn?code=67075,https://ssl.pstatic.net/imgmovie/mdi/mit110/0670/F7075-00.jpg,2008,"['릴리 워쇼스키', '라나 워쇼스키']","['에밀 허쉬', '크리스티나 리치', '존 굿맨', '수잔 서랜든']",7.53
80,97,볼트,https://movie.naver.com/movie/bi/mi/basic.nhn?code=47411,https://ssl.pstatic.net/imgmovie/mdi/mit110/0474/D7411-00.jpg,2008,"['바이론 하워드', '크리스 윌리엄스']","['존 트라볼타', '마일리 사이러스', '수지 에스먼', '마크 월튼']",9.04
81,98,더 파이브,https://movie.naver.com/movie/bi/mi/basic.nhn?code=93727,https://ssl.pstatic.net/imgmovie/mdi/mit110/0937/93727_P74_181946.jpg,2013,['정연식'],"['김선아', '온주완', '마동석', '신정근', '정인기', '이청아', '박효주']",6.13
82,99,푸시,https://movie.naver.com/movie/bi/mi/basic.nhn?code=50407,https://ssl.pstatic.net/imgmovie/mdi/mit110/0504/E0407-00.jpg,2009,['폴 맥기건'],"['크리스 에반스', '다코타 패닝', '카밀라 벨', '클리프 커티스', '디몬 하운수']",6.75
83,100,신데렐라,https://movie.naver.com/movie/bi/mi/basic.nhn?code=101963,https://ssl.pstatic.net/imgmovie/mdi/mit110/1019/101963_P81_161707.jpg,2015,['케네스 브래너'],"['릴리 제임스', '리차드 매든', '케이트 블란쳇', '헬레나 본햄 카터', '홀리데이 그레인저', '소피 맥쉐라']",8.37
84,101,고질라,https://movie.naver.com/movie/bi/mi/basic.nhn?code=100987,https://ssl.pstatic.net/imgmovie/mdi/mit110/1009/100987_P12_173359.jpg,2014,['가렛 에드워즈'],"['애런 존슨', '브라이언 크랜스톤', '엘리자베스 올슨']",6.68
85,103,스위니 토드: 어느 잔혹한 이발사 이야기,https://movie.naver.com/movie/bi/mi/basic.nhn?code=62838,https://ssl.pstatic.net/imgmovie/mdi/mit110/0628/F2838-01.jpg,2007,['팀 버튼'],"['조니 뎁', '헬레나 본햄 카터']",7.35
86,105,님스 아일랜드,https://movie.naver.com/movie/bi/mi/basic.nhn?code=68334,https://ssl.pstatic.net/imgmovie/mdi/mit110/0683/F8334-00.jpg,2008,"['제니퍼 플랙켓', '마크 레빈']","['아비게일 브레스린', '조디 포스터', '제라드 버틀러']",6.17
87,106,하늘에서 음식이 내린다면,https://movie.naver.com/movie/bi/mi/basic.nhn?code=53041,https://ssl.pstatic.net/imgmovie/mdi/mit110/0530/53041_P66_172435.jpg,2009,"['필 로드', '크리스 밀러']","['빌 헤이더', '안나 페리스', '제임스 칸', '앤디 샘버그']",8.27
88,107,실종,https://movie.naver.com/movie/bi/mi/basic.nhn?code=47987,https://ssl.pstatic.net/imgmovie/mdi/mit110/0479/D7987-01.jpg,2009,['김성홍'],"['문성근', '추자현', '전세현']",6.06
89,108,사냥,https://movie.naver.com/movie/bi/mi/basic.nhn?code=136899,https://ssl.pstatic.net/imgmovie/mdi/mit110/1368/136899_P42_101108.jpg,2016,['이우철'],"['안성기', '조진웅', '한예리', '권율']",6.12
90,109,리오,https://movie.naver.com/movie/bi/mi/basic.nhn?code=76455,https://ssl.pstatic.net/imgmovie/mdi/mit110/0764/76455_P00_151818.jpg,2011,['카를로스 살다나'],"['앤 해서웨이', '제시 아이젠버그']",8.94
91,110,호튼,https://movie.naver.com/movie/bi/mi/basic.nhn?code=65473,https://ssl.pstatic.net/imgmovie/mdi/mit110/0654/F5473-01.jpg,2008,"['지미 헤이워드', '스티브 마티노']","['짐 캐리', '스티브 카렐']",8.17
92,112,인 타임,https://movie.naver.com/movie/bi/mi/basic.nhn?code=76972,https://ssl.pstatic.net/imgmovie/mdi/mit110/0769/76972_P00_135352.jpg,2011,['앤드류 니콜'],"['아만다 사이프리드', '저스틴 팀버레이크', '킬리언 머피']",7.41
93,113,파파,https://movie.naver.com/movie/bi/mi/basic.nhn?code=85906,https://ssl.pstatic.net/imgmovie/mdi/mit110/0859/85906_P02_183843.jpg,2012,['한지승'],"['박용우', '고아라']",8.14
94,114,그린치,https://movie.naver.com/movie/bi/mi/basic.nhn?code=150688,https://ssl.pstatic.net/imgmovie/mdi/mit110/1506/150688_P30_101919.jpg,2018,"['야로우 체니', '스콧 모지어']","['베네딕트 컴버배치', '퍼렐 윌리엄스']",8.34
95,115,트럭,https://movie.naver.com/movie/bi/mi/basic.nhn?code=66754,https://ssl.pstatic.net/imgmovie/mdi/mit110/0667/F6754-01.jpg,2007,['권형진'],"['유해진', '진구']",6.88
96,116,버닝,https://movie.naver.com/movie/bi/mi/basic.nhn?code=189276,https://ssl.pstatic.net/imgmovie/mdi/mit110/1892/189276_P07_165646.jpg,2019,['마이크 간'],"['틸다 코브햄-허비', '조쉬 허처슨', '수키 워터하우스']",3.33
97,116,버닝,https://movie.naver.com/movie/bi/mi/basic.nhn?code=155263,https://ssl.pstatic.net/imgmovie/mdi/mit110/1552/155263_P25_112431.jpg,2018,['이창동'],"['유아인', '스티븐 연', '전종서']",6.74
98,117,몬스터,https://movie.naver.com/movie/bi/mi/basic.nhn?code=146926,https://ssl.pstatic.net/imgmovie/mdi/mit110/1469/146926_P03_140742.jpg,2016,['주성우'],"['강지환', '성유리', '박기웅', '수현']",8.29
99,118,미스트,https://movie.naver.com/movie/bi/mi/basic.nhn?code=68984,https://ssl.pstatic.net/imgmovie/mdi/mit110/0689/68984_P47_153240.jpg,2007,['프랭크 다라본트'],"['토마스 제인', '마샤 게이 하든', '로리 홀든', '안드레 브라우퍼', '토비 존스', '윌리암 새들러', '제프리 드먼', '프란시스 스턴하겐', '알렉사 다바로스', '나단 겜블']",7.31
100,119,언노운,https://movie.naver.com/movie/bi/mi/basic.nhn?code=72042,https://ssl.pstatic.net/imgmovie/mdi/mit110/0720/72042_P11_163710.jpg,2011,['자움 콜렛 세라'],['리암 니슨'],7.72
101,120,피라냐,https://movie.naver.com/movie/bi/mi/basic.nhn?code=72181,https://ssl.pstatic.net/imgmovie/mdi/mit110/0721/72181_P26_114117.jpg,2010,['알렉산드르 아야'],"['엘리자베스 슈', '아담 스콧', '제리 오코넬', '빙 라메스', '제시카 스자르', '스티븐 R. 맥퀸', '디나 메이어']",6.69
102,121,여배우들,https://movie.naver.com/movie/bi/mi/basic.nhn?code=54563,https://ssl.pstatic.net/imgmovie/mdi/mit110/0545/54563_P36_142938.jpg,2009,['이재용'],"['윤여정', '이미숙', '고현정', '최지우', '김민희', '김옥빈']",6.85
103,123,어웨이크,https://movie.naver.com/movie/bi/mi/basic.nhn?code=56232,https://ssl.pstatic.net/imgmovie/mdi/mit110/0562/E6232-00.jpg,2007,['조비 해롤드'],"['헤이든 크리스텐슨', '제시카 알바', '레나 올린']",7.01
104,124,그레이트 월,https://movie.naver.com/movie/bi/mi/basic.nhn?code=126034,https://ssl.pstatic.net/imgmovie/mdi/mit110/1260/126034_P12_153724.jpg,2016,['장이머우'],"['맷 데이먼', '페드로 파스칼', '루한', '유덕화', '경첨', '윌렘 대포']",6.29
105,125,나인,https://movie.naver.com/movie/bi/mi/basic.nhn?code=67294,https://ssl.pstatic.net/imgmovie/mdi/mit110/0672/67294_P67_105029.jpg,2009,['롭 마샬'],"['다니엘 데이 루이스', '마리옹 꼬띠아르', '니콜 키드먼', '페넬로페 크루즈', '주디 덴치', '소피아 로렌']",6.74
106,127,침묵,https://movie.naver.com/movie/bi/mi/basic.nhn?code=153642,https://ssl.pstatic.net/imgmovie/mdi/mit110/1536/153642_P102_113909.jpg,2017,['정지우'],"['최민식', '박신혜', '류준열', '이하늬']",7.92
107,128,카운트다운,https://movie.naver.com/movie/bi/mi/basic.nhn?code=107626,https://ssl.pstatic.net/imgmovie/mdi/mit110/1076/107626_P01_182845.jpg,2012,['나타우트 폰피리야'],"['파차라 치라치뱃', '파타라사야 크레우아수완스리', '자린포른 준키앗']",6.03
108,128,카운트다운,https://movie.naver.com/movie/bi/mi/basic.nhn?code=82188,https://ssl.pstatic.net/imgmovie/mdi/mit110/0821/82188_P55_153824.jpg,2011,['허종호'],"['정재영', '전도연']",7.44
109,129,리얼,https://movie.naver.com/movie/bi/mi/basic.nhn?code=137008,https://ssl.pstatic.net/imgmovie/mdi/mit110/1370/137008_P89_143540.jpg,2016,['이사랑'],"['김수현', '이성민', '성동일']",4.24
110,131,글래스,https://movie.naver.com/movie/bi/mi/basic.nhn?code=163826,https://ssl.pstatic.net/imgmovie/mdi/mit110/1638/163826_P07_174644.jpg,2018,['M. 나이트 샤말란'],"['제임스 맥어보이', '안야 테일러 조이', '브루스 윌리스', '사무엘 L. 잭슨', '사라 폴슨']",7.39
111,133,세 얼간이,https://movie.naver.com/movie/bi/mi/basic.nhn?code=101484,https://ssl.pstatic.net/imgmovie/mdi/mit110/1014/101484_P01_134755.jpg,2012,"['유학찬', '권성욱 ']","['이수근', '은지원', '김종민', '전현무']",5.94
112,134,파라노말 액티비티,https://movie.naver.com/movie/bi/mi/basic.nhn?code=71073,https://ssl.pstatic.net/imgmovie/mdi/mit110/0710/71073_P24_120825.jpg,2007,['오렌 펠리'],"['케이티 피더스턴', '미카 슬로앳', '마크 프레드릭스', '애슐리 팰머', '엠버 암스트롱']",7.46
113,135,오피스,https://movie.naver.com/movie/bi/mi/basic.nhn?code=120141,https://ssl.pstatic.net/imgmovie/mdi/mit110/1201/120141_P64_105339.jpg,2014,['홍원찬'],"['고아성', '박성웅']",6.37
114,136,리멤버,https://movie.naver.com/movie/bi/mi/basic.nhn?code=191657,https://ssl.pstatic.net/imgmovie/mdi/mit110/1916/191657_P92_160521.jpg,2020,['이일형'],"['이성민', '남주혁']",8.22
115,137,언더 워터,https://movie.naver.com/movie/bi/mi/basic.nhn?code=144943,https://ssl.pstatic.net/imgmovie/mdi/mit110/1449/144943_P14_161641.jpg,2016,['자움 콜렛 세라'],['블레이크 라이블리'],8.11
116,138,크로니클,https://movie.naver.com/movie/bi/mi/basic.nhn?code=86507,https://ssl.pstatic.net/imgmovie/mdi/mit110/0865/86507_P21_182514.jpg,2012,['조쉬 트랭크'],"['마이클 B. 조던', '알렉스 러셀', '데인 드한', '애슐리 힌쇼']",7.61
117,139,스토커,https://movie.naver.com/movie/bi/mi/basic.nhn?code=80465,https://ssl.pstatic.net/imgmovie/mdi/mit110/0804/80465_P44_174255.jpg,2013,['박찬욱'],"['미아 와시코브스카', '매튜 구드', '니콜 키드먼']",7.31
118,140,그레이의 50가지 그림자,https://movie.naver.com/movie/bi/mi/basic.nhn?code=115303,https://ssl.pstatic.net/imgmovie/mdi/mit110/1153/115303_P05_103428.jpg,2015,['샘 테일러 존슨'],"['다코타 존슨', '제이미 도넌', '제니퍼 엘', '루크 그림즈']",6.11
119,141,파라노말 액티비티 2,https://movie.naver.com/movie/bi/mi/basic.nhn?code=73787,https://ssl.pstatic.net/imgmovie/mdi/mit110/0737/73787_P08_193657.jpg,2010,['토드 윌리엄스'],"['케이티 피더스턴', '미카 슬로앳']",6.53
120,142,에브리씽 에브리웨어 올 앳 원스,https://movie.naver.com/movie/bi/mi/basic.nhn?code=219402,https://ssl.pstatic.net/imgmovie/mdi/mit110/2194/219402_P14_113944.jpg,2022,"['다니엘 콴', '다니엘 쉐이너트']","['양자경', '스테파니 수', '키 호이 콴', '제이미 리 커티스']",8.16
121,144,플립,https://movie.naver.com/movie/bi/mi/basic.nhn?code=137690,https://ssl.pstatic.net/imgmovie/mdi/mit110/1376/137690_P01_152353.jpg,2015,['헤리스 데멜'],"['스텔라 매브', '마이클 매드슨', '에반 타우벤펠드']",4.00
122,146,치외법권,https://movie.naver.com/movie/bi/mi/basic.nhn?code=130787,https://ssl.pstatic.net/imgmovie/mdi/mit110/1307/130787_P46_170120.jpg,2015,['신재호'],"['임창정', '최다니엘']",5.93
123,147,내 사랑,https://movie.naver.com/movie/bi/mi/basic.nhn?code=154437,https://ssl.pstatic.net/imgmovie/mdi/mit110/1544/154437_P11_154916.jpg,2016,['에이슬링 월쉬'],"['에단 호크', '샐리 호킨스']",9.22
124,148,에베레스트,https://movie.naver.com/movie/bi/mi/basic.nhn?code=118952,https://ssl.pstatic.net/imgmovie/mdi/mit110/1189/118952_P12_094439.jpg,2015,['발타자르 코루마쿠르'],"['제이크 질렌할', '로빈 라이트', '키이라 나이틀리', '제이슨 클락', '조슈 브롤린', '샘 워싱턴']",7.57
125,149,무서운 이야기,https://movie.naver.com/movie/bi/mi/basic.nhn?code=96326,https://ssl.pstatic.net/imgmovie/mdi/mit110/0963/96326_P30_180213.jpg,2012,"['정범식', '임대웅', '홍지영', '김곡', '김선', '민규동']","['김지영', '정은채', '남보라', '배수빈', '김현수', '노강민', '진태현', '최윤영', '나영희', '김예원', '조한철', '유연석', '김지원']",6.70
126,150,킬러스,https://movie.naver.com/movie/bi/mi/basic.nhn?code=70122,https://ssl.pstatic.net/imgmovie/mdi/mit110/0701/70122_P37_095318.jpg,2010,['로버트 루케틱'],"['애쉬튼 커쳐', '캐서린 헤이글']",7.07
127,151,프로포즈,https://movie.naver.com/movie/bi/mi/basic.nhn?code=54565,https://ssl.pstatic.net/imgmovie/mdi/mit110/0545/54565_P00_121829.jpg,2009,['앤 플레쳐'],"['산드라 블록', '라이언 레이놀즈']",8.67
128,152,아담스 패밀리,https://movie.naver.com/movie/bi/mi/basic.nhn?code=184357,https://ssl.pstatic.net/imgmovie/mdi/mit110/1843/184357_P12_104437.jpg,2019,"['그렉 티어난', '콘래드 버논']","['샤를리즈 테론', '클로이 모레츠', '오스카 아이삭', '핀 울프하드']",7.83
129,153,어글리 트루스,https://movie.naver.com/movie/bi/mi/basic.nhn?code=53350,https://ssl.pstatic.net/imgmovie/mdi/mit110/0533/53350_P00_135731.jpg,2009,['로버트 루케틱'],"['캐서린 헤이글', '제라드 버틀러']",8.41
130,154,빅풋 주니어,https://movie.naver.com/movie/bi/mi/basic.nhn?code=165025,https://ssl.pstatic.net/imgmovie/mdi/mit110/1650/165025_P04_111613.jpg,2017,"['제레미 데그루손', '벤 스타센']","['우정신', '임채헌']",8.84
131,155,P.S 아이 러브 유,https://movie.naver.com/movie/bi/mi/basic.nhn?code=69099,https://ssl.pstatic.net/imgmovie/mdi/mit110/0690/F9099-00.jpg,2007,['리처드 라그라브네스'],"['힐러리 스웽크', '제라드 버틀러']",8.37
132,157,더 그레이,https://movie.naver.com/movie/bi/mi/basic.nhn?code=87314,https://ssl.pstatic.net/imgmovie/mdi/mit110/0873/87314_P23_110908.jpg,2012,['조 카나한'],['리암 니슨'],7.68
133,158,후드,https://movie.naver.com/movie/bi/mi/basic.nhn?code=144266,https://ssl.pstatic.net/imgmovie/mdi/mit110/1442/144266_P15_111933.jpg,2018,['오토 바서스트'],"['태런 에저튼', '제이미 폭스', '벤 멘델슨', '제이미 도넌']",6.48
134,159,런,https://movie.naver.com/movie/bi/mi/basic.nhn?code=190722,https://ssl.pstatic.net/imgmovie/mdi/mit110/1907/190722_P19_095924.jpg,2020,['아니쉬 차간티'],"['사라 폴슨', '키에라 앨<b>런</b>']",8.22
135,160,다이노 타임,https://movie.naver.com/movie/bi/mi/basic.nhn?code=78294,https://ssl.pstatic.net/imgmovie/mdi/mit110/0782/78294_P27_112457.jpg,2012,"['최윤석', '존 카프카']","['멜라니 그리피스', '제인 린치', '윌리암 볼드윈', '스티븐 볼드윈', '롭 슈나이더', '파멜라 애들론', '타라 스트롱', '유리 로웬탈']",8.40
136,161,눈의 여왕,https://movie.naver.com/movie/bi/mi/basic.nhn?code=97854,https://ssl.pstatic.net/imgmovie/mdi/mit110/0978/97854_P20_114449.jpg,2012,"['블라드 바르베', '막심 스베시니코프']","['갈리나 티유니나', '안나 슈로치키나', '이반 오클로비스틴']",5.19
137,164,상하이,https://movie.naver.com/movie/bi/mi/basic.nhn?code=96382,https://ssl.pstatic.net/imgmovie/mdi/mit110/0963/96382_P01_150925.jpg,2012,['디바카 바너지'],"['임란 하쉬미', '아브헤이 데올', '프라센짓 카터지']",1.00
138,164,상하이,https://movie.naver.com/movie/bi/mi/basic.nhn?code=47428,https://ssl.pstatic.net/imgmovie/mdi/mit110/0474/47428_P05_155700.jpg,2010,['미카엘 하프스트롬'],"['존 쿠삭', '공리', '주윤발', '와타나베 켄']",8.34
139,166,원더,https://movie.naver.com/movie/bi/mi/basic.nhn?code=151196,https://ssl.pstatic.net/imgmovie/mdi/mit110/1511/151196_P45_151803.jpg,2017,['스티븐 크보스키'],"['제이콥 트렘블레이', '줄리아 로버츠', '오웬 윌슨', '이자벨라 비도빅']",9.53
140,168,인터내셔널,https://movie.naver.com/movie/bi/mi/basic.nhn?code=68434,https://ssl.pstatic.net/imgmovie/mdi/mit110/0684/F8434-00.jpg,2009,['톰 티크베어'],"['클라이브 오웬', '나오미 왓츠']",6.07
141,169,서약,https://movie.naver.com/movie/bi/mi/basic.nhn?code=84414,https://ssl.pstatic.net/imgmovie/mdi/mit110/0844/84414_P26_100535.jpg,2012,['마이클 수지'],"['레이첼 맥아담스', '채닝 테이텀']",8.25
142,170,레고 무비,https://movie.naver.com/movie/bi/mi/basic.nhn?code=99094,https://ssl.pstatic.net/imgmovie/mdi/mit110/0990/99094_P34_105227.jpg,2014,"['필 로드', '크리스 밀러']","['윌 페렐', '리암 니슨', '알리슨 브리', '엘리자베스 뱅크스', '모건 프리먼', '윌 아넷', '크리스 프랫']",8.47
143,171,비행기,https://movie.naver.com/movie/bi/mi/basic.nhn?code=100935,https://ssl.pstatic.net/imgmovie/mdi/mit110/1009/100935_P09_113859.jpg,2013,['클레이 홀'],"['발 킬머', '테리 해처', '세드릭 더 엔터테이너', '줄리아 루이스 드레이퍼스', '브래드 거렛', '존 클리즈', '데인 쿡', '안소니 에드워즈', '프리앙카 초프라', '카를로스 엘라즈라퀴', '스테이시 키치']",7.46
144,172,어느날,https://movie.naver.com/movie/bi/mi/basic.nhn?code=146544,https://ssl.pstatic.net/imgmovie/mdi/mit110/1465/146544_P33_174747.jpg,2016,['이윤기'],"['김남길', '천우희']",7.81
145,173,딥,https://movie.naver.com/movie/bi/mi/basic.nhn?code=176748,https://ssl.pstatic.net/imgmovie/mdi/mit110/1767/176748_P07_135834.jpg,2018,['조성규'],"['최여진', '정채율', '류승수', '서리나']",5.86
146,173,딥,https://movie.naver.com/movie/bi/mi/basic.nhn?code=163663,https://ssl.pstatic.net/imgmovie/mdi/mit110/1636/163663_P15_095410.jpg,2017,['줄리오 소토 거피드'],"['심규혁', '사문영', '이인성', '이지현']",8.05
147,174,일라이,https://movie.naver.com/movie/bi/mi/basic.nhn?code=70000,https://ssl.pstatic.net/imgmovie/mdi/mit110/0700/70000_P46_110528.jpg,2010,"['알버트 휴즈', '알렌 휴즈']","['덴젤 워싱턴', '게리 올드만']",7.22
148,175,마마,https://movie.naver.com/movie/bi/mi/basic.nhn?code=98996,https://ssl.pstatic.net/imgmovie/mdi/mit110/0989/98996_P11_104235.jpg,2013,['안드레스 무시에티'],"['제시카 차스테인', '니콜라이 코스터-왈도', '메건 카펜티어', '이자벨 넬리스', '다니엘 캐쉬']",7.71
149,175,마마,https://movie.naver.com/movie/bi/mi/basic.nhn?code=79565,https://ssl.pstatic.net/imgmovie/mdi/mit110/0795/79565_P45_170006.jpg,2011,['최익환'],"['엄정화', '김해숙', '유해진', '전수경', '류현경', '이형석']",7.88
150,177,노미오와 줄리엣,https://movie.naver.com/movie/bi/mi/basic.nhn?code=76444,https://ssl.pstatic.net/imgmovie/mdi/mit110/0764/76444_P05_120924.jpg,2011,['켈리 애스버리'],"['이준', '지연', '제임스 맥어보이', '에밀리 블런트']",8.30
151,178,언데드,https://movie.naver.com/movie/bi/mi/basic.nhn?code=51947,https://ssl.pstatic.net/imgmovie/mdi/mit110/0519/E1947-00.jpg,2009,['데이빗 S. 고이어'],"['오데트 애나벨', '게리 올드만', '메건 굿']",4.47
152,179,프리즌 이스케이프,https://movie.naver.com/movie/bi/mi/basic.nhn?code=193804,https://ssl.pstatic.net/imgmovie/mdi/mit110/1938/193804_P04_105152.jpg,2020,['프란시스 아난'],"['다니엘 래드클리프', '다니엘 웨버']",8.34
153,180,송 포 유,https://movie.naver.com/movie/bi/mi/basic.nhn?code=98728,https://ssl.pstatic.net/imgmovie/mdi/mit110/0987/98728_P18_174739.jpg,2012,['<b>폴</b> 앤드류 윌리엄스'],"['젬마 아터튼', '바네사 레드그레이브', '테렌스 스탬프']",8.72
154,182,코코 샤넬,https://movie.naver.com/movie/bi/mi/basic.nhn?code=53000,https://ssl.pstatic.net/imgmovie/mdi/mit110/0530/53000_P00_123247.jpg,2009,['안느 퐁텐'],"['오드리 토투', '브누와 뽀엘부르드']",6.22
155,183,한나,https://movie.naver.com/movie/bi/mi/basic.nhn?code=76456,https://ssl.pstatic.net/imgmovie/mdi/mit110/0764/76456_P10_172957.jpg,2011,['조 라이트'],"['시얼샤 로넌', '에릭 바나', '케이트 블란쳇']",6.17
156,184,카오스,https://movie.naver.com/movie/bi/mi/basic.nhn?code=84166,https://ssl.pstatic.net/imgmovie/mdi/mit110/0841/84166_P01_104633.jpg,2011,"['론 언더우드', '브렛 래트너']","['매튜 해리슨', '프레디 로드리게스']",7.75
157,184,카오스,https://movie.naver.com/movie/bi/mi/basic.nhn?code=66962,https://ssl.pstatic.net/imgmovie/mdi/mit110/0669/F6962-00.jpg,2005,['토니 기글리오'],"['제이슨 스타뎀', '웨슬리 스나입스', '라이언 필립', '저스틴 와델', '헨리 제니']",6.73
158,185,원 데이,https://movie.naver.com/movie/bi/mi/basic.nhn?code=79770,https://ssl.pstatic.net/imgmovie/mdi/mit110/0797/79770_P101_134219.jpg,2011,['론 쉐르픽'],"['앤 해서웨이', '짐 스터게스']",8.25
159,186,비스트,https://movie.naver.com/movie/bi/mi/basic.nhn?code=179875,https://ssl.pstatic.net/imgmovie/mdi/mit110/1798/179875_P37_142918.jpg,2019,['이정호'],"['이성민', '유재명', '전혜진', '최다니엘']",5.19
160,187,언니,https://movie.naver.com/movie/bi/mi/basic.nhn?code=152344,https://ssl.pstatic.net/imgmovie/mdi/mit110/1523/152344_P75_112734.jpg,2018,['임경택'],"['이시영', '박세완', '이준혁', '최진호']",5.51
161,188,미러,https://movie.naver.com/movie/bi/mi/basic.nhn?code=50098,https://ssl.pstatic.net/imgmovie/mdi/mit110/0500/E0098-00.jpg,2008,['알렉산드르 아야'],"['키퍼 서덜랜드', '폴라 패튼']",7.62
162,189,응징자,https://movie.naver.com/movie/bi/mi/basic.nhn?code=99800,https://ssl.pstatic.net/imgmovie/mdi/mit110/0998/99800_P16_142720.jpg,2013,['신재호'],"['양동근', '주상욱', '이태임']",6.11
163,190,보이후드,https://movie.naver.com/movie/bi/mi/basic.nhn?code=118348,https://ssl.pstatic.net/imgmovie/mdi/mit110/1183/118348_P10_134405.jpg,2014,['리처드 링클레이터'],"['엘라 콜트레인', '에단 호크', '패트리샤 아퀘트', '로렐라이 링크레이터']",8.76
164,191,팬,https://movie.naver.com/movie/bi/mi/basic.nhn?code=119431,https://ssl.pstatic.net/imgmovie/mdi/mit110/1194/119431_P11_135004.jpg,2015,['조 라이트'],"['휴 잭맨', '가렛 헤드룬드', '루니 마라', '리바이 밀러', '아만다 사이프리드']",7.78
165,192,유령 작가,https://movie.naver.com/movie/bi/mi/basic.nhn?code=49945,https://ssl.pstatic.net/imgmovie/mdi/mit110/0499/49945_P29_163916.jpg,2010,['로만 폴란스키'],"['이완 맥그리거', '피어스 브로스넌', '킴 캐트럴', '올리비아 윌리암스', '톰 윌킨슨']",7.11
166,193,레전드,https://movie.naver.com/movie/bi/mi/basic.nhn?code=129012,https://ssl.pstatic.net/imgmovie/mdi/mit110/1290/129012_P21_103353.jpg,2015,['브라이언 헬겔랜드'],"['톰 하디', '태런 에저튼', '에밀리 브라우닝']",7.22
167,194,유전,https://movie.naver.com/movie/bi/mi/basic.nhn?code=172420,https://ssl.pstatic.net/imgmovie/mdi/mit110/1724/172420_P26_102251.jpg,2017,['아리 에스터'],"['토니 콜렛', '가브리엘 번', '알렉스 울프', '밀리 샤피로']",7.25
168,195,더 로드,https://movie.naver.com/movie/bi/mi/basic.nhn?code=95504,https://ssl.pstatic.net/imgmovie/mdi/mit110/0955/95504_P09_172958.jpg,2011,['얌 라라나스'],"['카르미나 빌라로엘', '리안 라모스', 'TJ 트린니대드']",5.42
169,196,부활,https://movie.naver.com/movie/bi/mi/basic.nhn?code=133496,https://ssl.pstatic.net/imgmovie/mdi/mit110/1334/133496_P32_105520.jpg,2016,['케빈 레이놀즈'],"['톰 펠튼', '조셉 파인즈', '클리프 커티스']",8.40
170,197,업사이드 다운,https://movie.naver.com/movie/bi/mi/basic.nhn?code=78837,https://ssl.pstatic.net/imgmovie/mdi/mit110/0788/78837_P01_113916.jpg,2012,['후안 솔라나스'],"['커스틴 던스트', '짐 스터게스']",6.55
171,198,조이,https://movie.naver.com/movie/bi/mi/basic.nhn?code=125458,https://ssl.pstatic.net/imgmovie/mdi/mit110/1254/125458_P08_141710.jpg,2015,['데이비드 O. 러셀'],"['제니퍼 로렌스', '로버트 드 니로', '브래들리 쿠퍼']",8.11
172,200,나는 아빠다,https://movie.naver.com/movie/bi/mi/basic.nhn?code=78784,https://ssl.pstatic.net/imgmovie/mdi/mit110/0787/78784_P14_141342.jpg,2010,"['전만배', '이세영']","['김승우', '손병호', '임하룡', '최정윤', '김새론']",5.64
173,201,비밀애,https://movie.naver.com/movie/bi/mi/basic.nhn?code=52530,https://ssl.pstatic.net/imgmovie/mdi/mit110/0525/52530_P32_092621.jpg,2010,['류훈'],"['유지태', '윤진서']",4.85
174,202,무법자,https://movie.naver.com/movie/bi/mi/basic.nhn?code=51161,https://ssl.pstatic.net/imgmovie/mdi/mit110/0511/51161_P12_125638.jpg,2009,['김철한'],"['감우성', '장신영', '김민주']",5.52
175,205,부산,https://movie.naver.com/movie/bi/mi/basic.nhn?code=52545,https://ssl.pstatic.net/imgmovie/mdi/mit110/0525/52545_P72_122837.jpg,2009,['박지원'],"['김영호', '고창석', '유승호', '정선경']",4.89
176,206,니코,https://movie.naver.com/movie/bi/mi/basic.nhn?code=51775,https://ssl.pstatic.net/imgmovie/mdi/mit110/0517/E1775-01.jpg,2008,"['마이클 해트너', '캐리 주스넌']","['한누-펙카 뵤르크만', '부오코 호바타', '올리 얀투넨']",8.01
177,208,데스 레이스,https://movie.naver.com/movie/bi/mi/basic.nhn?code=47407,https://ssl.pstatic.net/imgmovie/mdi/mit110/0474/D7407-00.jpg,2008,['폴 앤더슨'],"['제이슨 스타뎀', '타이레스 깁슨']",8.58
178,209,아메리칸 허슬,https://movie.naver.com/movie/bi/mi/basic.nhn?code=98917,https://ssl.pstatic.net/imgmovie/mdi/mit110/0989/98917_P16_111218.jpg,2013,['데이비드 O. 러셀'],"['제레미 레너', '에이미 아담스', '브래들리 쿠퍼', '크리스찬 베일', '제니퍼 로렌스']",7.53
179,211,스테이트 오브 플레이,https://movie.naver.com/movie/bi/mi/basic.nhn?code=66507,https://ssl.pstatic.net/imgmovie/mdi/mit110/0665/F6507-01.jpg,2009,['캐빈 맥도널드'],"['러셀 크로우', '레이첼 맥아담스', '벤 애플렉']",7.64
180,212,기프트,https://movie.naver.com/movie/bi/mi/basic.nhn?code=52224,https://ssl.pstatic.net/imgmovie/mdi/mit110/0522/E2224-01.jpg,2009,['그레그 마크스'],"['쉐인 웨스트', '에드워드 번즈', '빙 라메스', '마틴 쉰']",5.27
181,213,크레이지,https://movie.naver.com/movie/bi/mi/basic.nhn?code=71943,https://ssl.pstatic.net/imgmovie/mdi/mit110/0719/71943_P46_183106.jpg,2010,['브렉 에이즈너'],"['티모시 올리펀트', '라다 미첼', '조 앤더슨', '다니엘 파나베이커']",7.25
182,215,헬프,https://movie.naver.com/movie/bi/mi/basic.nhn?code=82432,https://ssl.pstatic.net/imgmovie/mdi/mit110/0824/82432_P00_140907.jpg,2011,['테이트 테일러'],"['엠마 스톤', '비올라 데이비스', '옥타비아 스펜서', '브라이스 달라스 하워드', '제시카 차스테인']",9.42
183,216,키친,https://movie.naver.com/movie/bi/mi/basic.nhn?code=67562,https://ssl.pstatic.net/imgmovie/mdi/mit110/0675/F7562-01.jpg,2009,['홍지영'],"['신민아', '김태우', '주지훈']",6.42
184,218,화장,https://movie.naver.com/movie/bi/mi/basic.nhn?code=115512,https://ssl.pstatic.net/imgmovie/mdi/mit110/1155/115512_P137_141114.jpg,2014,['임권택'],"['안성기', '김규리', '김호정']",6.69
185,219,크롤,https://movie.naver.com/movie/bi/mi/basic.nhn?code=183803,https://ssl.pstatic.net/imgmovie/mdi/mit110/1838/183803_P14_153255.jpg,2019,['알렉산드르 아야'],"['카야 스코델라리오', '배리 페퍼']",6.35
186,220,플로렌스,https://movie.naver.com/movie/bi/mi/basic.nhn?code=136845,https://ssl.pstatic.net/imgmovie/mdi/mit110/1368/136845_P15_135930.jpg,2016,['스티븐 프리어즈'],"['메릴 스트립', '휴 그랜트', '사이몬 헬버그', '레베카 퍼거슨']",8.47
187,221,나이트메어,https://movie.naver.com/movie/bi/mi/basic.nhn?code=70883,https://ssl.pstatic.net/imgmovie/mdi/mit110/0708/70883_P10_103927.jpg,2010,['사무엘 베이어'],"['잭키 얼 헤일리', '카일 갈너', '루니 마라', '케이티 캐시디', '토마스 데커', '켈란 루츠', '클랜시 브라운', '코니 브리튼', '리아 D. 모텐슨']",5.81
188,222,50/50,https://movie.naver.com/movie/bi/mi/basic.nhn?code=78846,https://ssl.pstatic.net/imgmovie/mdi/mit110/0788/78846_P00_105923.jpg,2011,['조나단 레빈'],"['조셉 고든 레빗', '세스 로건']",8.36
189,223,파이터,https://movie.naver.com/movie/bi/mi/basic.nhn?code=71768,https://ssl.pstatic.net/imgmovie/mdi/mit110/0717/71768_P08_145417.jpg,2010,['데이비드 O. 러셀'],"['마크 월버그', '크리스찬 베일']",8.85
190,225,죽이고 싶은,https://movie.naver.com/movie/bi/mi/basic.nhn?code=54971,https://ssl.pstatic.net/imgmovie/mdi/mit110/0549/54971_P14_175434.jpg,2010,"['조원희', '김상화']","['천호진', '유해진']",7.13
191,227,두 여자,https://movie.naver.com/movie/bi/mi/basic.nhn?code=73396,https://ssl.pstatic.net/imgmovie/mdi/mit110/0733/73396_P12_152900.jpg,2010,['정윤수'],"['신은경', '정준호', '심이영']",6.57
192,228,스트리트댄스,https://movie.naver.com/movie/bi/mi/basic.nhn?code=75016,https://ssl.pstatic.net/imgmovie/mdi/mit110/0750/75016_P22_172145.jpg,2010,"['맥스 기와', '다니아 파스퀴니']","['리처드 윈저', '니콜라 벌리']",7.40
193,230,슈퍼히어로,https://movie.naver.com/movie/bi/mi/basic.nhn?code=65958,https://ssl.pstatic.net/imgmovie/mdi/mit110/0659/65958_P03_184531.jpg,2008,['크레이그 매진'],"['드레이크 벨', '사라 팩스톤', '크리스토퍼 맥도날드', '레슬리 닐슨']",6.09
194,231,애프터 라이프,https://movie.naver.com/movie/bi/mi/basic.nhn?code=66570,https://ssl.pstatic.net/imgmovie/mdi/mit110/0665/66570_P08_121535.jpg,2009,['아그네츠카 보토위츠 보슬루'],"['크리스티나 리치', '리암 니슨', '저스틴 롱']",6.46
195,232,아티스트,https://movie.naver.com/movie/bi/mi/basic.nhn?code=84856,https://ssl.pstatic.net/imgmovie/mdi/mit110/0848/84856_P52_174455.jpg,2011,['미셀 하자나비시우스'],"['존 굿맨', '장 뒤자르댕', '베레니스 베조', '제임스 크롬웰']",8.73
196,233,데블,https://movie.naver.com/movie/bi/mi/basic.nhn?code=76037,https://ssl.pstatic.net/imgmovie/mdi/mit110/0760/76037_P16_101835.jpg,2010,['존 에릭 도들'],"['크리스 메시나', '로건 마샬 그린', '제니 오하라', '보자나 노바코빅', '보킴 우드바인', '제프리 아렌드', '제이콥 바가스', '맷 크레이븐']",7.44
197,234,내가 숨쉬는 공기,https://movie.naver.com/movie/bi/mi/basic.nhn?code=66601,https://ssl.pstatic.net/imgmovie/mdi/mit110/0666/F6601-00.jpg,2007,['이지호'],"['포레스트 휘태커', '케빈 베이컨', '브렌든 프레이저', '앤디 가르시아', '사라 미셸 겔러', '줄리 델피']",7.07
198,235,여교사,https://movie.naver.com/movie/bi/mi/basic.nhn?code=139673,https://ssl.pstatic.net/imgmovie/mdi/mit110/1396/139673_P17_113054.jpg,2015,['김태용'],"['김하늘', '유인영', '이원근']",6.57
199,236,안나,https://movie.naver.com/movie/bi/mi/basic.nhn?code=171465,https://ssl.pstatic.net/imgmovie/mdi/mit110/1714/171465_P23_111036.jpg,2018,['뤽 베송'],"['킬리언 머피', '루크 에반스', '헬렌 미렌', '사샤 루스']",8.65
200,237,로스트 시티,https://movie.naver.com/movie/bi/mi/basic.nhn?code=212098,https://ssl.pstatic.net/imgmovie/mdi/mit110/2120/212098_P15_142254.jpg,2022,"['아론 니', '애덤 니']","['산드라 블록', '채닝 테이텀', '다니엘 래드클리프']",6.12
201,238,스트레인지 월드,https://movie.naver.com/movie/bi/mi/basic.nhn?code=217078,https://ssl.pstatic.net/imgmovie/mdi/mit110/2170/217078_P08_180631.jpg,2022,"['퀴 응우옌', '돈 홀']","['제이크 질렌할', '데니스 퀘이드', '가브리엘 유니온', '루시 리우']",5.90
202,239,아담스 패밀리 2,https://movie.naver.com/movie/bi/mi/basic.nhn?code=210283,https://ssl.pstatic.net/imgmovie/mdi/mit110/2102/210283_P17_144239.jpg,2021,"['그렉 티어난', '콘래드 버논']","['오스카 아이삭', '샤를리즈 테론', '클로이 모레츠', '닉 크롤', '스눕 독', '빌 헤이더', '제이본 워너 월튼']",6.88
203,240,엽문,https://movie.naver.com/movie/bi/mi/basic.nhn?code=48602,https://ssl.pstatic.net/imgmovie/mdi/mit110/0486/48602_P66_150141.jpg,2008,['엽위신'],"['견자단', '임달화', '슝다이린']",9.23
204,242,미운 오리 새끼의 모험,https://movie.naver.com/movie/bi/mi/basic.nhn?code=65953,https://ssl.pstatic.net/imgmovie/mdi/mit110/0659/65953_P24_180533.jpg,2006,"['마이클 해트너', '카르스텐 킬레리치']","['저스틴 그렉', '모건 C. 존스']",8.28
205,243,히트,https://movie.naver.com/movie/bi/mi/basic.nhn?code=97694,https://ssl.pstatic.net/imgmovie/mdi/mit110/0976/97694_P03_134250.jpg,2013,['폴 페이그'],"['산드라 블록', '멜리사 맥카시', '타란 킬램']",8.12
206,243,히트,https://movie.naver.com/movie/bi/mi/basic.nhn?code=85697,https://ssl.pstatic.net/imgmovie/mdi/mit110/0856/85697_P12_165609.jpg,2011,['이성한'],"['한재석', '송영창', '정성화', '박성웅', '이하늬', '윤택', '마르코']",3.60
207,244,할로윈,https://movie.naver.com/movie/bi/mi/basic.nhn?code=170879,https://ssl.pstatic.net/imgmovie/mdi/mit110/1708/170879_P03_161546.jpg,2018,['데이빗 고든 그린'],"['주디 그리어', '제이미 리 커티스']",6.25
208,245,21,https://movie.naver.com/movie/bi/mi/basic.nhn?code=69040,https://ssl.pstatic.net/imgmovie/mdi/mit110/0690/F9040-00.jpg,2008,['로버트 루케틱'],"['짐 스터게스', '케이트 보스워스', '아론 유', '리자 라피라', '제이콥 피츠', '조시 게드', '샘 골자리', '로렌스 피시번', '케빈 스페이시']",8.03
209,246,프리덤,https://movie.naver.com/movie/bi/mi/basic.nhn?code=137991,https://ssl.pstatic.net/imgmovie/mdi/mit110/1379/137991_P34_164421.jpg,2014,['피터 쿠센스'],"['쿠바 구딩 쥬니어', '윌리암 새들러', '샤론 릴', '베르나르드 포처']",7.38
210,251,공포의 묘지,https://movie.naver.com/movie/bi/mi/basic.nhn?code=181419,https://ssl.pstatic.net/imgmovie/mdi/mit110/1814/181419_P28_165542.jpg,2019,"['케빈 콜쉬', '데니스 위드미어']","['존 리스고', '제이슨 클락', '에이미 세이메츠', '주테 로랑스']",4.93
211,252,몬스터 헌터,https://movie.naver.com/movie/bi/mi/basic.nhn?code=190011,https://ssl.pstatic.net/imgmovie/mdi/mit110/1900/190011_P14_102207.jpg,2020,['폴 앤더슨'],"['밀라 요보비치', '토니 자']",5.72
212,254,게이트,https://movie.naver.com/movie/bi/mi/basic.nhn?code=172005,https://ssl.pstatic.net/imgmovie/mdi/mit110/1720/172005_P65_144726.jpg,2017,['신재호'],"['정려원', '임창정', '정상훈', '이경영', '이문식', '김도훈']",3.68
213,256,라이언,https://movie.naver.com/movie/bi/mi/basic.nhn?code=134841,https://ssl.pstatic.net/imgmovie/mdi/mit110/1348/134841_P22_150114.jpg,2016,['가스 데이비스'],"['데브 파텔', '루니 마라', '니콜 키드먼', '데이비드 웬햄', '써니 파와르']",9.24
214,258,사일런스,https://movie.naver.com/movie/bi/mi/basic.nhn?code=179973,https://ssl.pstatic.net/imgmovie/mdi/mit110/1799/179973_P08_102347.jpg,2019,['존 R. 레오네티'],"['키에넌 시프카', '스탠리 투치']",5.39
215,258,사일런스,https://movie.naver.com/movie/bi/mi/basic.nhn?code=90922,https://ssl.pstatic.net/imgmovie/mdi/mit110/0909/90922_P17_100658.jpg,2016,['마틴 스코세이지'],"['앤드류 가필드', '리암 니슨', '아담 드라이버']",8.18
216,259,루이스,https://movie.naver.com/movie/bi/mi/basic.nhn?code=178214,https://ssl.pstatic.net/imgmovie/mdi/mit110/1782/178214_P10_102058.jpg,2018,"['울프강 라우엔슈타인', '크리스토프 라우엔슈타인']","['폴 타이랙', '캘럼 말로니', '더모트 마제니스', '이안 코핑거']",8.94
217,260,크리미널,https://movie.naver.com/movie/bi/mi/basic.nhn?code=127395,https://ssl.pstatic.net/imgmovie/mdi/mit110/1273/127395_P38_150328.jpg,2016,['아리엘 브로멘'],"['라이언 레이놀즈', '케빈 코스트너', '게리 올드만', '토미 리 존스', '갤 가돗', '앨리스 이브']",7.96
218,261,마마,https://movie.naver.com/movie/bi/mi/basic.nhn?code=138232,https://ssl.pstatic.net/imgmovie/mdi/mit110/1382/138232_P01_114959.jpg,2015,['고태욱'],['안창현'],10.00
219,261,마마,https://movie.naver.com/movie/bi/mi/basic.nhn?code=98996,https://ssl.pstatic.net/imgmovie/mdi/mit110/0989/98996_P11_104235.jpg,2013,['안드레스 무시에티'],"['제시카 차스테인', '니콜라이 코스터-왈도', '메건 카펜티어', '이자벨 넬리스', '다니엘 캐쉬']",7.71
220,263,더 보이,https://movie.naver.com/movie/bi/mi/basic.nhn?code=181701,https://ssl.pstatic.net/imgmovie/mdi/mit110/1817/181701_P09_111143.jpg,2019,['데이비드 야로베스키'],"['엘리자베스 뱅크스', '잭슨 A.<b>던</b>', '데이비드 덴맨']",4.85
221,265,더 콜,https://movie.naver.com/movie/bi/mi/basic.nhn?code=91700,https://ssl.pstatic.net/imgmovie/mdi/mit110/0917/91700_P01_112845.jpg,2013,['브래드 앤더슨'],"['아비게일 브레스린', '할리 베리', '모리스 체스트넛']",8.32
222,266,살인자,https://movie.naver.com/movie/bi/mi/basic.nhn?code=117281,https://ssl.pstatic.net/imgmovie/mdi/mit110/1172/117281_P01_095450.jpg,2013,['이기욱'],"['마동석', '안도규', '김현수']",5.82
223,267,숀더쉽,https://movie.naver.com/movie/bi/mi/basic.nhn?code=129164,https://ssl.pstatic.net/imgmovie/mdi/mit110/1291/129164_P61_142952.jpg,2015,"['마크 버튼', '리처드 스타잭']","['저스틴 플레쳐', '존 스파크스', '오미드 다릴리', '리차드 웨버']",8.46
224,268,디 아이,https://movie.naver.com/movie/bi/mi/basic.nhn?code=56230,https://ssl.pstatic.net/imgmovie/mdi/mit110/0562/E6230-00.jpg,2008,"['데이빗 모로', '자비에 팔뤼']","['제시카 알바', '알렉산드로 니볼라']",5.92
225,269,유스,https://movie.naver.com/movie/bi/mi/basic.nhn?code=139438,https://ssl.pstatic.net/imgmovie/mdi/mit110/1394/139438_P21_142238.jpg,2015,['파올로 소렌티노'],"['마이클 케인', '하비 케이틀', '레이첼 와이즈', '폴 다노', '제인 폰다']",8.35
226,270,뉴욕 아이 러브 유,https://movie.naver.com/movie/bi/mi/basic.nhn?code=51449,https://ssl.pstatic.net/imgmovie/mdi/mit110/0514/51449_P36_115707.jpg,2008,"['알렌 휴즈', '브렛 래트너', '파티 아킨', '조슈아 마스턴', '미라 네어', '나탈리 포트만', '랜들 밸스마이어', '세자르 카푸르', '이와이 지', '강문', '이반 아탈']","['브래들리 쿠퍼', '샤이아 라보프', '나탈리 포트만', '블레이크 라이블리', '저스틴 바사', '올랜도 블룸', '헤이든 크리스텐슨', '크리스티나 리치', '레이첼 빌슨', '존 허트', '로빈 라이트', '에단 호크', '안톤 옐친', '매기 큐', '제임스 칸', '앤디 가르시아', '올리비아 썰비', '클로리스 리치먼', '드리아 드 마테오', '줄리 크리스티', '크리스 쿠퍼', '엘리 웰라치', '재신다 바렛', '에바 아무리', '버트 영', '서기', '이르판 칸']",6.23
227,271,스위치,https://movie.naver.com/movie/bi/mi/basic.nhn?code=90400,https://ssl.pstatic.net/imgmovie/mdi/mit110/0904/90400_P01_112152.jpg,2011,['프레더릭 스코엔도에퍼'],"['카린 바나스', '에릭 칸토나', '메디 네브부']",10.00
228,271,스위치,https://movie.naver.com/movie/bi/mi/basic.nhn?code=69992,https://ssl.pstatic.net/imgmovie/mdi/mit110/0699/69992_P05_174824.jpg,2010,"['조쉬 고든', '윌 스펙']","['제니퍼 애니스톤', '제이슨 베이트먼']",6.87
229,273,라르고 윈치,https://movie.naver.com/movie/bi/mi/basic.nhn?code=69944,https://ssl.pstatic.net/imgmovie/mdi/mit110/0699/69944_P00_124043.jpg,2008,['제롬 살레'],"['토머 시슬리', '크리스틴 스콧 토마스']",5.87
230,276,세인트 빈센트,https://movie.naver.com/movie/bi/mi/basic.nhn?code=118367,https://ssl.pstatic.net/imgmovie/mdi/mit110/1183/118367_P19_132653.jpg,2014,['데오도르 멜피'],"['나오미 왓츠', '멜리사 맥카시', '빌 머레이', '테렌스 하워드', '제이든 마텔']",8.58
231,277,룸,https://movie.naver.com/movie/bi/mi/basic.nhn?code=174259,https://ssl.pstatic.net/imgmovie/mdi/mit110/1742/174259_P07_191438.jpg,2018,['최익환'],"['김진수', '장혁진', '신은정', '이석준', '주민진']",6.83
232,278,엑스 마키나,https://movie.naver.com/movie/bi/mi/basic.nhn?code=118361,https://ssl.pstatic.net/imgmovie/mdi/mit110/1183/118361_P01_105140.jpg,2015,['알렉스 가랜드'],"['도널 글리슨', '알리시아 비칸데르', '오스카 아이삭']",7.63
233,280,아더 우먼,https://movie.naver.com/movie/bi/mi/basic.nhn?code=103765,https://ssl.pstatic.net/imgmovie/mdi/mit110/1037/103765_P16_103630.jpg,2014,['닉 카사베츠'],"['니콜라이 코스터-왈도', '레슬리 만', '카메론 디아즈', '케이트 업튼', '돈 존슨']",7.37
234,282,엽기적인 그녀 2,https://movie.naver.com/movie/bi/mi/basic.nhn?code=128273,https://ssl.pstatic.net/imgmovie/mdi/mit110/1282/128273_P08_165053.jpg,2016,['조근식'],"['차태현', '빅토리아']",2.79
235,283,오두막,https://movie.naver.com/movie/bi/mi/basic.nhn?code=125447,https://ssl.pstatic.net/imgmovie/mdi/mit110/1254/125447_P13_105605.jpg,2016,['스튜어트 하젤딘'],"['옥타비아 스펜서', '샘 워싱턴', '라다 미첼']",8.61
236,284,외톨이,https://movie.naver.com/movie/bi/mi/basic.nhn?code=44475,https://ssl.pstatic.net/imgmovie/mdi/mit110/0444/D4475-01.jpg,2008,['박재식'],"['정유석', '고은아', '채민서']",5.03
237,285,베니싱,https://movie.naver.com/movie/bi/mi/basic.nhn?code=58541,https://ssl.pstatic.net/imgmovie/mdi/mit110/0585/58541_P05_161013.jpg,2010,['브래드 앤더슨'],"['헤이든 크리스텐슨', '탠디 뉴튼', '존 레귀자모']",5.94
238,286,위자,https://movie.naver.com/movie/bi/mi/basic.nhn?code=123284,https://ssl.pstatic.net/imgmovie/mdi/mit110/1232/123284_P29_103323.jpg,2014,['스틸즈 화이트'],"['올리비아 쿡', '아나 코토', '다렌 카가소프', '린 샤예']",5.64
239,287,카운트다운,https://movie.naver.com/movie/bi/mi/basic.nhn?code=190377,https://ssl.pstatic.net/imgmovie/mdi/mit110/1903/190377_P05_161403.jpg,2019,['저스틴 덱'],"['엘리자베스 라일', '피터 파시넬리', '탈리타 베이트먼', '조던 캘러웨이']",6.77
240,288,더 클럽,https://movie.naver.com/movie/bi/mi/basic.nhn?code=64999,https://ssl.pstatic.net/imgmovie/mdi/mit110/0649/64999_P28_175700.jpg,2008,['마셀 랭겐거'],"['휴 잭맨', '이완 맥그리거', '미셸 윌리엄스']",6.17
241,289,로망,https://movie.naver.com/movie/bi/mi/basic.nhn?code=182348,https://ssl.pstatic.net/imgmovie/mdi/mit110/1823/182348_P02_174720.jpg,2019,['이창근'],"['이순재', '정영숙', '조한철', '배해선', '이예원']",9.34
242,290,집결호,https://movie.naver.com/movie/bi/mi/basic.nhn?code=63918,https://ssl.pstatic.net/imgmovie/mdi/mit110/0639/63918_P28_104416.jpg,2007,['펑 샤오강'],['장한위'],6.94
243,291,화이트 고릴라,https://movie.naver.com/movie/bi/mi/basic.nhn?code=110953,https://ssl.pstatic.net/imgmovie/mdi/mit110/1109/110953_P11_141936.jpg,2011,['안드레스 G. 슈에'],"['카이 스트로인크', '누리아 트리폴']",8.07
244,292,청원,https://movie.naver.com/movie/bi/mi/basic.nhn?code=80774,https://ssl.pstatic.net/imgmovie/mdi/mit110/0807/80774_P22_165512.jpg,2010,['산제이 릴라 반살리'],"['리틱 로샨', '아이쉬와라 라이']",8.87
245,293,더 서클,https://movie.naver.com/movie/bi/mi/basic.nhn?code=143099,https://ssl.pstatic.net/imgmovie/mdi/mit110/1430/143099_P13_110545.jpg,2017,['제임스 폰솔트'],"['엠마 왓슨', '톰 행크스']",6.91
246,294,정글히어로,https://movie.naver.com/movie/bi/mi/basic.nhn?code=128202,https://ssl.pstatic.net/imgmovie/mdi/mit110/1282/128202_P06_110558.jpg,2014,"['박태동', '마우리시오 드 라 오르타']","['양세나', '심규혁', '김현지', '조성목', '남도형', '안장혁']",7.76
247,295,트랩,https://movie.naver.com/movie/bi/mi/basic.nhn?code=63739,https://ssl.pstatic.net/imgmovie/mdi/mit110/0637/F3739-00.jpg,2007,['유위강'],"['리차드 기어', '클레어 데인즈']",5.48
248,296,썸머 솔스티스,https://movie.naver.com/movie/bi/mi/basic.nhn?code=50270,https://ssl.pstatic.net/imgmovie/mdi/mit110/0502/E0270-00.jpg,2008,['다니엘 미릭'],"['엘리자베스 하노이스', '숀 애쉬모어']",5.85
249,297,어카운턴트,https://movie.naver.com/movie/bi/mi/basic.nhn?code=134859,https://ssl.pstatic.net/imgmovie/mdi/mit110/1348/134859_P02_181619.jpg,2016,['게빈 오코너'],"['안나 켄드릭', '벤 애플렉', 'J.K. 시몬스', '존 번탈']",8.36
250,298,브라더스,https://movie.naver.com/movie/bi/mi/basic.nhn?code=69866,https://ssl.pstatic.net/imgmovie/mdi/mit110/0698/69866_P13_103415.jpg,2009,['짐 쉐리단'],"['토비 맥과이어', '제이크 질렌할', '나탈리 포트만']",8.28
251,299,번개맨,https://movie.naver.com/movie/bi/mi/basic.nhn?code=139699,https://ssl.pstatic.net/imgmovie/mdi/mit110/1396/139699_P02_132348.jpg,2015,['조근현'],"['정현진', '루나']",6.23
252,300,주노,https://movie.naver.com/movie/bi/mi/basic.nhn?code=65967,https://ssl.pstatic.net/imgmovie/mdi/mit110/0659/F5967-00.jpg,2007,['제이슨 라이트맨'],"['엘리엇 페이지', '마이클 세라', '제니퍼 가너', '제이슨 베이트먼', '앨리슨 제니', 'J.K. 시몬스', '올리비아 썰비']",7.96
253,301,이퀄스,https://movie.naver.com/movie/bi/mi/basic.nhn?code=127361,https://ssl.pstatic.net/imgmovie/mdi/mit110/1273/127361_P10_155533.jpg,2015,['드레이크 도리머스'],"['크리스틴 스튜어트', '니콜라스 홀트']",8.31
254,302,스티브 잡스,https://movie.naver.com/movie/bi/mi/basic.nhn?code=130757,https://ssl.pstatic.net/imgmovie/mdi/mit110/1307/130757_P34_100200.jpg,2015,['대니 보일'],"['마이클 패스벤더', '케이트 윈슬렛', '세스 로건']",7.49
255,303,동키호테,https://movie.naver.com/movie/bi/mi/basic.nhn?code=48689,https://ssl.pstatic.net/imgmovie/mdi/mit110/0486/48689_P35_142435.jpg,2007,['호세 포조'],"['앤드류 부엔푸엔테', '데이빗 페르난데즈', '호세 루이스 길']",5.92
256,304,닥터,https://movie.naver.com/movie/bi/mi/basic.nhn?code=70007,https://ssl.pstatic.net/imgmovie/mdi/mit110/0700/70007_P35_134036.jpg,2012,['김성홍'],"['김창완', '배소은', '박건우']",5.70
257,305,리미트,https://movie.naver.com/movie/bi/mi/basic.nhn?code=193324,https://ssl.pstatic.net/imgmovie/mdi/mit110/1933/193324_P103_140331.jpg,2022,['이승준'],"['이정현', '문정희', '진서연', '박명훈', '최덕문', '박경혜']",4.63
258,306,당신이 잠든 사이에,https://movie.naver.com/movie/bi/mi/basic.nhn?code=68705,https://ssl.pstatic.net/imgmovie/mdi/mit110/0687/F8705-01.jpg,2008,['김정민'],"['예지원', '탁재훈']",6.07
259,307,올 더 머니,https://movie.naver.com/movie/bi/mi/basic.nhn?code=163842,https://ssl.pstatic.net/imgmovie/mdi/mit110/1638/163842_P13_110714.jpg,2017,['리들리 스콧'],"['마크 월버그', '미셸 윌리엄스', '크리스토퍼 플러머']",7.98
260,308,여곡성,https://movie.naver.com/movie/bi/mi/basic.nhn?code=171750,https://ssl.pstatic.net/imgmovie/mdi/mit110/1717/171750_P05_173050.jpg,2018,['유영선'],"['서영희', '손나은', '이태리', '박민지']",4.08
261,309,주문진,https://movie.naver.com/movie/bi/mi/basic.nhn?code=51442,https://ssl.pstatic.net/imgmovie/mdi/mit110/0514/51442_P08_151405.jpg,2010,['하명중'],"['황보라', '김기범']",6.93
262,310,올레,https://movie.naver.com/movie/bi/mi/basic.nhn?code=140730,https://ssl.pstatic.net/imgmovie/mdi/mit110/1407/140730_P01_100956.jpg,2016,['채두병'],"['신하균', '박희순', '오만석', '유다인']",7.43
263,311,더 바디,https://movie.naver.com/movie/bi/mi/basic.nhn?code=99488,https://ssl.pstatic.net/imgmovie/mdi/mit110/0994/99488_P17_132825.jpg,2012,['오리올 파울로'],"['벨렌 루에다', '오라 가리도', '휴고 실바', '호세 코로나도']",7.94
264,312,라스트 스탠드,https://movie.naver.com/movie/bi/mi/basic.nhn?code=78780,https://ssl.pstatic.net/imgmovie/mdi/mit110/0787/78780_P30_143839.jpg,2013,['김지운'],"['아놀드 슈왈제네거', '포레스트 휘태커', '조니 녹스빌', '로드리고 산토로', '제이미 알렉산더']",7.81
265,313,선생님의 일기,https://movie.naver.com/movie/bi/mi/basic.nhn?code=130117,https://ssl.pstatic.net/imgmovie/mdi/mit110/1301/130117_P25_150140.jpg,2014,['니티왓 다라톤'],"['레일라 분야삭', '비 스크릿 위셋케우 ']",8.90
266,314,골든 슬럼버,https://movie.naver.com/movie/bi/mi/basic.nhn?code=69945,https://ssl.pstatic.net/imgmovie/mdi/mit110/0699/69945_P05_102203.jpg,2010,['나카무라 요시히로'],"['사카이 마사토', '다케우치 유코']",7.37
267,315,천녀유혼,https://movie.naver.com/movie/bi/mi/basic.nhn?code=76459,https://ssl.pstatic.net/imgmovie/mdi/mit110/0764/76459_P04_114223.jpg,2011,['엽위신'],"['고천락', '유역비', '여소군']",6.48
268,316,레지던트,https://movie.naver.com/movie/bi/mi/basic.nhn?code=74295,https://ssl.pstatic.net/imgmovie/mdi/mit110/0742/74295_P18_150504.jpg,2011,['안티 조키넨'],"['힐러리 스웽크', '제프리 딘 모건', '크리스토퍼 리']",6.93
269,317,다크 플레이스,https://movie.naver.com/movie/bi/mi/basic.nhn?code=114260,https://ssl.pstatic.net/imgmovie/mdi/mit110/1142/114260_P19_142922.jpg,2015,['질스 파겟 브레너'],"['샤를리즈 테론', '니콜라스 홀트', '클로이 모레츠', '드리아 드 마테오']",7.69
270,318,패트리어트 데이,https://movie.naver.com/movie/bi/mi/basic.nhn?code=149731,https://ssl.pstatic.net/imgmovie/mdi/mit110/1497/149731_P10_111512.jpg,2016,['피터 버그'],['마크 월버그'],8.78
271,319,더 플랫폼,https://movie.naver.com/movie/bi/mi/basic.nhn?code=188790,https://ssl.pstatic.net/imgmovie/mdi/mit110/1887/188790_P12_111150.jpg,2019,['가더 가츠테루-우루샤'],['이반 마사구에'],7.14
272,320,여대생 기숙사,https://movie.naver.com/movie/bi/mi/basic.nhn?code=53367,https://ssl.pstatic.net/imgmovie/mdi/mit110/0533/53367_P44_100701.jpg,2009,['스튜어트 헨들러'],"['브리아나 에비건', '레아 파이피스', '루머 윌리스', '제이미 정']",5.66
273,321,블리츠,https://movie.naver.com/movie/bi/mi/basic.nhn?code=71771,https://ssl.pstatic.net/imgmovie/mdi/mit110/0717/71771_P02_104855.jpg,2011,['엘리어트 레스터'],"['제이슨 스타뎀', '패디 콘시딘', '에이단 길렌']",6.94
274,322,더 크리스마스,https://movie.naver.com/movie/bi/mi/basic.nhn?code=168478,https://ssl.pstatic.net/imgmovie/mdi/mit110/1684/168478_P14_174950.jpg,2017,['티모시 렉카트'],"['제커리 레비', '키건 마이클 키', '지나 로드리게즈', '스티븐 연', '켈리 클락슨', '패트리샤 히튼']",9.13
275,323,돌이킬 수 없는,https://movie.naver.com/movie/bi/mi/basic.nhn?code=75390,https://ssl.pstatic.net/imgmovie/mdi/mit110/0753/75390_P07_180016.jpg,2010,['박수영'],"['이정진', '김태우', '정인기', '김창숙', '임성언']",7.45
276,324,"사랑한다, 사랑하지 않는다",https://movie.naver.com/movie/bi/mi/basic.nhn?code=82480,https://ssl.pstatic.net/imgmovie/mdi/mit110/0824/82480_P04_112315.jpg,2011,['이윤기'],"['임수정', '현빈']",5.82
277,325,패터슨,https://movie.naver.com/movie/bi/mi/basic.nhn?code=144975,https://ssl.pstatic.net/imgmovie/mdi/mit110/1449/144975_P17_102531.jpg,2016,['짐 자무쉬'],"['아담 드라이버', '골쉬프테 파라하니']",8.29
278,326,데몰리션,https://movie.naver.com/movie/bi/mi/basic.nhn?code=133424,https://ssl.pstatic.net/imgmovie/mdi/mit110/1334/133424_P14_132012.jpg,2015,['장 마크 발레'],"['제이크 질렌할', '나오미 왓츠', '크리스 쿠퍼', '헤더 린드']",8.53
279,327,베리드,https://movie.naver.com/movie/bi/mi/basic.nhn?code=74093,https://ssl.pstatic.net/imgmovie/mdi/mit110/0740/74093_P07_152621.jpg,2010,['로드리고 코르테스'],['라이언 레이놀즈'],7.51
280,328,레오나르도 다 빈치,https://movie.naver.com/movie/bi/mi/basic.nhn?code=173004,https://ssl.pstatic.net/imgmovie/mdi/mit110/1730/173004_P12_113829.jpg,2018,['세르지오 맨피오'],['김명준'],7.92
281,329,사랑보다 황금,https://movie.naver.com/movie/bi/mi/basic.nhn?code=65563,https://ssl.pstatic.net/imgmovie/mdi/mit110/0655/F5563-01.jpg,2008,['앤디 테넌트'],"['케이트 허드슨', '매튜 맥커너히', '도날드 서덜랜드', '이완 브렘너', '알렉시스 지에나', '케빈 하트']",6.52
282,330,몬스터 하우스,https://movie.naver.com/movie/bi/mi/basic.nhn?code=164160,https://ssl.pstatic.net/imgmovie/mdi/mit110/1641/164160_P00_101611.jpg,2017,['피터 레페니오티스'],"['베키 지', '조쉬 펙', '올리비아 홀트']",8.06
283,332,대무가,https://movie.naver.com/movie/bi/mi/basic.nhn?code=187338,https://ssl.pstatic.net/imgmovie/mdi/mit110/1873/187338_P32_111014.jpg,2022,['이한종'],"['박성웅', '양현민', '류경수', '서지유', '정경호']",6.17
284,333,경주,https://movie.naver.com/movie/bi/mi/basic.nhn?code=113361,https://ssl.pstatic.net/imgmovie/mdi/mit110/1133/113361_P13_145533.jpg,2013,['장률'],"['박해일', '신민아', '윤진서', '김태훈']",8.98
285,334,언피니시드,https://movie.naver.com/movie/bi/mi/basic.nhn?code=73117,https://ssl.pstatic.net/imgmovie/mdi/mit110/0731/73117_P11_185938.jpg,2010,['존 매든'],"['샘 워싱턴', '시아란 힌즈', '헬렌 미렌', '제시카 차스테인']",7.23
286,335,위아영,https://movie.naver.com/movie/bi/mi/basic.nhn?code=113230,https://ssl.pstatic.net/imgmovie/mdi/mit110/1132/113230_P23_115047.jpg,2014,['노아 바움백'],"['벤 스틸러', '나오미 왓츠', '아만다 사이프리드', '아담 드라이버', '찰스 그로딘']",7.37
287,336,뉴 뮤턴트,https://movie.naver.com/movie/bi/mi/basic.nhn?code=164299,https://ssl.pstatic.net/imgmovie/mdi/mit110/1642/164299_P10_111319.jpg,2020,['조쉬 분'],"['안야 테일러 조이', '메이지 윌리암스', '찰리 히튼', '헨리 자가', '블루 헌트', '앨리스 브라가']",5.87
288,337,닥터 슬립,https://movie.naver.com/movie/bi/mi/basic.nhn?code=185912,https://ssl.pstatic.net/imgmovie/mdi/mit110/1859/185912_P01_113117.jpg,2019,['마이크 플래너건'],"['이완 맥그리거', '레베카 퍼거슨', '카일리 커란']",8.39
289,338,에반게리온: Q,https://movie.naver.com/movie/bi/mi/basic.nhn?code=87565,https://ssl.pstatic.net/imgmovie/mdi/mit110/0875/87565_P01_102942.jpg,2012,['안노 히데아키'],"['오가타 메구미', '하야시바라 메구미', '미야무라 유코']",6.90
290,340,극장판 바이올렛 에버가든,https://movie.naver.com/movie/bi/mi/basic.nhn?code=196843,https://ssl.pstatic.net/imgmovie/mdi/mit110/1968/196843_P08_111016.jpg,2020,['이시다테 타이치'],"['이시카와 유이', '나미카와 다이스케']",9.50
291,341,휴고,https://movie.naver.com/movie/bi/mi/basic.nhn?code=74820,https://ssl.pstatic.net/imgmovie/mdi/mit110/0748/74820_P42_141251.jpg,2011,['마틴 스코세이지'],"['클로이 모레츠', '에이사 버터필드']",7.76
292,342,바운티 헌터,https://movie.naver.com/movie/bi/mi/basic.nhn?code=70229,https://ssl.pstatic.net/imgmovie/mdi/mit110/0702/70229_P21_154329.jpg,2010,['앤디 테넌트'],"['제니퍼 애니스톤', '제라드 버틀러']",6.58
293,343,두 남자,https://movie.naver.com/movie/bi/mi/basic.nhn?code=154366,https://ssl.pstatic.net/imgmovie/mdi/mit110/1543/154366_P60_160712.jpg,2016,['이성태'],"['마동석', '최민호']",5.83
294,344,사탄의 인형,https://movie.naver.com/movie/bi/mi/basic.nhn?code=183820,https://ssl.pstatic.net/imgmovie/mdi/mit110/1838/183820_P08_141424.jpg,2019,['라스 클리브버그'],"['마크 해밀', '오브리 플라자', '가브리엘 베이트먼']",6.70
295,345,티켓 투 파라다이스,https://movie.naver.com/movie/bi/mi/basic.nhn?code=213360,https://ssl.pstatic.net/imgmovie/mdi/mit110/2133/213360_P01_182924.jpg,2022,['올 파커'],"['줄리아 로버츠', '조지 클루니', '케이틀린 디버', '막심 부티에', '루카스 브라보']",7.96
296,346,더 레슬러,https://movie.naver.com/movie/bi/mi/basic.nhn?code=50583,https://ssl.pstatic.net/imgmovie/mdi/mit110/0505/E0583-00.jpg,2008,['대런 아로노프스키'],"['미키 루크', '마리사 토메이', '에반 레이첼 우드']",8.70
297,347,고 녀석 맛나겠다,https://movie.naver.com/movie/bi/mi/basic.nhn?code=79749,https://ssl.pstatic.net/imgmovie/mdi/mit110/0797/79749_P02_140512.jpg,2010,['후지모리 마사야'],"['야마구치 캇페이', '카토 세이시로']",9.23
298,348,트럼보,https://movie.naver.com/movie/bi/mi/basic.nhn?code=130983,https://ssl.pstatic.net/imgmovie/mdi/mit110/1309/130983_P34_161939.jpg,2015,['제이 로치'],"['엘르 패닝', '브라이언 크랜스톤', '다이안 레인', '헬렌 미렌', '루이스 C.K.']",8.84
299,349,파더 앤 도터,https://movie.naver.com/movie/bi/mi/basic.nhn?code=123275,https://ssl.pstatic.net/imgmovie/mdi/mit110/1232/123275_P13_142400.jpg,2015,['가브리엘 무치노'],"['아만다 사이프리드', '아론 폴', '러셀 크로우']",8.23
300,350,소공녀,https://movie.naver.com/movie/bi/mi/basic.nhn?code=159311,https://ssl.pstatic.net/imgmovie/mdi/mit110/1593/159311_P35_104354.jpg,2017,['전고운'],"['이솜', '안재홍']",8.80
301,351,애프터,https://movie.naver.com/movie/bi/mi/basic.nhn?code=181694,https://ssl.pstatic.net/imgmovie/mdi/mit110/1816/181694_P12_100024.jpg,2019,['제니 게이지'],"['조세핀 랭포드', '히어로 파인즈 티핀']",7.26
302,352,순종,https://movie.naver.com/movie/bi/mi/basic.nhn?code=154347,https://ssl.pstatic.net/imgmovie/mdi/mit110/1543/154347_P26_103008.jpg,2016,"['김동민', '이주훈']","['김영화', '김은혜', '한성국', '최강희', '최수종']",9.06
303,353,더 랍스터,https://movie.naver.com/movie/bi/mi/basic.nhn?code=120793,https://ssl.pstatic.net/imgmovie/mdi/mit110/1207/120793_P48_154023.jpg,2015,['요르고스 란티모스'],"['레이첼 와이즈', '콜린 파렐', '레아 세이두']",7.90
304,354,웃는 남자,https://movie.naver.com/movie/bi/mi/basic.nhn?code=97737,https://ssl.pstatic.net/imgmovie/mdi/mit110/0977/97737_P18_120358.jpg,2012,['장 피에르 아메리스'],"['제라르 드빠르디유', '마크 앙드레 그롱당', '크리스타 테렛', '엠마누엘 자이그너']",8.12
305,355,사과,https://movie.naver.com/movie/bi/mi/basic.nhn?code=76192,https://ssl.pstatic.net/imgmovie/mdi/mit110/0761/76192_P03_174709.jpg,2010,['정철'],"['김소숙', '오민석', '하덕성', '박지연']",6.50
306,355,사과,https://movie.naver.com/movie/bi/mi/basic.nhn?code=38247,https://ssl.pstatic.net/imgmovie/mdi/mit110/0382/C8247-01.jpg,2005,['강이관'],"['문소리', '김태우', '이선균', '주진모', '강래연']",7.92
307,357,듀 데이트,https://movie.naver.com/movie/bi/mi/basic.nhn?code=72242,https://ssl.pstatic.net/imgmovie/mdi/mit110/0722/72242_P03_165415.jpg,2010,['토드 필립스'],"['로버트 다우니 주니어', '자흐 갈리피아나키스', '미셸 모나한', '제이미 폭스', '줄리엣 루이스', '대니 맥브라이드']",7.19
308,358,마미,https://movie.naver.com/movie/bi/mi/basic.nhn?code=124225,https://ssl.pstatic.net/imgmovie/mdi/mit110/1242/124225_P23_103754.jpg,2014,['자비에 돌란'],"['앤 도벌', '안토니 올리버 피론', '수잔 클레망']",8.71
309,359,다이애나,https://movie.naver.com/movie/bi/mi/basic.nhn?code=93008,https://ssl.pstatic.net/imgmovie/mdi/mit110/0930/93008_P64_112434.jpg,2013,['올리버 히르비겔'],['나오미 왓츠'],7.43
310,360,더 룸,https://movie.naver.com/movie/bi/mi/basic.nhn?code=183994,https://ssl.pstatic.net/imgmovie/mdi/mit110/1839/183994_P19_111920.jpg,2019,['크리스티안 볼크만'],"['올가 쿠릴렌코', '케빈 얀센스']",7.62
311,362,헌터 킬러,https://movie.naver.com/movie/bi/mi/basic.nhn?code=92125,https://ssl.pstatic.net/imgmovie/mdi/mit110/0921/92125_P25_101109.jpg,2018,['도노반 마시'],"['제라드 버틀러', '게리 올드만']",9.39
312,363,마이 스파이,https://movie.naver.com/movie/bi/mi/basic.nhn?code=190721,https://ssl.pstatic.net/imgmovie/mdi/mit110/1907/190721_P06_104352.jpg,2020,['피터 시걸'],"['데이브 바티스타', '클로에 콜맨']",7.57
313,364,우리집,https://movie.naver.com/movie/bi/mi/basic.nhn?code=185450,https://ssl.pstatic.net/imgmovie/mdi/mit110/1854/185450_P17_140740.jpg,2019,['윤가은'],"['김나연', '김시아', '주예림']",8.70
314,365,더 보이,https://movie.naver.com/movie/bi/mi/basic.nhn?code=137341,https://ssl.pstatic.net/imgmovie/mdi/mit110/1373/137341_P25_145520.jpg,2016,['윌리엄 브렌트 벨'],"['로렌 코핸', '루퍼트 에반스']",7.44
315,366,그물,https://movie.naver.com/movie/bi/mi/basic.nhn?code=149174,https://ssl.pstatic.net/imgmovie/mdi/mit110/1491/149174_P02_181506.jpg,2016,['김기덕'],"['류승범', '이원근', '김영민', '최귀화', '손민석', '박지일']",7.50
316,367,드레스메이커,https://movie.naver.com/movie/bi/mi/basic.nhn?code=114237,https://ssl.pstatic.net/imgmovie/mdi/mit110/1142/114237_P04_104458.jpg,2015,['조셀린 무어하우스'],"['케이트 윈슬렛', '주디 데이비스', '리암 헴스워스']",8.12
317,368,위시 어폰,https://movie.naver.com/movie/bi/mi/basic.nhn?code=154262,https://ssl.pstatic.net/imgmovie/mdi/mit110/1542/154262_P11_151514.jpg,2017,['존 R. 레오네티'],"['쉐릴린 펜', '조이 킹', '엘리자베스 롬', '라이언 필립', '이기홍']",7.13
318,369,대지진,https://movie.naver.com/movie/bi/mi/basic.nhn?code=76695,https://ssl.pstatic.net/imgmovie/mdi/mit110/0766/76695_P32_104559.jpg,2010,['펑 샤오강'],"['쉬판', '장국강', '장징추', '왕즈원', '진도명', '천진', '리천', '루이']",7.91
319,370,최면,https://movie.naver.com/movie/bi/mi/basic.nhn?code=202526,https://ssl.pstatic.net/imgmovie/mdi/mit110/2025/202526_P18_114621.jpg,2021,['최재훈'],"['이다윗', '조현', '김도훈', '남민우', '김남우']",4.84
320,371,헤이와이어,https://movie.naver.com/movie/bi/mi/basic.nhn?code=82830,https://ssl.pstatic.net/imgmovie/mdi/mit110/0828/82830_P67_120044.jpg,2011,['스티븐 소더버그'],"['이완 맥그리거', '지나 카라노', '마이클 패스벤더', '채닝 테이텀', '마이클 더글라스']",6.75
321,372,왓칭,https://movie.naver.com/movie/bi/mi/basic.nhn?code=173667,https://ssl.pstatic.net/imgmovie/mdi/mit110/1736/173667_P27_101947.jpg,2019,['김성기'],"['강예원', '이학주']",5.14
322,374,사일런스,https://movie.naver.com/movie/bi/mi/basic.nhn?code=179973,https://ssl.pstatic.net/imgmovie/mdi/mit110/1799/179973_P08_102347.jpg,2019,['존 R. 레오네티'],"['키에넌 시프카', '스탠리 투치']",5.39
323,375,산상수훈,https://movie.naver.com/movie/bi/mi/basic.nhn?code=164335,https://ssl.pstatic.net/imgmovie/mdi/mit110/1643/164335_P26_113207.jpg,2017,['유영의'],['백서빈'],6.28
324,376,개구리왕국,https://movie.naver.com/movie/bi/mi/basic.nhn?code=133631,https://ssl.pstatic.net/imgmovie/mdi/mit110/1336/133631_P00_103012.jpg,2013,['넬슨 신'],"['벨라 손', '카메론 달라스', '롭 슈나이더', '드레이크 벨', '키스 데이빗', '그레그 설킨', '달라스 로바토', '릴 로메오', '브랜든 허드슨', '사바나 허드슨', '나단 바냇', '탈론 리드', '마이클 심카']",7.50
325,377,베스트 엑조틱 메리골드 호텔,https://movie.naver.com/movie/bi/mi/basic.nhn?code=86134,https://ssl.pstatic.net/imgmovie/mdi/mit110/0861/86134_P04_184638.jpg,2012,['존 매든'],"['주디 덴치', '빌 나이', '톰 윌킨슨', '매기 스미스', '셀리아 아임리', '데브 파텔']",8.08
326,378,인 디 에어,https://movie.naver.com/movie/bi/mi/basic.nhn?code=53307,https://ssl.pstatic.net/imgmovie/mdi/mit110/0533/53307_P22_170804.jpg,2009,['제이슨 라이트맨'],"['조지 클루니', '베라 파미가', '안나 켄드릭']",8.42
327,379,디센던트,https://movie.naver.com/movie/bi/mi/basic.nhn?code=81834,https://ssl.pstatic.net/imgmovie/mdi/mit110/0818/81834_P00_134315.jpg,2011,['알렉산더 페인'],"['조지 클루니', '주디 그리어']",8.19
328,380,블랙 가스펠,https://movie.naver.com/movie/bi/mi/basic.nhn?code=112666,https://ssl.pstatic.net/imgmovie/mdi/mit110/1126/112666_P01_143428.jpg,2013,['히즈엠티 미니스트리'],"['양동근', '정준', '김유미', '헤리티지']",8.49
329,382,머니백,https://movie.naver.com/movie/bi/mi/basic.nhn?code=151241,https://ssl.pstatic.net/imgmovie/mdi/mit110/1512/151241_P60_115713.jpg,2017,['허준형'],"['김무열', '박희순', '이경영', '전광렬', '임원희', '오정세', '김민교']",6.02
330,383,폭풍전야,https://movie.naver.com/movie/bi/mi/basic.nhn?code=52229,https://ssl.pstatic.net/imgmovie/mdi/mit110/0522/52229_P05_202619.jpg,2010,['조창호'],"['김남길', '황우슬혜']",6.73
331,384,프랭크,https://movie.naver.com/movie/bi/mi/basic.nhn?code=102958,https://ssl.pstatic.net/imgmovie/mdi/mit110/1029/102958_P29_112422.jpg,2014,['레니 에이브러햄슨'],"['마이클 패스벤더', '매기 질렌할', '도널 글리슨']",7.96
332,385,호프 스프링즈,https://movie.naver.com/movie/bi/mi/basic.nhn?code=92133,https://ssl.pstatic.net/imgmovie/mdi/mit110/0921/92133_P31_102624.jpg,2012,['데이빗 프랭클'],"['메릴 스트립', '토미 리 존스', '스티브 카렐']",8.56
333,386,캔디맨,https://movie.naver.com/movie/bi/mi/basic.nhn?code=190725,https://ssl.pstatic.net/imgmovie/mdi/mit110/1907/190725_P01_115606.jpg,2021,['니아 다코스타'],"['야히아 압둘 마틴 2세', '테요나 패리스']",5.55
334,387,더 비지트,https://movie.naver.com/movie/bi/mi/basic.nhn?code=129086,https://ssl.pstatic.net/imgmovie/mdi/mit110/1290/129086_P03_103407.jpg,2015,['M. 나이트 샤말란'],"['에드 옥슨볼드', '올리비아 더용']",7.18
335,388,너의 췌장을 먹고 싶어,https://movie.naver.com/movie/bi/mi/basic.nhn?code=175318,https://ssl.pstatic.net/imgmovie/mdi/mit110/1753/175318_P15_105507.jpg,2018,['우시지마 신이치로'],"['타카스기 마히로', '린']",8.39
336,389,꼬마영웅 경찰차 프로디,https://movie.naver.com/movie/bi/mi/basic.nhn?code=79283,https://ssl.pstatic.net/imgmovie/mdi/mit110/0792/79283_P10_142419.jpg,2009,['라스무스 A. 실버르센'],"['로버트 스톨텐베르그', '페르닐레 소렌슨']",7.10
337,390,포인트 블랭크,https://movie.naver.com/movie/bi/mi/basic.nhn?code=82390,https://ssl.pstatic.net/imgmovie/mdi/mit110/0823/82390_P03_133835.jpg,2010,['프레드 카바예'],"['질 를르슈', '로쉬디 젬']",6.93
338,391,매혹당한 사람들,https://movie.naver.com/movie/bi/mi/basic.nhn?code=154267,https://ssl.pstatic.net/imgmovie/mdi/mit110/1542/154267_P13_113051.jpg,2017,['소피아 코폴라'],"['엘르 패닝', '콜린 파렐', '커스틴 던스트', '니콜 키드먼']",6.78
339,392,프리키 데스데이,https://movie.naver.com/movie/bi/mi/basic.nhn?code=197278,https://ssl.pstatic.net/imgmovie/mdi/mit110/1972/197278_P09_170039.jpg,2020,['크리스토퍼 랜던'],"['빈스 본', '캐서린 뉴튼']",6.62
340,393,스트레스를 부르는 그 이름 직장상사,https://movie.naver.com/movie/bi/mi/basic.nhn?code=76295,https://ssl.pstatic.net/imgmovie/mdi/mit110/0762/76295_P01_153435.jpg,2011,['세스 고든'],"['케빈 스페이시', '제니퍼 애니스톤', '콜린 파렐', '제이슨 베이트먼', '찰리 데이', '제이슨 서디키스', '제이미 폭스']",7.70
341,394,오싱,https://movie.naver.com/movie/bi/mi/basic.nhn?code=112031,https://ssl.pstatic.net/imgmovie/mdi/mit110/1120/112031_P14_173613.jpg,2013,['토가시 신'],"['하마다 코코네', '우에토 아야', '이나가키 고로']",7.92
342,395,킬러 인사이드 미,https://movie.naver.com/movie/bi/mi/basic.nhn?code=52301,https://ssl.pstatic.net/imgmovie/mdi/mit110/0523/52301_P06_111956.jpg,2010,['마이클 윈터바텀'],"['케이시 애플렉', '케이트 허드슨', '제시카 알바', '사이먼 베이커', '빌 풀만']",4.99
343,396,아웃포스트,https://movie.naver.com/movie/bi/mi/basic.nhn?code=195450,https://ssl.pstatic.net/imgmovie/mdi/mit110/1954/195450_P24_113339.jpg,2020,['로드 루리'],"['올랜도 블룸', '스콧 이스트우드', '케일럽 랜드리 존스']",8.86
344,397,언어의 정원,https://movie.naver.com/movie/bi/mi/basic.nhn?code=106335,https://ssl.pstatic.net/imgmovie/mdi/mit110/1063/106335_P64_114736.jpg,2013,['신카이 마코토'],"['이리노 미유', '하나자와 카나']",8.17
345,398,킬 미,https://movie.naver.com/movie/bi/mi/basic.nhn?code=99346,https://ssl.pstatic.net/imgmovie/mdi/mit110/0993/99346_P01_170149.jpg,2011,['에밀리 아테프'],"['마리아 빅토리아 드래거스', '로랜드 비스넥커']",9.00
346,398,킬 미,https://movie.naver.com/movie/bi/mi/basic.nhn?code=67582,https://ssl.pstatic.net/imgmovie/mdi/mit110/0675/67582_P04_142223.jpg,2009,['양종현'],"['신현준', '강혜정']",6.38
347,399,트리 오브 라이프,https://movie.naver.com/movie/bi/mi/basic.nhn?code=51312,https://ssl.pstatic.net/imgmovie/mdi/mit110/0513/51312_P02_142024.jpg,2011,['테렌스 맬릭'],"['브래드 피트', '숀 펜', '제시카 차스테인']",7.01
348,400,콜레트,https://movie.naver.com/movie/bi/mi/basic.nhn?code=171533,https://ssl.pstatic.net/imgmovie/mdi/mit110/1715/171533_P29_143351.jpg,2018,['워시 웨스트모어랜드'],"['키이라 나이틀리', '도미닉 웨스트']",8.65
349,401,더 씽,https://movie.naver.com/movie/bi/mi/basic.nhn?code=74767,https://ssl.pstatic.net/imgmovie/mdi/mit110/0747/74767_P04_113452.jpg,2011,['매티스 반 헤이닌겐 주니어'],"['메리 엘리자베스 윈스티드', '에릭 크리스찬 올슨', '조엘 에저튼', '율리히 톰센']",7.88
350,403,인시디어스,https://movie.naver.com/movie/bi/mi/basic.nhn?code=78621,https://ssl.pstatic.net/imgmovie/mdi/mit110/0786/78621_P32_144201.jpg,2010,['제임스 완'],"['패트릭 윌슨', '로즈 번', '리 워넬', '바바라 허쉬']",7.60
351,404,언더더씨,https://movie.naver.com/movie/bi/mi/basic.nhn?code=163003,https://ssl.pstatic.net/imgmovie/mdi/mit110/1630/163003_P12_140133.jpg,2016,['에반 트라멜'],"['김연우', '황창영', '이현', '김경희']",7.14
352,405,레드라이트,https://movie.naver.com/movie/bi/mi/basic.nhn?code=88446,https://ssl.pstatic.net/imgmovie/mdi/mit110/0884/88446_P06_113401.jpg,2012,['로드리고 코르테스'],"['로버트 드 니로', '킬리언 머피', '시고니 위버']",7.23
353,406,마음이 외치고 싶어해,https://movie.naver.com/movie/bi/mi/basic.nhn?code=159853,https://ssl.pstatic.net/imgmovie/mdi/mit110/1598/159853_P15_134231.jpg,2017,['쿠마자와 나오토'],"['나카지마 켄토', '요시네 쿄코', '이시이 안나', '칸 이치로']",7.21
354,406,마음이 외치고 싶어해,https://movie.naver.com/movie/bi/mi/basic.nhn?code=142292,https://ssl.pstatic.net/imgmovie/mdi/mit110/1422/142292_P01_124358.jpg,2015,['나가이 타츠유키'],"['미나세 이노리', '우치야마 코우키', '아마미야 소라', '호소야 요시마사', '후지와라 케이지', '요시다 요']",8.34
355,407,살인소설,https://movie.naver.com/movie/bi/mi/basic.nhn?code=157974,https://ssl.pstatic.net/imgmovie/mdi/mit110/1579/157974_P09_112107.jpg,2017,['김진묵'],"['지현우', '오만석', '이나라', '김학철', '조은지']",6.08
356,408,더 킥,https://movie.naver.com/movie/bi/mi/basic.nhn?code=77753,https://ssl.pstatic.net/imgmovie/mdi/mit110/0777/77753_P17_112305.jpg,2011,['프라차야 핀카엡'],"['조재현', '예지원', '나태주', '태미', '지자 야닌', '이관훈', '페치타이 웡캄라오']",6.96
357,409,데자뷰,https://movie.naver.com/movie/bi/mi/basic.nhn?code=167100,https://ssl.pstatic.net/imgmovie/mdi/mit110/1671/167100_P27_113622.jpg,2018,['고경민'],"['이천희', '남규리', '이규한']",4.39
358,411,잘못된 만남,https://movie.naver.com/movie/bi/mi/basic.nhn?code=69266,https://ssl.pstatic.net/imgmovie/mdi/mit110/0692/F9266-00.jpg,2008,['정영배'],"['정웅인', '성지루']",5.95
359,412,온리 더 브레이브,https://movie.naver.com/movie/bi/mi/basic.nhn?code=151752,https://ssl.pstatic.net/imgmovie/mdi/mit110/1517/151752_P13_170724.jpg,2017,['조셉 코신스키'],"['마일즈 텔러', '테일러 키취', '조슈 브롤린', '제프 브리지스', '제임스 뱃지 데일', '제니퍼 코넬리']",9.27
360,413,작은 연못,https://movie.naver.com/movie/bi/mi/basic.nhn?code=63268,https://ssl.pstatic.net/imgmovie/mdi/mit110/0632/63268_P51_195654.jpg,2009,['이상우'],"['문성근', '전혜진', '신명철', '김뢰하', '김승욱', '이대연', '강신일', '민복기', '박광정']",6.60
361,414,뜨거운 안녕,https://movie.naver.com/movie/bi/mi/basic.nhn?code=97652,https://ssl.pstatic.net/imgmovie/mdi/mit110/0976/97652_P13_144339.jpg,2013,['남택수'],"['이홍기', '마동석', '임원희', '백진희']",8.93
362,415,에코,https://movie.naver.com/movie/bi/mi/basic.nhn?code=69799,https://ssl.pstatic.net/imgmovie/mdi/mit110/0697/F9799-00.jpg,2008,['얌 라라나스'],"['제시 브래포드', '아멜리아 워너', '케빈 두런드', '프루이트 테일러 빈스']",5.08
363,416,이스케이프,https://movie.naver.com/movie/bi/mi/basic.nhn?code=95327,https://ssl.pstatic.net/imgmovie/mdi/mit110/0953/95327_P11_135710.jpg,2015,['존 에릭 도들'],"['오웬 윌슨', '피어스 브로스넌', '레이크 벨']",7.56
364,417,마더!,https://movie.naver.com/movie/bi/mi/basic.nhn?code=152650,https://ssl.pstatic.net/imgmovie/mdi/mit110/1526/152650_P02_113850.jpg,2017,['대런 아로노프스키'],"['제니퍼 로렌스', '하비에르 바르뎀']",5.89
365,419,더 파더,https://movie.naver.com/movie/bi/mi/basic.nhn?code=191920,https://ssl.pstatic.net/imgmovie/mdi/mit110/1919/191920_P13_134242.jpg,2020,['플로리안 젤러'],"['올리비아 콜맨', '안소니 홉킨스']",9.01
366,420,된장,https://movie.naver.com/movie/bi/mi/basic.nhn?code=52532,https://ssl.pstatic.net/imgmovie/mdi/mit110/0525/52532_P05_161450.jpg,2010,['이서군'],"['류승룡', '이요원', '이동욱']",7.41
367,421,퍼펙트 센스,https://movie.naver.com/movie/bi/mi/basic.nhn?code=84375,https://ssl.pstatic.net/imgmovie/mdi/mit110/0843/84375_P40_101508.jpg,2011,['데이빗 맥킨지'],"['에바 그린', '이완 맥그리거', '코니 닐슨']",7.94
368,422,히어애프터,https://movie.naver.com/movie/bi/mi/basic.nhn?code=74180,https://ssl.pstatic.net/imgmovie/mdi/mit110/0741/74180_P04_104013.jpg,2010,['클린트 이스트우드'],"['맷 데이먼', '세실 드 프랑스']",7.83
369,423,설계,https://movie.naver.com/movie/bi/mi/basic.nhn?code=123014,https://ssl.pstatic.net/imgmovie/mdi/mit110/1230/123014_P18_113512.jpg,2014,['박창진'],"['신은경', '오인혜', '이기영', '강지섭']",4.63
370,424,미운오리새끼,https://movie.naver.com/movie/bi/mi/basic.nhn?code=79087,https://ssl.pstatic.net/imgmovie/mdi/mit110/0790/79087_P07_150919.jpg,2010,['가리 발딘'],"['아르멘 드지가르크하니안', '콘스탄틴 라이킨']",7.00
371,425,스페어,https://movie.naver.com/movie/bi/mi/basic.nhn?code=44715,https://ssl.pstatic.net/imgmovie/mdi/mit110/0447/D4715-00.jpg,2008,['이성한'],"['정우', '임준일', '코가 미츠키', '김수현', '양기원']",7.24
372,426,한 번 더 해피엔딩,https://movie.naver.com/movie/bi/mi/basic.nhn?code=124288,https://ssl.pstatic.net/imgmovie/mdi/mit110/1242/124288_P00_095404.jpg,2014,['마크 로렌스'],"['휴 그랜트', '마리사 토메이', '앨리슨 제니']",8.42
373,427,킹메이커,https://movie.naver.com/movie/bi/mi/basic.nhn?code=81833,https://ssl.pstatic.net/imgmovie/mdi/mit110/0818/81833_P00_162714.jpg,2011,['조지 클루니'],"['라이언 고슬링', '조지 클루니']",8.11
374,428,호두까기인형 3D,https://movie.naver.com/movie/bi/mi/basic.nhn?code=45992,https://ssl.pstatic.net/imgmovie/mdi/mit110/0459/45992_P00_181151.jpg,2009,['안드레이 콘찰로프스키'],"['존 터투로', '엘르 패닝', '네이단 레인', '리차드 E. 그랜트', '프란세스 드 라 투어', '찰리 로우', '김유정', '이상엽', '김준현']",6.82
375,429,저스티스,https://movie.naver.com/movie/bi/mi/basic.nhn?code=70993,https://ssl.pstatic.net/imgmovie/mdi/mit110/0709/70993_P08_134547.jpg,2012,['로저 도널드슨'],"['니콜라스 케이지', '가이 피어스', '재뉴어리 존스']",7.10
376,430,플로이,https://movie.naver.com/movie/bi/mi/basic.nhn?code=177379,https://ssl.pstatic.net/imgmovie/mdi/mit110/1773/177379_P16_143314.jpg,2018,['아르니 올라푸르 아스게이르손'],['하하'],8.24
377,431,허슬러,https://movie.naver.com/movie/bi/mi/basic.nhn?code=188473,https://ssl.pstatic.net/imgmovie/mdi/mit110/1884/188473_P29_165100.jpg,2019,['로렌 스카파리아'],"['제니퍼 로페즈', '콘스탄스 우', '릴리 라인하트', '줄리아 스타일스', '케케 파머', '리쪼', '카디 비']",7.00
378,432,프랑켄위니,https://movie.naver.com/movie/bi/mi/basic.nhn?code=76956,https://ssl.pstatic.net/imgmovie/mdi/mit110/0769/76956_P39_150635.jpg,2012,['팀 버튼'],"['위노나 라이더', '캐서린 오하라', '찰리 타핸']",8.23
379,433,혈투,https://movie.naver.com/movie/bi/mi/basic.nhn?code=116193,https://ssl.pstatic.net/imgmovie/mdi/mit110/1161/116193_P01_101304.jpg,2012,['박정환'],['유대형'],10.00
380,433,혈투,https://movie.naver.com/movie/bi/mi/basic.nhn?code=73689,https://ssl.pstatic.net/imgmovie/mdi/mit110/0736/73689_P17_170900.jpg,2010,['박훈정'],"['박희순', '진구', '고창석']",5.21
381,434,성룡의 신주쿠 살인사건,https://movie.naver.com/movie/bi/mi/basic.nhn?code=68339,https://ssl.pstatic.net/imgmovie/mdi/mit110/0683/68339_P18_135524.jpg,2008,['이동승'],"['성룡', '다케나카 나오토', '오언조', '가토 마사야', '쉬징레이', '판빙빙']",7.24
382,435,컴백홈,https://movie.naver.com/movie/bi/mi/basic.nhn?code=218188,https://ssl.pstatic.net/imgmovie/mdi/mit110/2181/218188_P138_140346.jpg,2022,['이연우'],"['송새벽', '라미란', '이범수']",5.30
383,436,울브스,https://movie.naver.com/movie/bi/mi/basic.nhn?code=143439,https://ssl.pstatic.net/imgmovie/mdi/mit110/1434/143439_P01_135212.jpg,2016,['바트 프룬디치'],"['칼라 구기노', '마이클 섀넌', '크리스 바우어']",7.00
384,436,울브스,https://movie.naver.com/movie/bi/mi/basic.nhn?code=109438,https://ssl.pstatic.net/imgmovie/mdi/mit110/1094/109438_P10_114213.jpg,2014,['데이비드 헤이터'],"['제이슨 모모아', '루카스 틸', '메릿 패터슨']",5.69
385,437,아일라,https://movie.naver.com/movie/bi/mi/basic.nhn?code=169240,https://ssl.pstatic.net/imgmovie/mdi/mit110/1692/169240_P15_113521.jpg,2017,['잔 울카이'],"['김설', '이스마일 하지오글루']",9.52
386,438,약장수,https://movie.naver.com/movie/bi/mi/basic.nhn?code=128265,https://ssl.pstatic.net/imgmovie/mdi/mit110/1282/128265_P15_102904.jpg,2014,['조치언'],"['김인권', '박철민', '이주실']",8.65
387,439,파바로티,https://movie.naver.com/movie/bi/mi/basic.nhn?code=185357,https://ssl.pstatic.net/imgmovie/mdi/mit110/1853/185357_P02_102033.jpg,2019,['론 하워드'],['루치아노 <b>파바로티</b>'],9.03
388,440,업사이드,https://movie.naver.com/movie/bi/mi/basic.nhn?code=167053,https://ssl.pstatic.net/imgmovie/mdi/mit110/1670/167053_P13_111013.jpg,2017,['닐 버거'],"['니콜 키드먼', '브라이언 크랜스톤', '케빈 하트']",8.70
389,441,꼬마돼지 베이브의 대모험,https://movie.naver.com/movie/bi/mi/basic.nhn?code=159521,https://ssl.pstatic.net/imgmovie/mdi/mit110/1595/159521_P17_104656.jpg,2017,['테레사 스트로젝'],"['마이클 케슬러', '엑셀 프랄', '랄프 슈미츠', '크리스티안 울멘']",7.67
390,442,스페이스 독,https://movie.naver.com/movie/bi/mi/basic.nhn?code=79697,https://ssl.pstatic.net/imgmovie/mdi/mit110/0796/79697_P04_160016.jpg,2010,"['이나 예블라니코바', '스비야토슬라브 우샤코프']","['엘레나 야코블레바', '안나 볼쇼바']",8.10
391,443,호스트,https://movie.naver.com/movie/bi/mi/basic.nhn?code=89729,https://ssl.pstatic.net/imgmovie/mdi/mit110/0897/89729_P39_104758.jpg,2013,['앤드류 니콜'],"['시얼샤 로넌', '맥스 아이언스', '제이크 아벨']",7.39
392,444,아네트,https://movie.naver.com/movie/bi/mi/basic.nhn?code=206657,https://ssl.pstatic.net/imgmovie/mdi/mit110/2066/206657_P15_174851.jpg,2021,['레오 카락스'],"['아담 드라이버', '마리옹 꼬띠아르']",7.25
393,445,더 와이프,https://movie.naver.com/movie/bi/mi/basic.nhn?code=167054,https://ssl.pstatic.net/imgmovie/mdi/mit110/1670/167054_P18_142415.jpg,2017,['비욘 룬게'],"['글렌 클로즈', '조나단 프라이스']",8.44
394,446,스푹스:MI5,https://movie.naver.com/movie/bi/mi/basic.nhn?code=127400,https://ssl.pstatic.net/imgmovie/mdi/mit110/1274/127400_P24_181245.jpg,2015,['바랫 낼러리'],"['키트 해링턴', '제니퍼 엘', '피터 퍼스', '엘예스 가벨']",6.59
395,447,나쁜 이웃들,https://movie.naver.com/movie/bi/mi/basic.nhn?code=103321,https://ssl.pstatic.net/imgmovie/mdi/mit110/1033/103321_P05_155454.jpg,2014,['니콜라스 스톨러'],"['잭 에프론', '세스 로건', '로즈 번']",7.29
396,448,스니치,https://movie.naver.com/movie/bi/mi/basic.nhn?code=101062,https://ssl.pstatic.net/imgmovie/mdi/mit110/1010/101062_P36_102303.jpg,2013,['릭 로먼 워'],"['드웨인 존슨', '수잔 서랜든', '나딘 벨라즈퀘즈', '존 번탈']",8.41
397,449,여름날 우리,https://movie.naver.com/movie/bi/mi/basic.nhn?code=207364,https://ssl.pstatic.net/imgmovie/mdi/mit110/2073/207364_P08_095809.jpg,2021,['한톈'],"['허광한', '장약남']",8.77
398,450,배반의 장미,https://movie.naver.com/movie/bi/mi/basic.nhn?code=174807,https://ssl.pstatic.net/imgmovie/mdi/mit110/1748/174807_P19_111000.jpg,2018,['박진영'],"['김인권', '정상훈', '손담비', '김성철']",5.28
399,451,레이디버그,https://movie.naver.com/movie/bi/mi/basic.nhn?code=157564,https://ssl.pstatic.net/imgmovie/mdi/mit110/1575/157564_P23_154449.jpg,2016,['토마스 아스트뤽'],"['여민정', '남도형', '홍시호']",5.98
400,452,레플리카,https://movie.naver.com/movie/bi/mi/basic.nhn?code=144787,https://ssl.pstatic.net/imgmovie/mdi/mit110/1447/144787_P19_141411.jpg,2018,['제프리 나크마노프'],"['키아누 리브스', '앨리스 이브', '토머스 미들디치']",6.71
401,453,도화선,https://movie.naver.com/movie/bi/mi/basic.nhn?code=66598,https://ssl.pstatic.net/imgmovie/mdi/mit110/0665/66598_P30_150757.jpg,2007,['엽위신'],"['견자단', '예성', '고천락', '판빙빙']",8.61
402,454,더 포리너,https://movie.naver.com/movie/bi/mi/basic.nhn?code=165791,https://ssl.pstatic.net/imgmovie/mdi/mit110/1657/165791_P14_140101.jpg,2017,['마틴 캠벨'],"['성룡', '피어스 브로스넌']",7.60
403,455,하트브레이커,https://movie.naver.com/movie/bi/mi/basic.nhn?code=74790,https://ssl.pstatic.net/imgmovie/mdi/mit110/0747/74790_P00_151418.jpg,2010,['파스칼 쇼메유'],"['로망 뒤리스', '바네사 파라디']",7.57
404,456,데모닉,https://movie.naver.com/movie/bi/mi/basic.nhn?code=119437,https://ssl.pstatic.net/imgmovie/mdi/mit110/1194/119437_P00_150838.jpg,2014,['윌 캐논'],"['마리아 벨로', '프랭크 그릴로', '코디 혼']",5.75
405,457,모탈 컴뱃,https://movie.naver.com/movie/bi/mi/basic.nhn?code=202925,https://ssl.pstatic.net/imgmovie/mdi/mit110/2029/202925_P17_175506.jpg,2021,['사이먼 맥쿼이드'],"['루이스 탄', '조 타슬림', '루디 린', '제시카 맥나미', '사나다 히로유키', '아사노 타다노부', '메카드 브룩스', '조쉬 로슨', '친 한']",5.66
406,458,토마스와 친구들 - 극장판,https://movie.naver.com/movie/bi/mi/basic.nhn?code=52444,https://ssl.pstatic.net/imgmovie/mdi/mit110/0524/E2444-01.jpg,2008,['스티브 애스퀴스'],['피어스 브로스넌'],8.39
407,459,세이프 헤이븐,https://movie.naver.com/movie/bi/mi/basic.nhn?code=99799,https://ssl.pstatic.net/imgmovie/mdi/mit110/0997/99799_P55_173056.jpg,2013,['라세 할스트롬'],"['조쉬 더하멜', '줄리안 허프', '코비 스멀더스']",8.56
408,460,리스타트,https://movie.naver.com/movie/bi/mi/basic.nhn?code=182019,https://ssl.pstatic.net/imgmovie/mdi/mit110/1820/182019_P00_112912.jpg,2019,['조 카나한'],"['나오미 왓츠', '멜 깁슨', '양자경', '프랭크 그릴로', '켄 정', '애나벨 월리스']",6.98
409,461,그레이브 인카운터,https://movie.naver.com/movie/bi/mi/basic.nhn?code=84997,https://ssl.pstatic.net/imgmovie/mdi/mit110/0849/84997_P20_154518.jpg,2011,['더 비시어스 브라더스'],"['숀 로저슨', '주안 리딩거']",6.72
410,462,메기,https://movie.naver.com/movie/bi/mi/basic.nhn?code=179398,https://ssl.pstatic.net/imgmovie/mdi/mit110/1793/179398_P18_095806.jpg,2018,['이옥섭'],"['이주영', '문소리', '구교환', '천우희']",8.14
411,463,동급생,https://movie.naver.com/movie/bi/mi/basic.nhn?code=148338,https://ssl.pstatic.net/imgmovie/mdi/mit110/1483/148338_P01_151602.jpg,2016,['나카무라 쇼코'],"['노지마 켄지', '카미야 히로시', '이시카와 히데오']",9.26
412,464,끝과 시작,https://movie.naver.com/movie/bi/mi/basic.nhn?code=71150,https://ssl.pstatic.net/imgmovie/mdi/mit110/0711/71150_P00_114240.jpg,2013,['민규동'],"['엄정화', '황정민', '김효진']",5.61
413,465,나의 그리스식 웨딩 2,https://movie.naver.com/movie/bi/mi/basic.nhn?code=137987,https://ssl.pstatic.net/imgmovie/mdi/mit110/1379/137987_P11_175125.jpg,2016,['커크 존스'],"['니아 발다로스', '존 코베트', '엘레나 캠푸리스']",7.33
414,466,몬스터 파크,https://movie.naver.com/movie/bi/mi/basic.nhn?code=168056,https://ssl.pstatic.net/imgmovie/mdi/mit110/1680/168056_P10_100606.jpg,2018,"['안드레스 코투리어', '토드 레스닉']","['릴리 콜린스', '토비 켑벨', '이안 맥쉐인']",7.33
415,468,트릭,https://movie.naver.com/movie/bi/mi/basic.nhn?code=145414,https://ssl.pstatic.net/imgmovie/mdi/mit110/1454/145414_P26_143255.jpg,2016,['이창열'],"['이정진', '강예원', '김태훈']",5.67
416,469,신은 죽지 않았다,https://movie.naver.com/movie/bi/mi/basic.nhn?code=122193,https://ssl.pstatic.net/imgmovie/mdi/mit110/1221/122193_P18_100659.jpg,2014,['해롤드 크론크'],"['쉐인 하퍼', '케빈 소보', '트리샤 라파체', '코리 올리버', '하딜 싯투']",6.98
417,470,타이밍,https://movie.naver.com/movie/bi/mi/basic.nhn?code=130341,https://ssl.pstatic.net/imgmovie/mdi/mit110/1303/130341_P28_144341.jpg,2015,"['민경조', '박대열']",['박지윤'],6.75
418,471,아이,https://movie.naver.com/movie/bi/mi/basic.nhn?code=194463,https://ssl.pstatic.net/imgmovie/mdi/mit110/1944/194463_P27_155819.jpg,2021,['김현탁'],"['김향기', '류현경', '염혜란']",9.13
419,472,다키스트 아워,https://movie.naver.com/movie/bi/mi/basic.nhn?code=150687,https://ssl.pstatic.net/imgmovie/mdi/mit110/1506/150687_P15_140834.jpg,2017,['조 라이트'],"['릴리 제임스', '게리 올드만', '벤 멘델슨', '크리스틴 스콧 토마스', '스티븐 딜레인']",9.10
420,473,툴리,https://movie.naver.com/movie/bi/mi/basic.nhn?code=154653,https://ssl.pstatic.net/imgmovie/mdi/mit110/1546/154653_P12_102646.jpg,2018,['제이슨 라이트맨'],"['샤를리즈 테론', '맥켄지 데이비스']",9.01
421,474,레미니센스,https://movie.naver.com/movie/bi/mi/basic.nhn?code=193966,https://ssl.pstatic.net/imgmovie/mdi/mit110/1939/193966_P03_172357.jpg,2021,['리사 조이'],"['레베카 퍼거슨', '탠디 뉴튼', '휴 잭맨']",7.00
422,475,사이드 이펙트,https://movie.naver.com/movie/bi/mi/basic.nhn?code=91074,https://ssl.pstatic.net/imgmovie/mdi/mit110/0910/91074_P19_120152.jpg,2013,['스티븐 소더버그'],"['채닝 테이텀', '주드 로', '캐서린 제타 존스', '루니 마라']",7.59
423,476,애프터: 그 후,https://movie.naver.com/movie/bi/mi/basic.nhn?code=195442,https://ssl.pstatic.net/imgmovie/mdi/mit110/1954/195442_P06_161622.jpg,2020,['로저 컴블'],"['히어로 파인즈 티핀', '조세핀 랭포드', '딜란 스프로즈']",8.00
424,477,백프로,https://movie.naver.com/movie/bi/mi/basic.nhn?code=64194,https://ssl.pstatic.net/imgmovie/mdi/mit110/0641/64194_P07_130731.jpg,2013,['김명균'],"['윤시윤', '여진구', '천호진', '이경영', '박상면', '이원종']",5.35
425,478,반딧불이 딘딘,https://movie.naver.com/movie/bi/mi/basic.nhn?code=171767,https://ssl.pstatic.net/imgmovie/mdi/mit110/1717/171767_P10_170856.jpg,2017,['등위봉'],"['방지원', '조연우', '신정훈', '박상우', '송영인']",7.85
426,479,다크 하우스,https://movie.naver.com/movie/bi/mi/basic.nhn?code=176398,https://ssl.pstatic.net/imgmovie/mdi/mit110/1763/176398_P01_153353.jpg,2017,['셰필드 레이하르트'],"['저스틴 스펜서', '브리트니 크라거우드']",9.00
427,479,다크 하우스,https://movie.naver.com/movie/bi/mi/basic.nhn?code=141184,https://ssl.pstatic.net/imgmovie/mdi/mit110/1411/141184_P13_165419.jpg,2016,['대런 린 보우즈만'],"['제시카 론디스', '조 앤더슨', '린 샤예']",5.46
428,480,콜 오브 와일드,https://movie.naver.com/movie/bi/mi/basic.nhn?code=192147,https://ssl.pstatic.net/imgmovie/mdi/mit110/1921/192147_P03_173541.jpg,2020,['크리스 샌더스'],['해리슨 포드'],8.85
429,481,어나더 라운드,https://movie.naver.com/movie/bi/mi/basic.nhn?code=194813,https://ssl.pstatic.net/imgmovie/mdi/mit110/1948/194813_P15_135648.jpg,2020,['토마스 빈터베르그'],"['매즈 미켈슨', '토머스 보 라센', '라르스 란데']",8.35
430,483,스파키,https://movie.naver.com/movie/bi/mi/basic.nhn?code=140235,https://ssl.pstatic.net/imgmovie/mdi/mit110/1402/140235_P03_100431.jpg,2016,['아론 우들리'],"['제시카 비엘', '수잔 서랜든', '제이스 노먼', '패트릭 스튜어트', '힐러리 스웽크']",8.86
431,484,우리의 20세기,https://movie.naver.com/movie/bi/mi/basic.nhn?code=143390,https://ssl.pstatic.net/imgmovie/mdi/mit110/1433/143390_P14_183048.jpg,2016,['마이크 밀스'],"['엘르 패닝', '빌리 크루덥', '그레타 거윅', '아네트 베닝', '루카스 제이드 주먼']",8.25
432,485,어른들은 몰라요,https://movie.naver.com/movie/bi/mi/basic.nhn?code=195691,https://ssl.pstatic.net/imgmovie/mdi/mit110/1956/195691_P21_103849.jpg,2020,['이환'],"['이유미', '하니', '신햇빛', '이환']",4.57
433,486,위핏,https://movie.naver.com/movie/bi/mi/basic.nhn?code=46489,https://ssl.pstatic.net/imgmovie/mdi/mit110/0464/46489_P38_092703.jpg,2009,['드류 베리모어'],"['엘리엇 페이지', '마샤 게이 하든']",8.01
434,487,엘르,https://movie.naver.com/movie/bi/mi/basic.nhn?code=147067,https://ssl.pstatic.net/imgmovie/mdi/mit110/1470/147067_P01_163854.jpg,2016,['폴 버호벤'],"['이자벨 위페르', '로랑 라피트', '앤 콘시니']",7.67
435,488,"그 시절, 우리가 좋아했던 소녀",https://movie.naver.com/movie/bi/mi/basic.nhn?code=88669,https://ssl.pstatic.net/imgmovie/mdi/mit110/0886/88669_P67_095205.jpg,2011,['구파도'],"['가진동', '천옌시']",9.02
436,489,드래곤 헌터,https://movie.naver.com/movie/bi/mi/basic.nhn?code=49684,https://ssl.pstatic.net/imgmovie/mdi/mit110/0496/49684_P30_110414.jpg,2007,"['기욤 이베르넬', '아르튀르 크왁']",['뱅상 랭동'],6.48
437,490,뫼비우스,https://movie.naver.com/movie/bi/mi/basic.nhn?code=103781,https://ssl.pstatic.net/imgmovie/mdi/mit110/1037/103781_P06_110359.jpg,2013,['김기덕'],"['조재현', '서영주', '이나라']",4.46
438,491,빠삐용,https://movie.naver.com/movie/bi/mi/basic.nhn?code=154288,https://ssl.pstatic.net/imgmovie/mdi/mit110/1542/154288_P29_100835.jpg,2017,['마이클 노어'],"['찰리 허냄', '라미 말렉']",8.64
439,492,봄날,https://movie.naver.com/movie/bi/mi/basic.nhn?code=204650,https://ssl.pstatic.net/imgmovie/mdi/mit110/2046/204650_P34_114346.jpg,2021,['이돈구'],['손현주'],7.50
440,493,더 플랜,https://movie.naver.com/movie/bi/mi/basic.nhn?code=162471,https://ssl.pstatic.net/imgmovie/mdi/mit110/1624/162471_P07_101827.jpg,2017,['최진성'],"['김어준', '김재광', '헨리 E. 브래디', '필립 B. 스타크', '데이비드 D. 딜', '베브 해리스 ', '클린트 커티스', '존 C. 보니파즈', '더글라스 W. 존스', '브래드 프리드먼', '현화신', '전희경', '콘스탄츠 커츠', '롭 홍크레이프', '울리히 비스너', '카리나 스콘', '이정렬', '송영길', '박한용', '권석철', '한홍구', '조해수', '조유빈', '송병우', '윤환철', '김난경', '최영남', '봉투 Y', '봉투 K', '봉투 T', '김상호', '곽경숙', '강선미', '한길순', '권성선']",8.62
441,494,빅 웨딩,https://movie.naver.com/movie/bi/mi/basic.nhn?code=87306,https://ssl.pstatic.net/imgmovie/mdi/mit110/0873/87306_P15_201252.jpg,2013,['저스틴 잭햄'],"['아만다 사이프리드', '벤 반스', '로버트 드 니로', '캐서린 헤이글', '다이안 키튼', '수잔 서랜든', '로빈 윌리엄스']",6.48
442,495,만신,https://movie.naver.com/movie/bi/mi/basic.nhn?code=94186,https://ssl.pstatic.net/imgmovie/mdi/mit110/0941/94186_P38_162109.jpg,2013,['박찬경'],"['김새론', '류현경', '문소리', '김금화']",8.07
443,496,리틀드래곤 코코넛,https://movie.naver.com/movie/bi/mi/basic.nhn?code=139698,https://ssl.pstatic.net/imgmovie/mdi/mit110/1396/139698_P08_154228.jpg,2014,"['허버트 베일란드', '니나 웰스']","['김경희', '유지원', '이소은', '임채헌', '박상훈']",8.60
444,500,개들의 섬,https://movie.naver.com/movie/bi/mi/basic.nhn?code=150097,https://ssl.pstatic.net/imgmovie/mdi/mit110/1500/150097_P30_114526.jpg,2018,['웨스 앤더슨'],"['브라이언 크랜스톤', '틸다 스윈튼', '빌 머레이', '에드워드 노튼', '코유 랜킨', '리브 슈라이버', '쿠니치 노무라']",8.35
