,0,1
0,8,검색결과 초과
1,9,검색결과 초과
2,59,검색결과 초과
3,60,검색결과 초과
4,66,검색결과 초과
5,105,검색결과 초과
6,212,검색결과 초과
7,214,검색결과 초과
8,218,검색결과 초과
9,233,검색결과 초과
10,238,검색결과 초과
11,264,검색결과 초과
12,265,검색결과 초과
13,365,검색결과 초과
14,373,검색결과 초과
15,421,검색결과 초과
16,444,검색결과 초과
17,467,검색결과 초과
18,473,검색결과 초과
19,486,검색결과 초과
20,526,검색결과 초과
21,599,검색결과 초과
22,618,검색결과 초과
23,639,검색결과 초과
24,641,검색결과 초과
25,673,검색결과 초과
26,686,검색결과 초과
27,713,검색결과 초과
28,745,검색결과 초과
29,772,검색 불가
30,776,검색결과 초과
31,817,검색결과 초과
32,818,검색결과 초과
33,822,검색결과 초과
34,862,검색결과 초과
35,864,검색결과 초과
36,898,검색결과 초과
37,932,검색결과 초과
38,970,검색결과 초과
39,971,검색결과 초과
40,1050,검색결과 초과
41,1081,검색결과 초과
42,1090,검색결과 초과
43,1094,검색결과 초과
44,1111,검색결과 초과
45,1146,검색결과 초과
46,1258,검색결과 초과
47,1313,검색결과 초과
48,1316,검색결과 초과
49,1318,검색결과 초과
50,1319,검색결과 초과
51,1337,검색결과 초과
52,1347,검색결과 초과
53,1365,검색결과 초과
54,1380,검색결과 초과
55,1532,검색결과 초과
56,1556,검색결과 초과
57,1559,1페이지에 없음
58,1567,검색결과 초과
59,1567,1페이지에 없음
60,1574,검색결과 초과
61,1594,검색결과 초과
62,1604,검색 불가
63,1623,검색결과 초과
64,1644,1페이지에 없음
65,1727,검색결과 초과
66,1732,검색 불가
67,1758,검색 불가
68,1759,검색 불가
69,1785,검색결과 초과
70,1810,검색결과 초과
71,1812,검색결과 초과
72,1839,검색결과 초과
73,1869,검색결과 초과
74,1890,검색결과 초과
75,1914,검색결과 초과
76,1916,검색결과 초과
77,1925,검색 불가
78,1926,검색결과 초과
79,1938,검색결과 초과
80,1970,검색 불가
81,1995,검색결과 초과
82,2011,검색결과 초과
83,2017,검색결과 초과
84,2024,검색결과 초과
85,2083,검색결과 초과
86,2099,검색결과 초과
87,2104,검색결과 초과
88,2119,검색결과 초과
89,2153,1페이지에 없음
90,2163,검색결과 초과
91,2164,검색결과 초과
92,2231,검색결과 초과
93,2252,검색결과 초과
94,2275,검색 불가
95,2278,검색 불가
96,2283,검색결과 초과
97,2316,검색결과 초과
98,2337,검색 불가
99,2371,검색결과 초과
100,2421,검색결과 초과
101,2432,검색결과 초과
102,2436,검색 불가
103,2456,검색결과 초과
104,2470,검색결과 초과
105,2504,검색결과 초과
106,2512,검색결과 초과
107,2513,검색 불가
108,2538,검색결과 초과
109,2556,검색결과 초과
110,2561,검색결과 초과
111,2599,검색결과 초과
112,2623,검색결과 초과
113,2635,검색결과 초과
114,2700,검색결과 초과
115,2753,검색결과 초과
116,2768,검색결과 초과
117,2847,검색결과 초과
118,2864,검색결과 초과
119,2871,검색결과 초과
120,2891,검색결과 초과
121,2913,검색결과 초과
122,2926,검색결과 초과
123,2954,검색결과 초과
124,2995,검색 불가
125,2999,검색결과 초과
126,3013,검색결과 초과
127,3064,검색결과 초과
128,3088,검색결과 초과
129,3108,검색 불가
130,3142,검색결과 초과
131,3170,검색 불가
132,3173,검색결과 초과
133,3174,검색결과 초과
134,3206,검색결과 초과
135,3245,검색결과 초과
136,3276,검색결과 초과
137,3310,검색결과 초과
138,3388,검색결과 초과
139,3400,검색 불가
140,3493,검색결과 초과
141,3504,검색결과 초과
142,3507,검색결과 초과
143,3538,검색결과 초과
144,3631,검색결과 초과
145,3637,검색결과 초과
146,3679,1페이지에 없음
147,3684,1페이지에 없음
148,3686,검색 불가
149,3690,1페이지에 없음
150,3732,검색결과 초과
151,3737,검색 불가
152,3758,검색결과 초과
153,3773,검색결과 초과
154,3776,검색결과 초과
155,3800,검색결과 초과
156,3847,검색결과 초과
157,3880,검색결과 초과
158,3935,검색 불가
159,3995,검색 불가
160,4014,검색결과 초과
161,4020,검색결과 초과
162,4045,검색결과 초과
163,4047,검색결과 초과
164,4080,검색결과 초과
165,4098,검색결과 초과
166,4117,검색결과 초과
167,4132,검색결과 초과
168,4137,검색 불가
169,4148,검색결과 초과
170,4169,검색결과 초과
171,4177,검색결과 초과
172,4264,검색결과 초과
173,4271,검색결과 초과
174,4286,검색결과 초과
175,4319,검색결과 초과
176,4357,검색결과 초과
177,4366,검색결과 초과
178,4403,검색 불가
179,4444,검색결과 초과
180,4450,검색결과 초과
181,4503,검색 불가
182,4528,검색결과 초과
183,4604,검색결과 초과
184,4677,검색 불가
185,4701,검색결과 초과
186,4750,검색 불가
187,4766,검색결과 초과
