순번,영화명,네이버URL,이미지URL,제작연도,감독,출연,평점
22,어벤져스: 인피니티 워,https://movie.naver.com/movie/bi/mi/basic.nhn?code=136315,https://ssl.pstatic.net/imgmovie/mdi/mit110/1363/136315_P16_142450.jpg,2018,"['앤서니 루소', '조 루소']","['크리스 프랫', '조 샐다나', '브래들리 쿠퍼', '빈 디젤', '조슈 브롤린', '엘리자베스 올슨', '베네딕트 컴버배치', '스칼릿 조핸슨', '톰 홀랜드', '로버트 다우니 주니어', '크리스 헴스워스', '크리스 에반스', '마크 러팔로', '톰 히들스턴', '폴 베타니', '돈 치들', '채드윅 보스만', '데이브 바티스타', '안소니 마키']",8.97
191,미이라,https://movie.naver.com/movie/bi/mi/basic.nhn?code=120160,https://ssl.pstatic.net/imgmovie/mdi/mit110/1201/120160_P31_100857.jpg,2017,['알렉스 커츠만'],"['톰 크루즈', '소피아 부텔라', '애나벨 월리스']",7.24
212,아일랜드,https://movie.naver.com/movie/bi/mi/basic.nhn?code=179332,https://ssl.pstatic.net/imgmovie/mdi/mit110/1793/179332_P12_174351.jpg,2018,['황보'],"['황보', '서기', '레이']",7.25
264,마더,https://movie.naver.com/movie/bi/mi/basic.nhn?code=223016,https://ssl.pstatic.net/imgmovie/mdi/mit110/2230/223016_P01_143000.jpg,2022,['조니차 소피아'],,0.00
287,표적,https://movie.naver.com/movie/bi/mi/basic.nhn?code=209760,https://ssl.pstatic.net/imgmovie/mdi/mit110/2097/209760_P04_101617.jpg,2021,['니시지마 신지'],,0.00
307,나우 유 씨 미 : 마술사기단,https://movie.naver.com/movie/bi/mi/basic.nhn?code=92011,https://ssl.pstatic.net/imgmovie/mdi/mit110/0920/92011_P41_140458.jpg,2013,['루이스 리터리어'],"['우디 해럴슨', '제시 아이젠버그', '마크 러팔로', '멜라니 로랑']",8.05
312,타이탄,https://movie.naver.com/movie/bi/mi/basic.nhn?code=163473,https://ssl.pstatic.net/imgmovie/mdi/mit110/1634/163473_P01_174047.jpg,2017,['요하네스 프레제'],,0.00
332,퍼시픽 림,https://movie.naver.com/movie/bi/mi/basic.nhn?code=86867,https://ssl.pstatic.net/imgmovie/mdi/mit110/0868/86867_P50_121640.jpg,2013,['기예르모 델 토로'],"['찰리 허냄', '론 펄먼', '이드리스 엘바', '찰리 데이', '키쿠치 린코']",7.68
412,원더 우먼,https://movie.naver.com/movie/bi/mi/basic.nhn?code=19233,https://ssl.pstatic.net/imgmovie/mdi/mit110/0192/A9233-01.jpg,1974,['빈센트 맥에비티'],"['캐시 리 크로스비', '애니트라 포드', '카즈 가라스', '리카르도 몬탈반']",7.00
421,사랑,https://movie.naver.com/movie/bi/mi/basic.nhn?code=222827,https://ssl.pstatic.net/imgmovie/mdi/mit110/2228/222827_P01_121949.jpg,2022,['알베르토 올리비아'],,0.00
440,뷰티 인사이드,https://movie.naver.com/movie/bi/mi/basic.nhn?code=129050,https://ssl.pstatic.net/imgmovie/mdi/mit110/1290/129050_P112_100230.jpg,2015,['백종열'],"['한효주', '김대명', '도지한', '배성우', '박신혜', '이범수', '박서준', '김상호', '천우희', '우에노 주리', '이재준', '김민재', '이현우', '조달환', '이진욱', '홍다미', '서강준', '김희원', '이동욱', '고아성', '김주혁', '유연석']",7.79
467,가족,https://movie.naver.com/movie/bi/mi/basic.nhn?code=224471,,2020,['김채린'],,0.00
473,영웅,https://movie.naver.com/movie/bi/mi/basic.nhn?code=184509,https://ssl.pstatic.net/imgmovie/mdi/mit110/1845/184509_P59_145214.jpg,2022,['윤제균'],"['정성화', '김고은', '나문희', '조재윤', '배정남', '이현우', '박진주']",8.98
486,아이들...,https://movie.naver.com/movie/bi/mi/basic.nhn?code=219121,https://ssl.pstatic.net/imgmovie/mdi/mit110/2191/219121_P01_143139.jpg,2022,['파질라 아미리'],,0.00
552,마다가스카의 펭귄,https://movie.naver.com/movie/bi/mi/basic.nhn?code=114276,https://ssl.pstatic.net/imgmovie/mdi/mit110/1142/114276_P04_111037.jpg,2014,"['에릭 다넬', '사이몬 J. 스미스']","['베네딕트 컴버배치', '존 말코비치', '톰 맥그라스', '크리스 밀러', '크리스토퍼 나이츠', '켄 정']",8.71
599,작전,https://movie.naver.com/movie/bi/mi/basic.nhn?code=223691,https://ssl.pstatic.net/imgmovie/mdi/mit110/2236/223691_P00_153547.png,2022,['김태윤'],['차시윤'],0.00
618,어스,https://movie.naver.com/movie/bi/mi/basic.nhn?code=199076,https://ssl.pstatic.net/imgmovie/mdi/mit110/1990/199076_P01_152811.jpg,2020,"['손유선', '조현영']",,0.00
635,잃어버린 세계를 찾아서,https://movie.naver.com/movie/bi/mi/basic.nhn?code=78512,,1996,['로라 세퍼드'],['돈 프랭크스'],0.00
641,연인,https://movie.naver.com/movie/bi/mi/basic.nhn?code=204166,https://ssl.pstatic.net/imgmovie/mdi/mit110/2041/204166_P01_170654.JPG,2021,['허건'],"['나호숙', '신강균']",0.00
659,폼페이: 최후의 날,https://movie.naver.com/movie/bi/mi/basic.nhn?code=74490,https://ssl.pstatic.net/imgmovie/mdi/mit110/0744/74490_P03_162106.jpg,1913,"['마리오 카세리니', '에레우테리오 로돌피']","['페르난다 네그리 푸젯', '유지니아 테토니 피어']",0.00
673,신들의 전쟁,https://movie.naver.com/movie/bi/mi/basic.nhn?code=210937,https://ssl.pstatic.net/imgmovie/mdi/mit110/2109/210937_P01_103053.jpg,2020,['증효우'],,0.00
686,영화는 영화다,https://movie.naver.com/movie/bi/mi/basic.nhn?code=157738,https://ssl.pstatic.net/imgmovie/mdi/mit110/1577/157738_P01_182850.jpg,2017,['마츠에 테츠아키'],['야마다 타카유키'],0.00
713,행복,https://movie.naver.com/movie/bi/mi/basic.nhn?code=194595,https://ssl.pstatic.net/imgmovie/mdi/mit110/1945/194595_P01_180314.jpg,2020,['안드레이 지드코브'],,0.00
745,바람 바람 바람,https://movie.naver.com/movie/bi/mi/basic.nhn?code=190300,https://ssl.pstatic.net/imgmovie/mdi/mit110/1903/190300_P01_131627.jpg,2018,['코메이'],,0.00
817,업,https://movie.naver.com/movie/bi/mi/basic.nhn?code=187894,https://ssl.pstatic.net/imgmovie/mdi/mit110/1878/187894_P01_114418.jpg,2018,['첼시 프레스턴-크레이포드'],,0.00
818,시크릿,https://movie.naver.com/movie/bi/mi/basic.nhn?code=189856,https://ssl.pstatic.net/imgmovie/mdi/mit110/1898/189856_P02_154428.jpg,2019,['이저벨 리'],,0.00
822,마음이...,https://movie.naver.com/movie/bi/mi/basic.nhn?code=122476,https://ssl.pstatic.net/imgmovie/mdi/mit110/1224/122476_P12_100103.jpg,2014,['사베리오 코스탄조'],"['아담 드라이버', '알바 로르와처']",7.48
849,맨 인 더 다크,https://movie.naver.com/movie/bi/mi/basic.nhn?code=144944,https://ssl.pstatic.net/imgmovie/mdi/mit110/1449/144944_P10_153743.jpg,2016,['페데 알바레즈'],"['제인 레비', '딜런 미네트', '스티븐 랭']",7.92
932,블랙,https://movie.naver.com/movie/bi/mi/basic.nhn?code=194154,,2020,['아오 첸'],,0.00
995,무극,https://movie.naver.com/movie/bi/mi/basic.nhn?code=38449,https://ssl.pstatic.net/imgmovie/mdi/mit110/0384/C8449-01.jpg,2005,['천카이거'],"['장동건', '장백지', '사나다 히로유키']",4.75
1066,피터 팬,https://movie.naver.com/movie/bi/mi/basic.nhn?code=13333,https://ssl.pstatic.net/imgmovie/mdi/mit110/0133/A3333-01.jpg,1924,['허버트 브레논'],['베티 브론슨'],9.36
1081,리턴,https://movie.naver.com/movie/bi/mi/basic.nhn?code=198285,https://ssl.pstatic.net/imgmovie/mdi/mit110/1982/198285_P01_160433.jpg,2019,['토무 야마구치'],,0.00
1218,그린치,https://movie.naver.com/movie/bi/mi/basic.nhn?code=150688,https://ssl.pstatic.net/imgmovie/mdi/mit110/1506/150688_P30_101919.jpg,2018,"['야로우 체니', '스콧 모지어']","['베네딕트 컴버배치', '퍼렐 윌리엄스']",8.34
1258,몬스터,https://movie.naver.com/movie/bi/mi/basic.nhn?code=222965,https://ssl.pstatic.net/imgmovie/mdi/mit110/2229/222965_P01_141300.jpg,2022,['제라드 노게이라'],,0.00
1276,피라냐,https://movie.naver.com/movie/bi/mi/basic.nhn?code=208332,https://ssl.pstatic.net/imgmovie/mdi/mit110/2083/208332_P01_165907.jpg,2020,['아레나스 안더슨 아스카니오'],,0.00
1300,그레이트 월,https://movie.naver.com/movie/bi/mi/basic.nhn?code=126034,https://ssl.pstatic.net/imgmovie/mdi/mit110/1260/126034_P12_153724.jpg,2016,['장이머우'],"['맷 데이먼', '페드로 파스칼', '루한', '유덕화', '경첨', '윌렘 대포']",6.29
1313,레드,https://movie.naver.com/movie/bi/mi/basic.nhn?code=194076,https://ssl.pstatic.net/imgmovie/mdi/mit110/1940/194076_P05_110637.jpg,2020,['미시마 유키코'],"['카호', '츠마부키 사토시']",8.82
1316,아들,https://movie.naver.com/movie/bi/mi/basic.nhn?code=189416,https://ssl.pstatic.net/imgmovie/mdi/mit110/1894/189416_P01_143224.jpg,2019,['이네스 타노빅'],"['율리시스 페미우 ', '스네자나 보그다노비치', '에밀 하드지하피즈베고빅']",0.00
1337,페이스,https://movie.naver.com/movie/bi/mi/basic.nhn?code=224514,,2023,['나홍진'],"['고준', '최무성', '엄태구']",0.00
1365,라이프,https://movie.naver.com/movie/bi/mi/basic.nhn?code=226764,https://ssl.pstatic.net/imgmovie/mdi/mit110/2267/226764_P01_164255.jpg,2023,"['핀 빈터', '크리스티나 레빈 빈터']",,0.00
1368,세 얼간이,https://movie.naver.com/movie/bi/mi/basic.nhn?code=73372,https://ssl.pstatic.net/imgmovie/mdi/mit110/0733/73372_P47_150458.jpg,2009,['라지쿠마르 히라니'],"['아미르 칸', '카리나 카푸르', '마드하반', '셔먼 조쉬', '보만 이라니', '오미 베이디아']",9.35
1371,옹박 : 두번째 미션,https://movie.naver.com/movie/bi/mi/basic.nhn?code=41334,https://ssl.pstatic.net/imgmovie/mdi/mit110/0413/41334_P43_094548.jpg,2005,['프라차야 핀카엡'],['토니 자'],8.29
1380,엠,https://movie.naver.com/movie/bi/mi/basic.nhn?code=176778,,2018,['샌디 모리슨'],,0.00
1400,야연,https://movie.naver.com/movie/bi/mi/basic.nhn?code=62960,https://ssl.pstatic.net/imgmovie/mdi/mit110/0629/F2960-01.jpg,2006,['펑 샤오강'],"['장쯔이', '오언조', '갈우', '저우쉰']",7.02
1477,파이널 데스티네이션,https://movie.naver.com/movie/bi/mi/basic.nhn?code=217810,https://ssl.pstatic.net/imgmovie/mdi/mit110/2178/217810_P01_120522.jpg,2021,['마리카 다무라 '],,0.00
1479,더 독,https://movie.naver.com/movie/bi/mi/basic.nhn?code=160892,,2017,['에머슨 버글런드'],,0.00
1524,그레이의 50가지 그림자,https://movie.naver.com/movie/bi/mi/basic.nhn?code=115303,https://ssl.pstatic.net/imgmovie/mdi/mit110/1153/115303_P05_103428.jpg,2015,['샘 테일러 존슨'],"['다코타 존슨', '제이미 도넌', '제니퍼 엘', '루크 그림즈']",6.11
1525,파라노말 액티비티 2,https://movie.naver.com/movie/bi/mi/basic.nhn?code=73787,https://ssl.pstatic.net/imgmovie/mdi/mit110/0737/73787_P08_193657.jpg,2010,['토드 윌리엄스'],"['케이티 피더스턴', '미카 슬로앳']",6.53
1532,홈,https://movie.naver.com/movie/bi/mi/basic.nhn?code=206410,https://ssl.pstatic.net/imgmovie/mdi/mit110/2064/206410_P01_163046.jpg,2021,['미리암 우위라지예 비라라'],,0.00
1545,플립,https://movie.naver.com/movie/bi/mi/basic.nhn?code=226638,,2022,['미하 퀴에친스키'],,0.00
1556,그녀,https://movie.naver.com/movie/bi/mi/basic.nhn?code=221742,https://ssl.pstatic.net/imgmovie/mdi/mit110/2217/221742_P01_101926.jpg,2021,['이가온'],,0.00
1564,치외법권,https://movie.naver.com/movie/bi/mi/basic.nhn?code=13429,https://ssl.pstatic.net/imgmovie/mdi/mit110/0134/13429_P01_162009.jpg,1991,['피터 마리스'],"['브루스 박스라이트너', '빌리 드라고', '톰 브레스나헌']",3.00
1567,썸,https://movie.naver.com/movie/bi/mi/basic.nhn?code=210289,https://ssl.pstatic.net/imgmovie/mdi/mit110/2102/210289_P01_164452.jpg,2021,['알렉산드라 펙먼'],,0.00
1570,플러쉬,https://movie.naver.com/movie/bi/mi/basic.nhn?code=196995,https://ssl.pstatic.net/imgmovie/mdi/mit110/1969/196995_P01_181744.jpg,2020,['디에고 프레이타스'],,0.00
1593,샬롯의 거미줄,https://movie.naver.com/movie/bi/mi/basic.nhn?code=46470,https://ssl.pstatic.net/imgmovie/mdi/mit110/0464/D6470-01.jpg,1973,"['찰스 A. 니콜스', '이와오 다카모토']","['데비 레이놀즈', '폴 린드']",9.08
1607,킬러스,https://movie.naver.com/movie/bi/mi/basic.nhn?code=119293,https://ssl.pstatic.net/imgmovie/mdi/mit110/1192/119293_P04_154950.jpg,2014,['모 브라더스'],"['키타무라 카즈키', '오카 안타라']",6.73
1624,아담스 패밀리,https://movie.naver.com/movie/bi/mi/basic.nhn?code=131553,https://ssl.pstatic.net/imgmovie/mdi/mit110/1315/131553_P01_170728.jpg,1964,['시드니 랜필드'],"['캐럴린 존스', '존 애스틴', '테드 캐시디']",10.00
1629,어글리 트루스,https://movie.naver.com/movie/bi/mi/basic.nhn?code=53350,https://ssl.pstatic.net/imgmovie/mdi/mit110/0533/53350_P00_135731.jpg,2009,['로버트 루케틱'],"['캐서린 헤이글', '제라드 버틀러']",8.41
1640,유실물,https://movie.naver.com/movie/bi/mi/basic.nhn?code=61717,https://ssl.pstatic.net/imgmovie/mdi/mit110/0617/F1717-01.jpg,2006,['후루사와 켄'],"['사와지리 에리카', '오구리 슌', '와카츠키 치나츠']",4.07
1644,P.S. 아이 러브 유,https://movie.naver.com/movie/bi/mi/basic.nhn?code=69099,https://ssl.pstatic.net/imgmovie/mdi/mit110/0690/F9099-00.jpg,2007,['리처드 라그라브네스'],"['힐러리 스웽크', '제라드 버틀러']",8.37
1672,드리머,https://movie.naver.com/movie/bi/mi/basic.nhn?code=186189,https://ssl.pstatic.net/imgmovie/mdi/mit110/1861/186189_P01_171735.jpg,2018,['올가 오코레로바'],,0.00
1675,에이리언 VS 프레데터,https://movie.naver.com/movie/bi/mi/basic.nhn?code=38281,https://ssl.pstatic.net/imgmovie/mdi/mit110/0382/C8281-00.jpg,2004,['폴 앤더슨'],"['산나 라단', '라울 보바', '랜스 헨릭슨']",7.16
1746,눈의 여왕,https://movie.naver.com/movie/bi/mi/basic.nhn?code=36065,https://ssl.pstatic.net/imgmovie/mdi/mit110/0360/C6065-01.jpg,1957,['레흐 아타마노후'],"['딕 빌즈', '빌리 부스']",9.90
1765,파이스토리,https://movie.naver.com/movie/bi/mi/basic.nhn?code=60618,https://ssl.pstatic.net/imgmovie/mdi/mit110/0606/F0618-01.jpg,2006,"['하워드 E. 베이커', '존 폭스', '이경호']","['김형준', '박명수', '임채무', '김현중']",7.13
1781,마야,https://movie.naver.com/movie/bi/mi/basic.nhn?code=196761,https://ssl.pstatic.net/imgmovie/mdi/mit110/1967/196761_P01_180327.jpg,2020,"['잠시드 모자데디', '앤슨 하트포드']",,0.00
1803,러브 & 트러블,https://movie.naver.com/movie/bi/mi/basic.nhn?code=17372,https://ssl.pstatic.net/imgmovie/mdi/mit110/0173/A7372-01.jpg,1994,['찰스 샤이어'],"['줄리아 로버츠', '닉 놀테']",9.75
1839,다크니스,https://movie.naver.com/movie/bi/mi/basic.nhn?code=110334,https://ssl.pstatic.net/imgmovie/mdi/mit110/1103/110334_P01_144232.jpg,2012,['자크 스틸'],"['멜라니 페퍼리아', '콜린 로렌스', '로라 밋첼']",0.00
1842,서약,https://movie.naver.com/movie/bi/mi/basic.nhn?code=84414,https://ssl.pstatic.net/imgmovie/mdi/mit110/0844/84414_P26_100535.jpg,2012,['마이클 수지'],"['레이첼 맥아담스', '채닝 테이텀']",8.25
1848,하우스 오브 왁스,https://movie.naver.com/movie/bi/mi/basic.nhn?code=40743,https://ssl.pstatic.net/imgmovie/mdi/mit110/0407/D0743-00.jpg,2005,['자움 콜렛 세라'],"['엘리샤 커스버트', '채드 마이클 머레이']",7.86
1869,원스,https://movie.naver.com/movie/bi/mi/basic.nhn?code=150928,,2015,['아디옹 루'],,0.00
1916,시,https://movie.naver.com/movie/bi/mi/basic.nhn?code=196503,https://ssl.pstatic.net/imgmovie/mdi/mit110/1965/196503_P01_134758.jpg,2020,['루카 페리'],,0.00
1919,노미오와 줄리엣,https://movie.naver.com/movie/bi/mi/basic.nhn?code=76444,https://ssl.pstatic.net/imgmovie/mdi/mit110/0764/76444_P05_120924.jpg,2011,['켈리 애스버리'],"['이준', '지연', '제임스 맥어보이', '에밀리 블런트']",8.30
1926,수,https://movie.naver.com/movie/bi/mi/basic.nhn?code=207233,https://ssl.pstatic.net/imgmovie/mdi/mit110/2072/207233_P01_115040.jpg,2019,['토마 크뮤히앙'],,0.00
1934,프리즌 이스케이프,https://movie.naver.com/movie/bi/mi/basic.nhn?code=193804,https://ssl.pstatic.net/imgmovie/mdi/mit110/1938/193804_P04_105152.jpg,2020,['프란시스 아난'],"['다니엘 래드클리프', '다니엘 웨버']",8.34
1937,송 포 유,https://movie.naver.com/movie/bi/mi/basic.nhn?code=98728,https://ssl.pstatic.net/imgmovie/mdi/mit110/0987/98728_P18_174739.jpg,2012,['<b>폴</b> 앤드류 윌리엄스'],"['젬마 아터튼', '바네사 레드그레이브', '테렌스 스탬프']",8.72
1938,지구,https://movie.naver.com/movie/bi/mi/basic.nhn?code=92151,https://ssl.pstatic.net/imgmovie/mdi/mit110/0921/92151_P01_163844.jpg,2012,['방재호'],,10.00
1971,코코 샤넬,https://movie.naver.com/movie/bi/mi/basic.nhn?code=83103,https://ssl.pstatic.net/imgmovie/mdi/mit110/0831/83103_P01_142400.jpg,2008,['크리스찬 두가이'],"['바보라 보부로바', '브리짓 보쉐']",0.00
1982,헬보이,https://movie.naver.com/movie/bi/mi/basic.nhn?code=38396,https://ssl.pstatic.net/imgmovie/mdi/mit110/0383/C8396-00.jpg,2004,['기예르모 델 토로'],"['론 펄먼', '존 허트', '셀마 블레어', '루퍼트 에반스', '카렐 로든', '제프리 탬버']",7.06
2009,검은 물밑에서,https://movie.naver.com/movie/bi/mi/basic.nhn?code=34520,https://ssl.pstatic.net/imgmovie/mdi/mit110/0345/C4520-00.jpg,2002,['나카다 히데오'],['구로키 히토미'],5.86
2011,블루,https://movie.naver.com/movie/bi/mi/basic.nhn?code=206172,https://ssl.pstatic.net/imgmovie/mdi/mit110/2061/206172_P01_102556.JPG,2021,['요시다 케이스케'],,0.00
2017,엄마,https://movie.naver.com/movie/bi/mi/basic.nhn?code=214665,https://ssl.pstatic.net/imgmovie/mdi/mit110/2146/214665_P17_140143.jpg,2022,['아이리스 심'],"['산드라 오', '피벨 스튜어트']",3.97
2032,미러,https://movie.naver.com/movie/bi/mi/basic.nhn?code=200808,https://ssl.pstatic.net/imgmovie/mdi/mit110/2008/200808_P01_141532.jpg,2020,['크리스티나 윤'],,0.00
2040,응징자,https://movie.naver.com/movie/bi/mi/basic.nhn?code=16920,https://ssl.pstatic.net/imgmovie/mdi/mit110/0169/A6920-00.jpg,1989,['마크 골드블라트'],"['돌프 룬드그렌', '루이스 고셋 주니어']",8.21
2044,보이후드,https://movie.naver.com/movie/bi/mi/basic.nhn?code=118348,https://ssl.pstatic.net/imgmovie/mdi/mit110/1183/118348_P10_134405.jpg,2014,['리처드 링클레이터'],"['엘라 콜트레인', '에단 호크', '패트리샤 아퀘트', '로렐라이 링크레이터']",8.76
2095,유전,https://movie.naver.com/movie/bi/mi/basic.nhn?code=172420,https://ssl.pstatic.net/imgmovie/mdi/mit110/1724/172420_P26_102251.jpg,2017,['아리 에스터'],"['토니 콜렛', '가브리엘 번', '알렉스 울프', '밀리 샤피로']",7.25
2099,더 로드,https://movie.naver.com/movie/bi/mi/basic.nhn?code=203181,https://ssl.pstatic.net/imgmovie/mdi/mit110/2031/203181_P01_101544.jpg,2019,['줄리아 지아포네시'],,0.00
2106,업사이드 다운,https://movie.naver.com/movie/bi/mi/basic.nhn?code=78219,,2002,['기옘 모랄레스'],"['바이올레타 르루에카', '안드레스 헤레라']",0.00
2119,조이,https://movie.naver.com/movie/bi/mi/basic.nhn?code=210480,https://ssl.pstatic.net/imgmovie/mdi/mit110/2104/210480_P01_141813.jpg,2021,['알렉산드라 브로드스키'],,0.00
2142,비밀애,https://movie.naver.com/movie/bi/mi/basic.nhn?code=107750,https://ssl.pstatic.net/imgmovie/mdi/mit110/1077/107750_P00_140354.jpg,2013,['노구치 테루오'],['야마모토 타로'],0.00
2153,가디언,https://movie.naver.com/movie/bi/mi/basic.nhn?code=209274,https://ssl.pstatic.net/imgmovie/mdi/mit110/2092/209274_P01_111535.jpg,2020,['허우 구오 타오'],,0.00
2163,빅,https://movie.naver.com/movie/bi/mi/basic.nhn?code=211707,,2021,['다니엘레 피니'],,0.00
2169,니코,https://movie.naver.com/movie/bi/mi/basic.nhn?code=51775,https://ssl.pstatic.net/imgmovie/mdi/mit110/0517/E1775-01.jpg,2008,"['마이클 해트너', '캐리 주스넌']","['한누-펙카 뵤르크만', '부오코 호바타', '올리 얀투넨']",8.01
2171,더 자이언트,https://movie.naver.com/movie/bi/mi/basic.nhn?code=100994,https://ssl.pstatic.net/imgmovie/mdi/mit110/1009/100994_P07_152556.jpg,2012,['프라파스 콜사라논'],,7.94
2174,데스 레이스,https://movie.naver.com/movie/bi/mi/basic.nhn?code=47407,https://ssl.pstatic.net/imgmovie/mdi/mit110/0474/D7407-00.jpg,2008,['폴 앤더슨'],"['제이슨 스타뎀', '타이레스 깁슨']",8.58
2180,아메리칸 허슬,https://movie.naver.com/movie/bi/mi/basic.nhn?code=98917,https://ssl.pstatic.net/imgmovie/mdi/mit110/0989/98917_P16_111218.jpg,2013,['데이비드 O. 러셀'],"['제레미 레너', '에이미 아담스', '브래들리 쿠퍼', '크리스찬 베일', '제니퍼 로렌스']",7.53
2193,퀸카로 살아남는 법,https://movie.naver.com/movie/bi/mi/basic.nhn?code=38582,https://ssl.pstatic.net/imgmovie/mdi/mit110/0385/C8582-00.jpg,2004,['마크 워터스'],['린제이 로한'],8.22
2208,스테이트 오브 플레이,https://movie.naver.com/movie/bi/mi/basic.nhn?code=45287,https://ssl.pstatic.net/imgmovie/mdi/mit110/0452/45287_P01_090902.jpg,2003,['데이빗 예이츠'],"['데이비드 모리시', '존 심']",8.36
2221,투 브라더스,https://movie.naver.com/movie/bi/mi/basic.nhn?code=178621,https://ssl.pstatic.net/imgmovie/mdi/mit110/1786/178621_P01_142400.jpg,2018,['프란시스코 만소'],,0.00
2225,기프트,https://movie.naver.com/movie/bi/mi/basic.nhn?code=172831,https://ssl.pstatic.net/imgmovie/mdi/mit110/1728/172831_P01_110720.jpg,2018,['로빈 맥케나'],,0.00
2252,굿바이,https://movie.naver.com/movie/bi/mi/basic.nhn?code=144463,https://ssl.pstatic.net/imgmovie/mdi/mit110/1444/144463_P01_114805.jpg,2015,"['요르단 페트코프', '에디 슈왈츠']",,0.00
2260,크롤,https://movie.naver.com/movie/bi/mi/basic.nhn?code=183803,https://ssl.pstatic.net/imgmovie/mdi/mit110/1838/183803_P14_153255.jpg,2019,['알렉산드르 아야'],"['카야 스코델라리오', '배리 페퍼']",6.35
2264,플로렌스,https://movie.naver.com/movie/bi/mi/basic.nhn?code=185860,https://ssl.pstatic.net/imgmovie/mdi/mit110/1858/185860_P01_170427.jpg,2019,['폴린 큐노네로'],,0.00
2279,50/50,https://movie.naver.com/movie/bi/mi/basic.nhn?code=79382,,2010,['도미니카 드루고켁카'],,0.00
2283,파이터,https://movie.naver.com/movie/bi/mi/basic.nhn?code=198306,https://ssl.pstatic.net/imgmovie/mdi/mit110/1983/198306_P18_180811.jpg,2020,['윤재호'],"['임성미', '백서빈', '오광록']",6.91
2316,오늘,https://movie.naver.com/movie/bi/mi/basic.nhn?code=208293,https://ssl.pstatic.net/imgmovie/mdi/mit110/2082/208293_P01_144309.jpg,2020,['노연제'],,0.00
2336,매치 포인트,https://movie.naver.com/movie/bi/mi/basic.nhn?code=25596,,1995,['리 H. 카친'],"['빈센트 반 패튼', '래 돈 총', '마틴 쉰']",9.39
2339,슈퍼히어로,https://movie.naver.com/movie/bi/mi/basic.nhn?code=206193,https://ssl.pstatic.net/imgmovie/mdi/mit110/2061/206193_P02_150117.jpg,2021,['김민하'],['정우영'],0.00
2371,애인,https://movie.naver.com/movie/bi/mi/basic.nhn?code=133057,https://ssl.pstatic.net/imgmovie/mdi/mit110/1330/133057_P01_161001.JPG,2015,['이전'],"['문주연', '최상준', '공수진']",4.58
2416,내가 숨쉬는 공기,https://movie.naver.com/movie/bi/mi/basic.nhn?code=66601,https://ssl.pstatic.net/imgmovie/mdi/mit110/0666/F6601-00.jpg,2007,['이지호'],"['포레스트 휘태커', '케빈 베이컨', '브렌든 프레이저', '앤디 가르시아', '사라 미셸 겔러', '줄리 델피']",7.07
2429,스쿨 오브 락,https://movie.naver.com/movie/bi/mi/basic.nhn?code=37486,https://ssl.pstatic.net/imgmovie/mdi/mit110/0374/37486_P45_171751.jpg,2003,['리처드 링클레이터'],['잭 블랙'],9.21
2437,로스트 시티,https://movie.naver.com/movie/bi/mi/basic.nhn?code=212098,https://ssl.pstatic.net/imgmovie/mdi/mit110/2120/212098_P15_142254.jpg,2022,"['아론 니', '애덤 니']","['산드라 블록', '채닝 테이텀', '다니엘 래드클리프']",6.12
2444,아담스 패밀리 2,https://movie.naver.com/movie/bi/mi/basic.nhn?code=18866,https://ssl.pstatic.net/imgmovie/mdi/mit110/0188/A8866-00.jpg,1993,['배리 소넨펠드'],"['안젤리카 휴스턴', '라울 줄리아', '크리스토퍼 로이드', '조안 쿠삭', '크리스티나 리치', '캐롤 케인', '지미 워크먼', '데이빗 크럼홀츠']",8.73
2450,로빈슨 가족,https://movie.naver.com/movie/bi/mi/basic.nhn?code=32110,https://ssl.pstatic.net/imgmovie/mdi/mit110/0321/C2110-01.jpg,1940,['에드워드 러드윅'],"['프레디 바소로미우', '에드나 베스트']",8.50
2456,바디,https://movie.naver.com/movie/bi/mi/basic.nhn?code=200110,https://ssl.pstatic.net/imgmovie/mdi/mit110/2001/200110_P01_160351.jpg,2020,['일로이 도민게즈 세렌'],,0.00
2459,금발이 너무해 2,https://movie.naver.com/movie/bi/mi/basic.nhn?code=36698,https://ssl.pstatic.net/imgmovie/mdi/mit110/0366/C6698-00.jpg,2003,['찰스 허먼 움펠드'],['리즈 위더스푼'],6.35
2469,미운 오리 새끼의 모험,https://movie.naver.com/movie/bi/mi/basic.nhn?code=65953,https://ssl.pstatic.net/imgmovie/mdi/mit110/0659/65953_P24_180533.jpg,2006,"['마이클 해트너', '카르스텐 킬레리치']","['저스틴 그렉', '모건 C. 존스']",8.28
2504,신부들의 전쟁,https://movie.naver.com/movie/bi/mi/basic.nhn?code=156124,https://ssl.pstatic.net/imgmovie/mdi/mit110/1561/156124_P01_181801.jpg,2017,"['다비데 바레티', '로렌조 콘테']","['클라우디오 산타마리아', '에르네스토 마히스']",0.00
2512,블러드,https://movie.naver.com/movie/bi/mi/basic.nhn?code=213039,https://ssl.pstatic.net/imgmovie/mdi/mit110/2130/213039_P01_095838.jpg,2022,['브래들리 러스트 그레이'],,0.00
2531,몬스터 헌터,https://movie.naver.com/movie/bi/mi/basic.nhn?code=190011,https://ssl.pstatic.net/imgmovie/mdi/mit110/1900/190011_P14_102207.jpg,2020,['폴 앤더슨'],"['밀라 요보비치', '토니 자']",5.72
2538,바람,https://movie.naver.com/movie/bi/mi/basic.nhn?code=203972,https://ssl.pstatic.net/imgmovie/mdi/mit110/2039/203972_P01_162139.jpg,2021,['마틴 푸츠'],,0.00
2555,부기맨,https://movie.naver.com/movie/bi/mi/basic.nhn?code=108533,,2012,['제프리 스콧 랜도'],"['에디 맥클린턱', '에이미 베일리']",1.00
2556,타운,https://movie.naver.com/movie/bi/mi/basic.nhn?code=155813,https://ssl.pstatic.net/imgmovie/mdi/mit110/1558/155813_P01_174906.jpg,2015,['에밀리 차오'],,0.00
2561,투게더,https://movie.naver.com/movie/bi/mi/basic.nhn?code=140008,https://ssl.pstatic.net/imgmovie/mdi/mit110/1400/140008_P01_160451.jpg,1971,['숀 S. 커닝햄'],['마릴린 챔버스'],0.00
2581,위대한 침묵,https://movie.naver.com/movie/bi/mi/basic.nhn?code=58666,https://ssl.pstatic.net/imgmovie/mdi/mit110/0586/58666_P13_103019.jpg,2005,['필립 그로닝'],,7.81
2623,몬스터,https://movie.naver.com/movie/bi/mi/basic.nhn?code=222965,https://ssl.pstatic.net/imgmovie/mdi/mit110/2229/222965_P01_141300.jpg,2022,['제라드 노게이라'],,0.00
2625,아미티빌 호러,https://movie.naver.com/movie/bi/mi/basic.nhn?code=40552,https://ssl.pstatic.net/imgmovie/mdi/mit110/0405/D0552-00.jpg,2005,['앤드류 더글러스'],"['라이언 레이놀즈', '멜리사 조지', '제시 제임스', '지미 베넷', '클로이 모레츠']",6.99
2648,더 보이,https://movie.naver.com/movie/bi/mi/basic.nhn?code=181701,https://ssl.pstatic.net/imgmovie/mdi/mit110/1817/181701_P09_111143.jpg,2019,['데이비드 야로베스키'],"['엘리자베스 뱅크스', '잭슨 A.<b>던</b>', '데이비드 덴맨']",4.85
2673,나나,https://movie.naver.com/movie/bi/mi/basic.nhn?code=35876,https://ssl.pstatic.net/imgmovie/mdi/mit110/0358/35876_P01_153300.jpg,1926,['장 르누아르'],"['카트린 에슬링', '쟝 안젤로']",0.00
2700,와일드,https://movie.naver.com/movie/bi/mi/basic.nhn?code=186232,https://ssl.pstatic.net/imgmovie/mdi/mit110/1862/186232_P01_171410.jpg,2019,['얀 베데이크'],,0.00
2708,라르고 윈치,https://movie.naver.com/movie/bi/mi/basic.nhn?code=69944,https://ssl.pstatic.net/imgmovie/mdi/mit110/0699/69944_P00_124043.jpg,2008,['제롬 살레'],"['토머 시슬리', '크리스틴 스콧 토마스']",5.87
2724,더 퀸,https://movie.naver.com/movie/bi/mi/basic.nhn?code=118653,https://ssl.pstatic.net/imgmovie/mdi/mit110/1186/118653_P02_142347.jpg,2013,['마누엘 아브라모비치'],,0.00
2753,룸,https://movie.naver.com/movie/bi/mi/basic.nhn?code=208754,https://ssl.pstatic.net/imgmovie/mdi/mit110/2087/208754_P01_161535.jpg,2021,['카테리나 흐로니코바'],,0.00
2768,정사,https://movie.naver.com/movie/bi/mi/basic.nhn?code=190404,https://ssl.pstatic.net/imgmovie/mdi/mit110/1904/190404_P01_135245.jpg,2019,['코지마 유키오'],,0.00
2801,카운트다운,https://movie.naver.com/movie/bi/mi/basic.nhn?code=190377,https://ssl.pstatic.net/imgmovie/mdi/mit110/1903/190377_P05_161403.jpg,2019,['저스틴 덱'],"['엘리자베스 라일', '피터 파시넬리', '탈리타 베이트먼', '조던 캘러웨이']",6.77
2805,더 클럽,https://movie.naver.com/movie/bi/mi/basic.nhn?code=135701,https://ssl.pstatic.net/imgmovie/mdi/mit110/1357/135701_P03_161532.jpg,2015,['파블로 라라인'],"['안토니아 제거스', '알프레도 카스트로', '알레한드로 고익', '로베르토 파리아스']",7.00
2814,내 남자 친구는 왕자님,https://movie.naver.com/movie/bi/mi/basic.nhn?code=38472,https://ssl.pstatic.net/imgmovie/mdi/mit110/0384/C8472-00.jpg,2004,['마샤 쿨리지'],"['줄리아 스타일스', '루크 메이블리']",7.46
2815,집결호,https://movie.naver.com/movie/bi/mi/basic.nhn?code=63918,https://ssl.pstatic.net/imgmovie/mdi/mit110/0639/63918_P28_104416.jpg,2007,['펑 샤오강'],['장한위'],6.94
2822,청원,https://movie.naver.com/movie/bi/mi/basic.nhn?code=80774,https://ssl.pstatic.net/imgmovie/mdi/mit110/0807/80774_P22_165512.jpg,2010,['산제이 릴라 반살리'],"['리틱 로샨', '아이쉬와라 라이']",8.87
2862,동키호테,https://movie.naver.com/movie/bi/mi/basic.nhn?code=48689,https://ssl.pstatic.net/imgmovie/mdi/mit110/0486/48689_P35_142435.jpg,2007,['호세 포조'],"['앤드류 부엔푸엔테', '데이빗 페르난데즈', '호세 루이스 길']",5.92
2871,그녀에게,https://movie.naver.com/movie/bi/mi/basic.nhn?code=221742,https://ssl.pstatic.net/imgmovie/mdi/mit110/2217/221742_P01_101926.jpg,2021,['이가온'],,0.00
2895,다크 플레이스,https://movie.naver.com/movie/bi/mi/basic.nhn?code=186116,https://ssl.pstatic.net/imgmovie/mdi/mit110/1861/186116_P01_170322.jpg,2019,"['코디 베드포드', '페룬 본저', '롭 브라슬린', '비욘 스튜어트', '리암 필립스']",,0.00
2899,더 플랫폼,https://movie.naver.com/movie/bi/mi/basic.nhn?code=188790,https://ssl.pstatic.net/imgmovie/mdi/mit110/1887/188790_P12_111150.jpg,2019,['가더 가츠테루-우루샤'],['이반 마사구에'],7.13
2913,별,https://movie.naver.com/movie/bi/mi/basic.nhn?code=164091,https://ssl.pstatic.net/imgmovie/mdi/mit110/1640/164091_P01_165704.jpg,2015,['라티미르 라쿨지크'],,0.00
2926,아메리칸,https://movie.naver.com/movie/bi/mi/basic.nhn?code=144502,https://ssl.pstatic.net/imgmovie/mdi/mit110/1445/144502_P01_143532.jpg,2015,['닉 러브'],"['스티븐 도프', '에디 그리핀']",5.46
2942,스쿠프,https://movie.naver.com/movie/bi/mi/basic.nhn?code=56220,https://ssl.pstatic.net/imgmovie/mdi/mit110/0562/56220_P57_154159.jpg,2006,['우디 앨런'],"['휴 잭맨', '스칼릿 조핸슨', '우디 앨런']",7.10
2954,헤드,https://movie.naver.com/movie/bi/mi/basic.nhn?code=115773,https://ssl.pstatic.net/imgmovie/mdi/mit110/1157/115773_P03_155514.jpg,2013,['나단 실버'],['데오도르 볼로코스'],0.00
3013,킬러들의 도시,https://movie.naver.com/movie/bi/mi/basic.nhn?code=155973,https://ssl.pstatic.net/imgmovie/mdi/mit110/1559/155973_P01_164039.jpg,2016,['안느-소피 레이몬드'],,0.00
3024,더 룸,https://movie.naver.com/movie/bi/mi/basic.nhn?code=183994,https://ssl.pstatic.net/imgmovie/mdi/mit110/1839/183994_P19_111920.jpg,2019,['크리스티안 볼크만'],"['올가 쿠릴렌코', '케빈 얀센스']",7.62
3050,대지진,https://movie.naver.com/movie/bi/mi/basic.nhn?code=14658,https://ssl.pstatic.net/imgmovie/mdi/mit110/0146/A4658-00.jpg,1974,['마크 로브슨'],"['찰톤 헤스톤', '에바 가드너', '조지 케네디', '론 그린', '주느비에브 뷔졸드', '리차드 라운트리']",6.33
3057,밴디다스,https://movie.naver.com/movie/bi/mi/basic.nhn?code=56723,https://ssl.pstatic.net/imgmovie/mdi/mit110/0567/E6723-01.jpg,2006,"['에스펜 잔드베르크', '요아킴 뢰닝']","['페넬로페 크루즈', '셀마 헤이엑']",6.93
3086,블랙 가스펠,https://movie.naver.com/movie/bi/mi/basic.nhn?code=112666,https://ssl.pstatic.net/imgmovie/mdi/mit110/1126/112666_P01_143428.jpg,2013,['히즈엠티 미니스트리'],"['양동근', '정준', '김유미', '헤리티지']",8.49
3088,워,https://movie.naver.com/movie/bi/mi/basic.nhn?code=223894,https://ssl.pstatic.net/imgmovie/mdi/mit110/2238/223894_P01_181309.jpg,2020,['양지민'],,0.00
3096,도쿄타워,https://movie.naver.com/movie/bi/mi/basic.nhn?code=65290,https://ssl.pstatic.net/imgmovie/mdi/mit110/0652/F5290-01.jpg,2007,"['마츠오카 조지', '니시타니 히로시']","['오다기리 죠', '키키 키린']",8.65
3142,비밀,https://movie.naver.com/movie/bi/mi/basic.nhn?code=196352,https://ssl.pstatic.net/imgmovie/mdi/mit110/1963/196352_P01_102124.jpg,2020,['아사기리 조'],,0.00
3168,더 킥,https://movie.naver.com/movie/bi/mi/basic.nhn?code=77753,https://ssl.pstatic.net/imgmovie/mdi/mit110/0777/77753_P17_112305.jpg,2011,['프라차야 핀카엡'],"['조재현', '예지원', '나태주', '태미', '지자 야닌', '이관훈', '페치타이 웡캄라오']",6.96
3173,우리들,https://movie.naver.com/movie/bi/mi/basic.nhn?code=204675,https://ssl.pstatic.net/imgmovie/mdi/mit110/2046/204675_P01_161155.jpg,2020,['정지승'],,0.00
3174,와일드,https://movie.naver.com/movie/bi/mi/basic.nhn?code=186232,https://ssl.pstatic.net/imgmovie/mdi/mit110/1862/186232_P01_171410.jpg,2019,['얀 베데이크'],,0.00
3264,아일라,https://movie.naver.com/movie/bi/mi/basic.nhn?code=169240,https://ssl.pstatic.net/imgmovie/mdi/mit110/1692/169240_P15_113521.jpg,2017,['잔 울카이'],"['김설', '이스마일 하지오글루']",9.52
3287,아네트,https://movie.naver.com/movie/bi/mi/basic.nhn?code=206657,https://ssl.pstatic.net/imgmovie/mdi/mit110/2066/206657_P15_174851.jpg,2021,['레오 카락스'],"['아담 드라이버', '마리옹 꼬띠아르']",7.25
3290,크립,https://movie.naver.com/movie/bi/mi/basic.nhn?code=41838,https://ssl.pstatic.net/imgmovie/mdi/mit110/0418/D1838-00.jpg,2004,['크리스토퍼 스미스'],"['프란카 포텐테', '바스 블랙우드', '켄 캠벨', '제레미 셰필드', '폴 라트레이', '켈리 스콧', '숀 해리스']",4.23
3310,도쿄!,https://movie.naver.com/movie/bi/mi/basic.nhn?code=129881,https://ssl.pstatic.net/imgmovie/mdi/mit110/1298/129881_P05_140753.jpg,2014,['스테판 리베르스키'],"['폴린 에티엔', '이노우에 타이치']",1.00
3316,레이디버그,https://movie.naver.com/movie/bi/mi/basic.nhn?code=157564,https://ssl.pstatic.net/imgmovie/mdi/mit110/1575/157564_P23_154449.jpg,2016,['토마스 아스트뤽'],"['여민정', '남도형', '홍시호']",5.98
3318,레플리카,https://movie.naver.com/movie/bi/mi/basic.nhn?code=142138,https://ssl.pstatic.net/imgmovie/mdi/mit110/1421/142138_P00_170200.jpg,2014,['뤽 왈포스'],"['캐롤 브라나', '제롬 로바트', '에벨레 브로차드']",0.00
3331,모탈 컴뱃,https://movie.naver.com/movie/bi/mi/basic.nhn?code=17708,https://ssl.pstatic.net/imgmovie/mdi/mit110/0177/17708_P34_231851.jpg,1995,['폴 앤더슨'],"['크리스토퍼 램버트', '위룡']",6.92
3350,스위밍 풀,https://movie.naver.com/movie/bi/mi/basic.nhn?code=93476,https://ssl.pstatic.net/imgmovie/mdi/mit110/0934/93476_P01_121717.jpg,2011,['푸앙소이 악선사왕'],,0.00
3355,그레이브 인카운터,https://movie.naver.com/movie/bi/mi/basic.nhn?code=112673,https://ssl.pstatic.net/imgmovie/mdi/mit110/1126/112673_P01_162359.jpg,2011,['제임스 퍼킨스'],"['살 렌디노', '알렉스 브레머']",6.00
3375,정글번치: 너구리 해적단과 보물지도,https://movie.naver.com/movie/bi/mi/basic.nhn?code=138210,https://ssl.pstatic.net/imgmovie/mdi/mit110/1382/138210_P04_113455.jpg,2014,['에즈라 와이즈'],,7.15
3388,아이,https://movie.naver.com/movie/bi/mi/basic.nhn?code=219121,https://ssl.pstatic.net/imgmovie/mdi/mit110/2191/219121_P01_143139.jpg,2022,['파질라 아미리'],,0.00
3436,비투스,https://movie.naver.com/movie/bi/mi/basic.nhn?code=62390,https://ssl.pstatic.net/imgmovie/mdi/mit110/0623/F2390-00.jpg,2006,['프레디 M. 무러'],"['브루노 강쯔', '테오 게오르규']",8.94
3476,아이 엠 러브,https://movie.naver.com/movie/bi/mi/basic.nhn?code=71151,https://ssl.pstatic.net/imgmovie/mdi/mit110/0711/71151_P17_104006.jpg,2009,['루카 구아다니노'],"['틸다 스윈튼', '플라비오 파렌티', '에도아도 가브리엘리니', '알바 로르와처']",7.85
3499,애프터썬,https://movie.naver.com/movie/bi/mi/basic.nhn?code=218372,https://ssl.pstatic.net/imgmovie/mdi/mit110/2183/218372_P13_115545.jpg,2022,['샬롯 웰스'],"['폴 메스칼', '프랭키 코리오']",8.45
3503,태양 아래,https://movie.naver.com/movie/bi/mi/basic.nhn?code=146488,https://ssl.pstatic.net/imgmovie/mdi/mit110/1464/146488_P35_135554.jpg,2015,['비탈리 만스키'],,8.92
3504,I AM,https://movie.naver.com/movie/bi/mi/basic.nhn?code=183470,,2019,['나오키 이토'],,0.00
3518,대결,https://movie.naver.com/movie/bi/mi/basic.nhn?code=205675,https://ssl.pstatic.net/imgmovie/mdi/mit110/2056/205675_P02_152803.jpg,2020,['크리스티앙 카밀로 토레스 홀긴'],,0.00
3522,팔로우,https://movie.naver.com/movie/bi/mi/basic.nhn?code=182113,,2018,['사이먼 플랙'],,0.00
3556,사랑 후에 남겨진 것들,https://movie.naver.com/movie/bi/mi/basic.nhn?code=50785,https://ssl.pstatic.net/imgmovie/mdi/mit110/0507/E0785-00.jpg,2008,['도리스 되리'],"['엘마 베퍼', '한넬로르 엘스너', '이리즈키 아야', '맥시밀리언 브럭크너', '나디아 울']",8.90
3570,스노우타임,https://movie.naver.com/movie/bi/mi/basic.nhn?code=146198,https://ssl.pstatic.net/imgmovie/mdi/mit110/1461/146198_P11_102102.jpg,2015,['장-프랑소아 풀리오'],"['이지현', '김경희', '김연우', '최정현', '이현']",7.69
3583,전차남,https://movie.naver.com/movie/bi/mi/basic.nhn?code=42506,https://ssl.pstatic.net/imgmovie/mdi/mit110/0425/D2506-00.jpg,2005,['무라카미 쇼스케'],"['야마다 타카유키', '나카타니 미키']",7.81
3592,그레이 맨,https://movie.naver.com/movie/bi/mi/basic.nhn?code=216495,https://ssl.pstatic.net/imgmovie/mdi/mit110/2164/216495_P10_111154.jpg,2022,"['앤서니 루소', '조 루소']","['라이언 고슬링', '크리스 에반스', '아나 데 아르마스', '레게장 페이지']",8.39
3607,벨과 세바스찬,https://movie.naver.com/movie/bi/mi/basic.nhn?code=117888,https://ssl.pstatic.net/imgmovie/mdi/mit110/1178/117888_P08_095853.jpg,2013,['니콜라스 배니어'],"['펠릭스 보쉬', '체키 카료', '디미트리 스토로지', '마고 샤텔리에', '우벵 깐셀러', '안드레 피치만', '메디 엘 글라위']",8.64
3617,꼬마잠수함 올리,https://movie.naver.com/movie/bi/mi/basic.nhn?code=125774,https://ssl.pstatic.net/imgmovie/mdi/mit110/1257/125774_P00_174407.jpg,2013,['헤 질리'],,7.27
3623,그집,https://movie.naver.com/movie/bi/mi/basic.nhn?code=193837,https://ssl.pstatic.net/imgmovie/mdi/mit110/1938/193837_P11_101655.jpg,2020,['알베르트 핀토'],"['베고냐 바르가스', '이반 마르코스', '베아 세구라', '세르지오 카스텔라노스', '호세 루이스 데 마다리아가', '이반 레네도']",4.74
3637,시간,https://movie.naver.com/movie/bi/mi/basic.nhn?code=181323,https://ssl.pstatic.net/imgmovie/mdi/mit110/1813/181323_P01_160314.png,2018,['송원재'],,0.00
3675,어떤 만남,https://movie.naver.com/movie/bi/mi/basic.nhn?code=206464,https://ssl.pstatic.net/imgmovie/mdi/mit110/2064/206464_P01_144054.png,2019,['이반 로웬버그'],,0.00
3679,지니어스,https://movie.naver.com/movie/bi/mi/basic.nhn?code=114247,https://ssl.pstatic.net/imgmovie/mdi/mit110/1142/114247_P15_100348.jpg,2016,['마이클 그랜디지'],"['콜린 퍼스', '주드 로']",8.22
3684,아이스 로드,https://movie.naver.com/movie/bi/mi/basic.nhn?code=205966,https://ssl.pstatic.net/imgmovie/mdi/mit110/2059/205966_P18_172331.jpg,2021,['조나단 헨슬레이'],"['리암 니슨', '로렌스 피시번']",7.34
3690,콜드 워,https://movie.naver.com/movie/bi/mi/basic.nhn?code=174832,https://ssl.pstatic.net/imgmovie/mdi/mit110/1748/174832_P10_160113.jpg,2018,['파벨 포리코브스키'],"['요안나 쿨릭', '토마즈 코트']",8.26
3718,바다 탐험대 옥토넛 : 육지수호 대작전,https://movie.naver.com/movie/bi/mi/basic.nhn?code=209648,https://ssl.pstatic.net/imgmovie/mdi/mit110/2096/209648_P01_174100.jpg,2021,"['패트리스 베루베', '프랭크 로코']","['하성용', '정재헌', '엄상현', '윤승희', '김율', '유동균', '김정은', '한경화', '박성영']",6.49
3741,힛쳐,https://movie.naver.com/movie/bi/mi/basic.nhn?code=64991,https://ssl.pstatic.net/imgmovie/mdi/mit110/0649/F4991-00.jpg,2007,['데이브 마이어스'],['숀 빈'],4.46
3743,정글북 2,https://movie.naver.com/movie/bi/mi/basic.nhn?code=36681,https://ssl.pstatic.net/imgmovie/mdi/mit110/0366/C6681-00.jpg,2003,['스티브 트렌버스'],,7.50
3746,돌핀보이,https://movie.naver.com/movie/bi/mi/basic.nhn?code=224830,https://ssl.pstatic.net/imgmovie/mdi/mit110/2248/224830_P12_153435.jpg,2022,"['모하매드 카이란디시', '안드레이 고글레프']",['박시윤'],4.68
3776,사이에서,https://movie.naver.com/movie/bi/mi/basic.nhn?code=164489,https://ssl.pstatic.net/imgmovie/mdi/mit110/1644/164489_P01_174856.jpg,2017,['슬로니 소우'],,0.00
3777,환상의 그대,https://movie.naver.com/movie/bi/mi/basic.nhn?code=74622,https://ssl.pstatic.net/imgmovie/mdi/mit110/0746/74622_P19_100713.jpg,2010,['우디 앨런'],"['나오미 왓츠', '안소니 홉킨스', '안토니오 반데라스', '조슈 브롤린']",7.60
3795,스파이크,https://movie.naver.com/movie/bi/mi/basic.nhn?code=112983,https://ssl.pstatic.net/imgmovie/mdi/mit110/1129/112983_P09_164936.jpg,2012,"['데이빗 알루', '에릭 토스티']",,8.22
3800,더 데이,https://movie.naver.com/movie/bi/mi/basic.nhn?code=204985,https://ssl.pstatic.net/imgmovie/mdi/mit110/2049/204985_P01_163552.jpg,2021,['나무라 신'],,0.00
3818,체르노빌 1986,https://movie.naver.com/movie/bi/mi/basic.nhn?code=204782,https://ssl.pstatic.net/imgmovie/mdi/mit110/2047/204782_P11_162656.jpg,2021,['다닐라 코즐로브스키'],"['다닐라 코즐로브스키', '오크사나 아킨쉬나', '필리프 아브데예프', '니콜라이 코작']",7.77
3823,얼굴없는 보스,https://movie.naver.com/movie/bi/mi/basic.nhn?code=167422,https://ssl.pstatic.net/imgmovie/mdi/mit110/1674/167422_P04_105118.jpg,2019,['송창용'],"['천정명', '진이한', '이하율', '곽희성', '이시아', '김도훈', '이지훈']",3.23
3847,개들의 전쟁,https://movie.naver.com/movie/bi/mi/basic.nhn?code=156124,https://ssl.pstatic.net/imgmovie/mdi/mit110/1561/156124_P01_181801.jpg,2017,"['다비데 바레티', '로렌조 콘테']","['클라우디오 산타마리아', '에르네스토 마히스']",0.00
3865,이브닝,https://movie.naver.com/movie/bi/mi/basic.nhn?code=65102,https://ssl.pstatic.net/imgmovie/mdi/mit110/0651/65102_P01_104203.jpg,2007,['라조스 콜타이'],"['클레어 데인즈', '토니 콜렛', '바네사 레드그레이브', '패트릭 윌슨']",6.66
3877,윌리,https://movie.naver.com/movie/bi/mi/basic.nhn?code=179719,https://ssl.pstatic.net/imgmovie/mdi/mit110/1797/179719_P00_150058.jpg,2018,"['유스리 압드 하림', '칼 멘데즈']","['허성재', '조연우', '방지원', '송영인', '신정훈', '박상우']",7.42
3880,히어로,https://movie.naver.com/movie/bi/mi/basic.nhn?code=194521,https://ssl.pstatic.net/imgmovie/mdi/mit110/1945/194521_P01_161517.jpg,2019,['양엄지'],,0.00
3930,무문관,https://movie.naver.com/movie/bi/mi/basic.nhn?code=173459,https://ssl.pstatic.net/imgmovie/mdi/mit110/1734/173459_P02_110338.jpg,2018,['박대원'],,8.30
3934,아마조니아,https://movie.naver.com/movie/bi/mi/basic.nhn?code=113145,https://ssl.pstatic.net/imgmovie/mdi/mit110/1131/113145_P11_135454.jpg,2013,['티에리 라고베르트'],,8.37
3936,이브 생 로랑,https://movie.naver.com/movie/bi/mi/basic.nhn?code=119457,https://ssl.pstatic.net/imgmovie/mdi/mit110/1194/119457_P12_114557.jpg,2014,['자릴 라스페르'],"['피에르 니네이', '샬롯 르 본', '기욤 갈리엔', '니콜라이 킨스키']",7.39
3943,휘트니,https://movie.naver.com/movie/bi/mi/basic.nhn?code=174659,https://ssl.pstatic.net/imgmovie/mdi/mit110/1746/174659_P05_141333.jpg,2018,['캐빈 맥도널드'],['<b>휘트니</b> 휴스턴'],9.00
3971,프란츠,https://movie.naver.com/movie/bi/mi/basic.nhn?code=149012,https://ssl.pstatic.net/imgmovie/mdi/mit110/1490/149012_P13_112931.jpg,2016,['프랑소와 오종'],"['피에르 니네이', '폴라 비어']",8.59
3976,팬데믹,https://movie.naver.com/movie/bi/mi/basic.nhn?code=194766,https://ssl.pstatic.net/imgmovie/mdi/mit110/1947/194766_P09_103320.jpg,2020,['타카시 도셔'],"['프리다 핀토', '레슬리 오덤 주니어']",3.53
3977,브로큰 플라워,https://movie.naver.com/movie/bi/mi/basic.nhn?code=40913,https://ssl.pstatic.net/imgmovie/mdi/mit110/0409/D0913-00.jpg,2005,['짐 자무쉬'],['빌 머레이'],7.81
4014,라이프,https://movie.naver.com/movie/bi/mi/basic.nhn?code=226764,https://ssl.pstatic.net/imgmovie/mdi/mit110/2267/226764_P01_164255.jpg,2023,"['핀 빈터', '크리스티나 레빈 빈터']",,0.00
4045,블라인드,https://movie.naver.com/movie/bi/mi/basic.nhn?code=221290,https://ssl.pstatic.net/imgmovie/mdi/mit110/2212/221290_P01_114532.jpg,2022,['김원진'],,0.00
4047,소녀,https://movie.naver.com/movie/bi/mi/basic.nhn?code=224198,https://ssl.pstatic.net/imgmovie/mdi/mit110/2241/224198_P01_113111.jpg,2022,['이기홍'],,0.00
4053,상실의 시대,https://movie.naver.com/movie/bi/mi/basic.nhn?code=75559,https://ssl.pstatic.net/imgmovie/mdi/mit110/0755/75559_P28_141915.jpg,2010,['트란 안 훙'],"['마츠야마 켄이치', '키쿠치 린코', '미즈하라 키코']",4.96
4067,숏버스,https://movie.naver.com/movie/bi/mi/basic.nhn?code=60779,https://ssl.pstatic.net/imgmovie/mdi/mit110/0607/F0779-00.jpg,2006,['존 카메론 미첼'],"['숙인 리', '폴 도슨', '린지 비미시', 'PJ 드보이', '요론다 로스']",7.34
4080,연애,https://movie.naver.com/movie/bi/mi/basic.nhn?code=151965,https://ssl.pstatic.net/imgmovie/mdi/mit110/1519/151965_P01_112241.jpg,2015,['김석영'],,7.40
4098,레인,https://movie.naver.com/movie/bi/mi/basic.nhn?code=220893,,2021,['유키 한'],,0.00
4107,하늘과 바다,https://movie.naver.com/movie/bi/mi/basic.nhn?code=52240,https://ssl.pstatic.net/imgmovie/mdi/mit110/0522/52240_P10_202918.jpg,2009,['봉수'],"['장나라', '현쥬니', '유아인']",6.66
4115,오즈의 마법사 2,https://movie.naver.com/movie/bi/mi/basic.nhn?code=46466,https://ssl.pstatic.net/imgmovie/mdi/mit110/0464/D6466-01.jpg,1974,['할 서더랜드'],"['밀튼 버얼', '허쉘 버나디', '폴 포드', '마가렛 해밀턴', '잭 E. 레너드', '폴 린드', '에델 머먼', '라이자 미넬리', '미키 루니', '리스 스티븐스', '대니 토머스', '멜 블랭크', '댈 맥케넌', '래리 스토치']",8.00
4117,퍼펙트,https://movie.naver.com/movie/bi/mi/basic.nhn?code=168034,https://ssl.pstatic.net/imgmovie/mdi/mit110/1680/168034_P01_113259.jpg,2018,['에디 알카자르'],"['애비 코니쉬', '마틴 센스마이어', '코트니 이튼']",0.00
4129,유랑지구,https://movie.naver.com/movie/bi/mi/basic.nhn?code=181104,https://ssl.pstatic.net/imgmovie/mdi/mit110/1811/181104_P18_101445.jpg,2019,['곽범'],"['굴초소', '조금맥', '오경']",5.72
4131,룩 앳 미,https://movie.naver.com/movie/bi/mi/basic.nhn?code=38553,https://ssl.pstatic.net/imgmovie/mdi/mit110/0385/C8553-00.jpg,2004,['아네스 자우이'],"['마릴루 베리', '아네스 자우이']",7.45
4140,혼스,https://movie.naver.com/movie/bi/mi/basic.nhn?code=90599,https://ssl.pstatic.net/imgmovie/mdi/mit110/0905/90599_P30_102741.jpg,2014,['알렉산드르 아야'],"['다니엘 래드클리프', '주노 템플']",7.32
4142,인 더 하우스,https://movie.naver.com/movie/bi/mi/basic.nhn?code=92579,https://ssl.pstatic.net/imgmovie/mdi/mit110/0925/92579_P10_161820.jpg,2012,['프랑소와 오종'],"['크리스틴 스콧 토마스', '엠마누엘 자이그너', '파브리스 루치니', '어니스트 움하우어']",8.36
4196,리버틴,https://movie.naver.com/movie/bi/mi/basic.nhn?code=55217,https://ssl.pstatic.net/imgmovie/mdi/mit110/0552/E5217-00.jpg,2004,['로렌스 던모어'],"['조니 뎁', '사만다 모튼']",7.99
4200,롤라,https://movie.naver.com/movie/bi/mi/basic.nhn?code=219192,https://ssl.pstatic.net/imgmovie/mdi/mit110/2191/219192_P01_201254.jpg,2022,['앤드류 레그'],,0.00
4221,링스,https://movie.naver.com/movie/bi/mi/basic.nhn?code=210455,https://ssl.pstatic.net/imgmovie/mdi/mit110/2104/210455_P01_103003.jpg,2021,['줄리엔 헨리'],,0.00
4224,파티마의 기적,https://movie.naver.com/movie/bi/mi/basic.nhn?code=30360,,1952,['존 브람'],"['길버트 롤랜드', '안젤라 클락']",5.50
4228,카운터페이터,https://movie.naver.com/movie/bi/mi/basic.nhn?code=65925,https://ssl.pstatic.net/imgmovie/mdi/mit110/0659/F5925-00.jpg,2007,['슈테판 루조비츠키'],['카알 마르코빅스'],8.16
4265,이다,https://movie.naver.com/movie/bi/mi/basic.nhn?code=37312,https://ssl.pstatic.net/imgmovie/mdi/mit110/0373/C7312-01.jpg,2002,['한스 파비안 불렌베버'],"['율리 상엔베르', '스테판 파겔스 아네르센']",9.50
4279,배드 지니어스,https://movie.naver.com/movie/bi/mi/basic.nhn?code=163386,https://ssl.pstatic.net/imgmovie/mdi/mit110/1633/163386_P27_102626.jpg,2017,['나타우트 폰피리야'],"['에이샤 호수완', '티라돈 수파펀핀요', '추티몬 추엥차로엔수키잉', '차논 산티네톤쿨']",8.60
4315,프렌드 존,https://movie.naver.com/movie/bi/mi/basic.nhn?code=187548,https://ssl.pstatic.net/imgmovie/mdi/mit110/1875/187548_P16_110928.jpg,2019,['차야놉 분프라콥 '],"['핌차녹 류위셋파이분', '나팟 시앙솜분', '제이슨 영']",8.25
4335,데드폴,https://movie.naver.com/movie/bi/mi/basic.nhn?code=45153,,1968,['브라이언 포브스'],"['마이클 케인', '블라덱 쉐이벌']",0.00
4336,비거 스플래쉬,https://movie.naver.com/movie/bi/mi/basic.nhn?code=129045,https://ssl.pstatic.net/imgmovie/mdi/mit110/1290/129045_P20_111950.jpg,2015,['루카 구아다니노'],"['랄프 파인즈', '다코타 존슨', '마티아스 쇼에나에츠', '틸다 스윈튼']",7.21
4341,콜로설,https://movie.naver.com/movie/bi/mi/basic.nhn?code=143499,https://ssl.pstatic.net/imgmovie/mdi/mit110/1434/143499_P20_100945.jpg,2016,['나초 비가론도'],"['앤 해서웨이', '제이슨 서디키스']",5.02
4366,더 문,https://movie.naver.com/movie/bi/mi/basic.nhn?code=221749,,2021,['김용화'],"['설경구', '도경수']",0.00
4375,라스트 홈,https://movie.naver.com/movie/bi/mi/basic.nhn?code=118309,https://ssl.pstatic.net/imgmovie/mdi/mit110/1183/118309_P04_100208.jpg,2014,['라민 바라니'],"['앤드류 가필드', '마이클 섀넌', '로라 던']",8.13
4411,헤이츠,https://movie.naver.com/movie/bi/mi/basic.nhn?code=78958,https://ssl.pstatic.net/imgmovie/mdi/mit110/0789/78958_P22_162619.jpg,2012,['마크 톤더레이'],"['엘리자베스 슈', '맥스 티에리옷', '제니퍼 로렌스']",6.62
4412,웨이 다운,https://movie.naver.com/movie/bi/mi/basic.nhn?code=202361,https://ssl.pstatic.net/imgmovie/mdi/mit110/2023/202361_P15_171529.jpg,2020,['자움 발라구에로'],"['프레디 하이모어', '리암 커닝햄', '샘 라일리', '아스트리드 베흐제 프리스베', '팜케 얀센']",7.65
4425,클라라,https://movie.naver.com/movie/bi/mi/basic.nhn?code=179111,https://ssl.pstatic.net/imgmovie/mdi/mit110/1791/179111_P01_160011.jpg,2018,['아카시 셔먼'],"['패트릭 J. 아담스', '트로이안 벨리사리오']",7.50
4426,헤어드레서,https://movie.naver.com/movie/bi/mi/basic.nhn?code=17210,https://ssl.pstatic.net/imgmovie/mdi/mit110/0172/A7210-00.jpg,1995,['최진수'],"['안성기', '지수원']",5.52
4432,용서,https://movie.naver.com/movie/bi/mi/basic.nhn?code=79152,https://ssl.pstatic.net/imgmovie/mdi/mit110/0791/79152_P07_105821.jpg,2010,['김종철'],,9.04
4440,다우트,https://movie.naver.com/movie/bi/mi/basic.nhn?code=51689,https://ssl.pstatic.net/imgmovie/mdi/mit110/0516/E1689-00.jpg,2008,['존 패트릭 샌리'],"['메릴 스트립', '필립 세이모어 호프만']",8.59
4454,올 이즈 로스트,https://movie.naver.com/movie/bi/mi/basic.nhn?code=91189,https://ssl.pstatic.net/imgmovie/mdi/mit110/0911/91189_P08_165258.jpg,2013,['J.C. 챈더'],['로버트 레드포드'],8.20
4458,골!,https://movie.naver.com/movie/bi/mi/basic.nhn?code=44020,https://ssl.pstatic.net/imgmovie/mdi/mit110/0440/D4020-01.jpg,2005,['대니 캐논'],"['쿠노 벡커', '스티븐 딜레인', '알렉산드로 니볼라']",8.99
4473,타임 투 리브,https://movie.naver.com/movie/bi/mi/basic.nhn?code=184761,https://ssl.pstatic.net/imgmovie/mdi/mit110/1847/184761_P01_140116.jpg,2018,['오르한 테케오글루'],,0.00
4480,온리 유,https://movie.naver.com/movie/bi/mi/basic.nhn?code=171549,https://ssl.pstatic.net/imgmovie/mdi/mit110/1715/171549_P01_145251.jpg,2018,['해리 우리프'],"['라이아 코스타', '리사 맥그릴리스', '조쉬 오코너']",0.00
4490,원스 어게인,https://movie.naver.com/movie/bi/mi/basic.nhn?code=154466,https://ssl.pstatic.net/imgmovie/mdi/mit110/1544/154466_P01_165303.jpg,2016,['아두르 고팔라크리슈'],"['딜립', '카브야 마드하반']",0.00
4510,서유기 리턴즈,https://movie.naver.com/movie/bi/mi/basic.nhn?code=72301,https://ssl.pstatic.net/imgmovie/mdi/mit110/0723/72301_P23_121128.jpg,2010,['신재호'],"['김병만', '류담', '한민관', '민아령']",5.84
4515,티탄,https://movie.naver.com/movie/bi/mi/basic.nhn?code=206641,https://ssl.pstatic.net/imgmovie/mdi/mit110/2066/206641_P03_161228.jpg,2021,['쥘리아 뒤쿠르노'],"['아가트 루셀', '뱅상 랭동', '가렌스 마릴러']",6.85
4516,베르테르,https://movie.naver.com/movie/bi/mi/basic.nhn?code=201852,,2020,['조광화'],,0.00
4528,플레이,https://movie.naver.com/movie/bi/mi/basic.nhn?code=222320,https://ssl.pstatic.net/imgmovie/mdi/mit110/2223/222320_P01_161819.jpg,2021,['고명준'],,0.00
4532,커피와 담배,https://movie.naver.com/movie/bi/mi/basic.nhn?code=38453,https://ssl.pstatic.net/imgmovie/mdi/mit110/0384/38453_P18_100835.jpg,2003,['짐 자무쉬'],"['로베르토 베니니', '케이트 블란쳇', '빌 머레이', '스티븐 라이트']",8.12
4534,코파카바나,https://movie.naver.com/movie/bi/mi/basic.nhn?code=12845,https://ssl.pstatic.net/imgmovie/mdi/mit110/0128/A2845-01.jpg,1947,['알프레드 E. 그린'],"['그루초 막스', '카르멘 미란다']",9.00
4560,로큰롤 인생,https://movie.naver.com/movie/bi/mi/basic.nhn?code=51347,https://ssl.pstatic.net/imgmovie/mdi/mit110/0513/E1347-00.jpg,2007,['스티븐 월커'],"['밥 실먼', '에일린 홀', '밥 샐비니', '프레드 니들', '스탠 골드먼', '도라 B. 모로우', '조 비노잇', '스티브 마틴']",9.28
4561,벨라,https://movie.naver.com/movie/bi/mi/basic.nhn?code=225346,https://ssl.pstatic.net/imgmovie/mdi/mit110/2253/225346_P01_170934.jpg,2022,['브리짓 무른네'],,0.00
4569,더 레이서,https://movie.naver.com/movie/bi/mi/basic.nhn?code=197450,https://ssl.pstatic.net/imgmovie/mdi/mit110/1974/197450_P21_154456.jpg,2020,['키에론 J. 월쉬'],"['이아인 글렌', '루이스 탈페', '마테오 시모니', '타라 리']",7.57
4573,인터스테이트,https://movie.naver.com/movie/bi/mi/basic.nhn?code=107244,https://ssl.pstatic.net/imgmovie/mdi/mit110/1072/107244_P01_113906.jpg,2007,['마크-앤드리 샘슨'],"['실로 페르난데즈', '레기 바니스터']",0.00
4590,래빗 홀,https://movie.naver.com/movie/bi/mi/basic.nhn?code=66366,https://ssl.pstatic.net/imgmovie/mdi/mit110/0663/66366_P22_115446.jpg,2010,['존 카메론 미첼'],"['니콜 키드먼', '아론 에크하트']",8.07
4600,나이트 헌터,https://movie.naver.com/movie/bi/mi/basic.nhn?code=162266,https://ssl.pstatic.net/imgmovie/mdi/mit110/1622/162266_P15_171045.jpg,2018,['데이비드 레이몬드'],"['헨리 카빌', '알렉산드라 다드다리오']",5.38
4604,시스터,https://movie.naver.com/movie/bi/mi/basic.nhn?code=205386,https://ssl.pstatic.net/imgmovie/mdi/mit110/2053/205386_P00_141335.jpg,2021,['안드레아 셀레소바'],,0.00
4622,퍼니셔,https://movie.naver.com/movie/bi/mi/basic.nhn?code=38357,https://ssl.pstatic.net/imgmovie/mdi/mit110/0383/38357_P00_134510.jpg,2004,['조나단 헨슬레이'],"['토마스 제인', '존 트라볼타']",6.87
4625,피그,https://movie.naver.com/movie/bi/mi/basic.nhn?code=221837,https://ssl.pstatic.net/imgmovie/mdi/mit110/2218/221837_P01_134627.jpg,2022,['요른 리우웨린크'],,0.00
4640,슈퍼히어로,https://movie.naver.com/movie/bi/mi/basic.nhn?code=111004,https://ssl.pstatic.net/imgmovie/mdi/mit110/1110/111004_P12_170555.jpg,2012,['에두와르도 슐츠'],,7.10
4641,실종,https://movie.naver.com/movie/bi/mi/basic.nhn?code=210031,https://ssl.pstatic.net/imgmovie/mdi/mit110/2100/210031_P13_121145.jpg,2021,['가타야마 신조'],"['사토 지로', '이토 아오이', '시미즈 히로야']",7.79
4662,카이트,https://movie.naver.com/movie/bi/mi/basic.nhn?code=33038,https://ssl.pstatic.net/imgmovie/mdi/mit110/0330/C3038-01.jpg,1998,['우메츠 야스오미'],"['나루세 코토미', '시부사와 고로', '오야마다 링고', '마토바 타츠오', '야마구치 미치코']",8.62
4664,스피릿,https://movie.naver.com/movie/bi/mi/basic.nhn?code=201798,https://ssl.pstatic.net/imgmovie/mdi/mit110/2017/201798_P00_150247.jpg,2021,['일레인 보겐'],"['줄리안 무어', '제이크 질렌할', '마르사이 마틴', '맥케나 그레이스', '이사벨라 모너']",7.71
4676,와즈다,https://movie.naver.com/movie/bi/mi/basic.nhn?code=97721,https://ssl.pstatic.net/imgmovie/mdi/mit110/0977/97721_P19_153413.jpg,2012,['하이파 알 만수르'],"['와드 모하메드', '림 압둘라']",8.65
4687,스틸라이프,https://movie.naver.com/movie/bi/mi/basic.nhn?code=215091,https://ssl.pstatic.net/imgmovie/mdi/mit110/2150/215091_P01_100225.jpg,2022,['마누엘 바우어'],,0.00
4693,두 개의 사랑,https://movie.naver.com/movie/bi/mi/basic.nhn?code=162869,https://ssl.pstatic.net/imgmovie/mdi/mit110/1628/162869_P10_105850.jpg,2017,['프랑소와 오종'],"['마린 백트', '제레미 레니에']",6.92
4702,디어 마이 프렌드,https://movie.naver.com/movie/bi/mi/basic.nhn?code=172054,https://ssl.pstatic.net/imgmovie/mdi/mit110/1720/172054_P13_114159.jpg,2018,['피터 허칭즈'],"['에이사 버터필드', '메이지 윌리암스', '니나 도브레브']",8.24
4714,녹턴,https://movie.naver.com/movie/bi/mi/basic.nhn?code=188831,https://ssl.pstatic.net/imgmovie/mdi/mit110/1888/188831_P17_141413.jpg,2019,['정관조'],,9.29
4718,더 컨덕터,https://movie.naver.com/movie/bi/mi/basic.nhn?code=186642,https://ssl.pstatic.net/imgmovie/mdi/mit110/1866/186642_P13_101918.jpg,2018,['마리아 피터스'],"['크리스탄 드 브루인', '벤자민 웨인라이트']",9.10
4720,라이크 크레이지,https://movie.naver.com/movie/bi/mi/basic.nhn?code=149100,https://ssl.pstatic.net/imgmovie/mdi/mit110/1491/149100_P01_103945.jpg,2016,['파올로 비르지'],"['발레리아 브루니 테데스키', '미카엘라 라마조티']",0.00
4723,말리,https://movie.naver.com/movie/bi/mi/basic.nhn?code=91252,https://ssl.pstatic.net/imgmovie/mdi/mit110/0912/91252_P12_153617.jpg,2012,['캐빈 맥도널드'],"['밥 <b>말리</b>', '지기 <b>말리</b>', '지미 클리프']",8.85
4785,레 미제라블,https://movie.naver.com/movie/bi/mi/basic.nhn?code=171783,,1925,['앙리 페스쿠르'],"['가브리엘 가브리오', '폴 조르주', '산드라 밀라바노프']",0.00
4823,안티고네,https://movie.naver.com/movie/bi/mi/basic.nhn?code=188431,https://ssl.pstatic.net/imgmovie/mdi/mit110/1884/188431_P09_103137.jpg,2019,['소피 데라스페'],"['나에마 리치', '라와드 엘-제인', '앙투안느 데로쉬에']",8.05
