movie,sentence,score
웅남이,혹시나 했는데 진짜 보길 잘했다.ㅎㅎ완전 웃김,10
샤잠! 신들의 분노,신들의 분노가 아닌 관람객의 분노가 맞을듯...DC 리부트에서 살아남기 힘들듯...,3
웅남이,배우들 모두 수고하셨습니다!,10
세자매,난 이 영화를 보고 장윤주가 이렇게 연기를 잘하는줄 이 영화 보고 알았다!,10
이니셰린의 밴시,떠나려는 널 붙잡으면서도 네가 없는 내 걱정부터 했었어. 그곳도 여기랑 비슷한거 같은데 넌 거기가 좋아? 모르겠고 난 여기 있을래. 잔해와 무덤과 함께,8
웅남이,멧돼지 귀여웠던 사람손??,10
웅남이,박성광 개콘때 팬임 근데 영화보다 나갔음 왠만하면 참으려했지만..,1
스즈메의 문단속,얼빠 스즈메의 수난기 그 이상도 이하도 아님,4
웅남이,오달수씨를 다시 볼 수 있어서 너무 반가웠어요 ,4
태극기 휘날리며,최고의 영화 대작이기도 하지만 어디 하나 치우치지 않고 리얼리티에 가깝게 만들었다 ,10
웅남이,즐겁게 잘 봤습니다~~,10
소울메이트,진짜 최고!!! 다들 진짜 완벽했다ㅠㅠㅠㅠ ,10
웅남이,요즘 볼거없을때 웅남이가 딱이네요,9
파벨만스,애기들연기할땐재밋어서보다가어른으로변해서연기하는 남은1시간반잣다 지루한거좋아하는사람은볼만함.나처럼 잠이 안오는사람도 한번보면깊게잘수있음.진짜엄청졸림 ,1
웅남이,어이가 없는게 왜 네이버영화 평점을 조작함??? 조작할꺼면 뭐하러 평점 영역을 만들아 놓았음?? 없애지,1
웅남이,기대했던것 보다는 좀 약하다 ,6
웅남이,이런 영화를 돈주고 보다니....ㅋㅋ,4
대외비,재밌게 봤습니다. 배우들의 연기가 좋았어요!,8
웅남이,추천요~,10
성룡의 빅타임,"브래들리와의 액션씬은 충분히 볼만한 가치가 있지만, 뜬금없긴 하다.",6
컨저링 3: 악마가 시켰다,형만한 아우가 없다는 걸 보여주는 듯해요 갈수록 안 무서워요 ㅠ,6
뱅드림! 로젤리아 에피소드Ⅰ: 약속,팬이라면 누구나 좋아할 거에요! 음악도 좋고 역시 극장에서 봐야 하는 이유가 있습니다.,8
스즈메의 문단속,재밌게 잘봤습니다. 마지막엔 정말 감동이였습니다.,10
모나리자와 블러드 문,스토리는 아쉽지만 음악이 좋았습니다.,7
웅남이,너무 웃어서 민망했네요..,10
놉,놉은 UFO가 아니라 유기체였어.... 별내용도 없고 그닥...,7
모나리자와 블러드 문,헐리우드 영화지만 전종서를 위한 영화처럼 전종서의 매력들이 많이 돋보이는 작품.,10
카센타,실제 있었던일.예전 경찰청사람들이란 프로에서도 방송했던 스토리,10
스즈메의 문단속,그냥 그랬어요. 취향 맞는 분들만 보세요.,5
소울메이트,재미있어요,8
똑똑똑,와... 게2 ㅇ ㅐㅂ1 둘에 아이???ㅋㅋㅋ 아이는 무슨죄???ㅋㅋㅋ 진짜 영화 구성부터 노답.. 요새 미국영화 웨케 맛이 간거지??? 한국영화보다 못하냐 어케된게....,4
파벨만스,잔잔한 영화인데도 지루하지 않았어요! 몰입해서 잘 봤습니다.,9
스마트폰을 떨어뜨렸을 뿐인데,왜 평점이 낮지 존잼인데 근데 김희원 연기가 별로ㅜ,10
웅남이,동정표 주지 말아라 성광이형 더 발전하길 바라면,2
웅남이,안타깝다..에휴 걍 접어라 접어,2
웅남이,"평점이 8.26인 사실이 너무나 놀랍다 ㅡㅡ 이런 평점에 속아서 쿠폰 1도 안쓰고 제값주고 티켓 끊고 팝콘까지 세팅해서 봤는데,  80년대 심형래 영화 보는줄...쌍욕 나올뻔 ㅡㅡ 연기자들이 다 메꿔준 영화임!! 박성광 너 감독하지마라~!! 봉준호 박찬욱이 공들여 K-영화 위엄 올려 놓은거 다 깎아먹음, 거기다 미투 논란 연기자까지...가지가지~",2
웅남이,괜찮구만 뭐,10
웅남이,음...,1
치킨래빗: 잃어버린 보물을 찾아서,피그미족 나올 때 제 남편 닮아서 정말 웃기더라구요ㅋㅋㅋ,10
"귀멸의 칼날: 상현집결, 그리고 도공 마을로",도공마을1화까지만 공개에요..ㅜㅜ 그리고 심지어 편집도 안되서 회차분 끝나고 시작할때마다 회차이름소개부터 다 봐야되고 노래도 다 들어야되요 전 노래 좋아해서 괜찮았지만 극장내부는 괜히 갑분싸..,6
웅남이,터져 나오는 웃음에 나도 놀랐네요~~ㅋ 강추요,10
타짜: 원 아이드 잭,불면증 치료에 최고인 영화! 잠이 솔솔 옵니다 ㅋㅋ ,1
웅남이,진짜 너무 재밌습니다 너무 재밌네요,1
웅남이,ㅋㅋ박성웅 .곰연기 킁킁 ..ㅎㅎ 코메디는 코메디로재밌었어요~~^^ 최민수아재 카리스마 어설픈경찰아저씨 푼수이이경ㅋ 웅남이 엄마 연기 넘 잘하심유쾌해~~^^,10
모나리자와 블러드 문,전달하려는 메세지도 없고 영화가 아니라 마치 장편 뮤비 같은 괴상한 작품,2
대학살의 신,뭐가 재밌지?,1
"귀멸의 칼날: 상현집결, 그리고 도공 마을로",편집을 이렇게 성의없이하고 영화관람료를 받아가다니..최악이었음,1
틸,이 답답한 이야기가 현실이라니. 죽어라도 벌받길.,6
스즈메의 문단속,감독이 이젠 너무 날로 먹으려고한다..1시간만에 끝나고 스토리도 뭔지 모르겠고 이 좋은 소재를 가지고 이것밖에 못하나?싶을정도. 여주는 처음부터 끝까지 소타상 소타상 이 ㅈ ㄹ 하는데 누가보면 가족인줄;;,4
더 웨일,영화보다 뛰어난 연기,7
아바타: 물의 길,1편은 나비족이라는 화려한종족 그들의 세계에대한 신선함 그리고 화려한 전투씬 두컷이 찬가받을만했음 그러니 1200만관객가뿐했고.반면 2편은 수중세계에 아름다움 그리고 가족애를보였다지만 러닝타임 3시간 절반이상이 말만많아서 지루했고 1000만관객간건우겨넣은듯 이거도 극장에서 독점했나?그리고 대체 2편에 평점10점뭐냐 생각이란걸하고 영화를봐 알바비를 두둑히받는건가?,3
모나리자와 블러드 문,"전종서가 헐리웃 진출했다고 해서 조연인줄 알았는데 생각보다 비중이 높다. 이 정도면 거의 원탑 주연이라 봐도 될 듯. 스토리가 어렵진 않은데 모나리의 힘이 어디서 온 건지, 왜 갇혀 있었던 건지 등등 밝히지 않은 이야기가 많아서 속편에서 뭔가가 밝혀질거 같다는 생각이 들기도 한다.",8
B컷,"김동완 의리~!!!평소에 좋아라 하는 여배우 둘.전세현, 손지안.근데 손지안만 노출 심하게 나온 이유가 뭘까.출근길 지하철에서 보다가 베드신에 깜놀.",8
미녀 삼총사 3,예전 미녀삼총사 시리즈 생각하면 안됨ㅋ 요원셋이 전투력이 형편없음. 원래 찰리스 앤젤들 세명은 좀 전지전능한 액션요원들인 재미로 보는데 어떻게 이따위 영화가 다있나싶음ㅋ 보는게 시간낭비ㅋ 한심한 쓰레기영화임,1
모나리자와 블러드 문,영화보고 바로 솔로여행 갔습니다,10
화려한 휴가,역사가 반복안되도록...,10
웅남이,개그는 인정  안ㅇ권  그리고 정ㅇ성?,6
헤어질 결심,영화가 끝나고 나서 느껴지는 그 공허함...예전에 봤던 파이란이 생각이 났다 똑같은 중국 여주인공이어서 그런가 똑같이 이어지지 못한 인연이라서 그런가 기계처럼 메마른 나한테도 이런 감정이 있다고 느끼게 해준 영화... ,10
스즈메의 문단속,지진을 소재로 이렇게 감동적이고 신선한 충격을 줄 수 있다니. 당신의 창의력에 박수를!,10
웅남이,덕분에 많이 웃었습니다.,10
스즈메의 문단속,여운이 계속 남는 작품. 소름돋는 연출과 영상미. 최고의작품,10
퍼머넌트 노바라,여자들이 하나같이 남자 없이 못사는 정신병자들 같아서 보다 말았다. ,4
미드소마,예술이라는 명분으로 맘껏 싸질러대는 정신이상병자의 광기.예술과 정신병의 경계선을 햇갈려 자신을 과대평가하는 감독의 자만심. 그것의 역겨운 결과물.,1
웅남이,정우성의 비트.. 그때 당시엔 내가알기론 미국 한국 관계가 가장 좋았을때였다.. 최고의 우방시절?그런 느낌이었다..아무튼 원래는 연기 순서가 비열한 거리&amp;gt; 올드보이 &amp;gt; 박하사탕 &amp;gt; 웅남이 이런식으로 가야하는데 박성웅 배우는 올드보이전에 웅남이를 택했다 한국형 메니지먼트의 진화라고나할까,10
웅남이,진지하게 평점만 믿고 보고 왔는데 잠이랑 싸우고 옴 ㅇㅇ 어디가 재밌는지 1도 이해안되고,1
웅남이,와 이런 영화가 있다니놀랍다,1
웅남이,생각보다 재미있었네여 ㅋㅋ ,10
웅남이,가볍게 시간 보내기 좋네요,8
웅남이,맘껏 웃어봤네요,10
멍뭉이,넘 재밌게 잘봤어요.. 울애기가 떠난지 2달 돼어서 눈물  펑펑 울고 봤네요... 강아지 생명은 넘 짧아요.. 없는 빈자리는 정말 힘들더라구요.이세상 반려견들 안아프고 평생 주인과 함께 행복하길 바랍니다,10
스즈메의 문단속,재난에 대한 공감을 온전히 느낄순 없지만 치유는 누구에게나 필요하니깐,7
앤트맨과 와스프: 퀀텀매니아,와칸다 보단 낫더라,7
어메이징 모리스,볼만했어요,7
멍뭉이,강아지들이 귀여워서 좋아요,10
두다다쿵: 후후섬의 비밀,아이들이 좋아해요,10
모나리자와 블러드 문,사이키델릭. 미친달의 세계에 온 것을 환영한다.,8
스즈메의 문단속,볼만했어요,9
"귀멸의 칼날: 상현집결, 그리고 도공 마을로",프로듀싱 뭣 같이 했네 중간중간 주제가를 계속 쳐 틀어놓네 스태프 제작사 자막도 중간에 계속 띄워서 집중안됨 영화를 무슨 넷플릭스 애니 이어보기처럼 만들어 놨네,1
스즈메의 문단속,"이 시대를 살아가는 문 너머의 소외된 피해자들에 대한 위로와 사랑을 통한 극복, 밝은 미래에 대한 희망.",9
서치 2,긴장감있고 재미있어요,9
웅남이,박성웅 배우님만 보입니다~~!눈물 찔금 흘리고 나왔네요! 늘 응원합니다^^ ,10
웅남이,올 추석에 공중파 tv나 케이블에서 공짜로 봅시다...그 전에 볼 수도 있고...돈 버리며 영화관 가는 사람이 바보...,1
콰이어트 플레이스 2,"1편은 보지 않은 채 보게 됐는데, 긴장감 가득한 전개로 눈을 뗄 수가 없더군요~~ 추천이요!",9
카운트,감동적이에요,9
소울메이트,친구랑 같이 보기 좋아요,10
캐시트럭,"가볍게 팝콘무비 보러 간건데, 눈을 뗄 수 없는 연출 덕분에 상영 내내 몰입할 수 있었어요. 이게 바로 영화죠!",9
메간,너무 재밌다예상가능한 스토리지만중간중간 스킵하며 봐서 그런지예쁘고 매력적인 메간킬링타임용으로 제격이다,10
용서는 없다,그냥 스토리가  정말 어거지임  딸 납치됐는데  경찰관계자가   혼자 일을 더 만들고 다니는게 말이되냐  어휴  ,4
웅남이,ㅋㅋㅋ,10
웅남이,ㅋㅋㅋ,10
크루엘라,"기대하지 않았는데, 너무 재밌는 영화였어요! 돌비로 봤으면 더 최상이었을 것 같아요",9
웅남이,즐거운 관람이였네요 색다른 재미가 있어요,8
베놈 2: 렛 데어 비 카니지,산만한 전개라고 생각되더라구요 캐릭터 소비도 너무 컸던 것 같아요,7
웅남이,누가 미디어 강국이래. 한국영화는 미래가 없다.. ,1
듄,영상미가 끝내주는 영화였어요. 돌비관에서 봤는데 최고였네요!,9
웅남이,눈물 질질 흘리고 간 다 빼먹었습니다.꼭 보고 오세요.,10
스즈메의 문단속,무슨 이딴 영화가 다 있는지 모르겠네요…. 이런걸 개봉시켜주는게….,1
이터널스,"예전의 마블은 어디로 간 걸까요, 아쉬움 가득한 시리즈였어요 ㅠ",7
두다다쿵: 후후섬의 비밀,아이들이랑 같이 보기 좋아요,10
에브리씽 에브리웨어 올 앳 원스+,네이버 평론가들 개봉 초기에는 혹평을 하더만 오스카 타니까 바로 꼬리 내리는 꼬락서니 하고는...ㅋㅋ,5
멍뭉이,아이들이랑 같이 보기 좋은 영화입니다.,10
강릉,배우들의 연기에만 기대기에는 요즘 관객들의 눈높이가 너무 높아졌어요 ㅠ,5
웅남이,ㅎㅎ완전 웃김ㅎㅎ,10
웅남이,오랜만에유쾌한영화봤어요너무재밋게 잘봤습니다웅남이!흥하여라~~,10
크리드 3,재미있게 봤어요,6
장르만 로맨스,코미디인 줄 알고 보면 당황할 수도 있어요! 연기들이 좋아서 잘 봤네요 ^^,8
소울메이트,"공감과 위로가 필요해서 찾은 영화였어요.제 마음이 채워지는 듯한 느낌이었습니다! 좋은 영화, 연출 감사합니다.",10
파벨만스,스필버그 감독쯤 되면 이정도의 평범한 삶이 영화가 되는구나 ,9
"귀멸의 칼날: 상현집결, 그리고 도공 마을로",재미있게 관람했습니다.,10
압꾸정,중식 만든다하고 짬뽕에 탕수육소스 부은느낌 ,2
똑똑똑,킬링타임으로 볼만했어요,5
앤트맨과 와스프: 퀀텀매니아,"앤트맨1,2의 맛이 그립지만 나름 괜찮음..",7
에브리씽 에브리웨어 올 앳 원스+,날 미치게 만드는 영화!  보다미치는줄...,1
스즈메의 문단속,예상보다 좋았습니다 감동적이네요.,10
스즈메의 문단속,신카이마코토 감독님 잘만드시네요,7
플레인,킬링타임으로 볼만했어요,10
대외비,결말이 아쉽지만 배우들 연기가 좋네요,6
웅남이,불면증환자분들~잠자고싶으면 보세요,1
웅남이,재미있어요,10
소울메이트,배우들 연기가 좋네요,8
모나리자와 블러드 문,볼만했어요,5
웅남이,영화제 대상은 싹쓰리! 예상합니다!! 굿굿굿,10
모나리자와 블러드 문,전종서배우의 연기가 인상깊네요,7
소울메이트,그냥 평범 스토리 이입이 잘 안되긴 한다,5
올빼미,230324[8]왕 치고는 너무 간사함. ㅠㅠ,8
소울메이트,재미있게 봤어요,10
틸,눈 돌리거나 피하지 말고 똑바로 보아야 하는 현실,7
웅남이,기대 안 하고 봤는데 즐겁게 봤어요 오랜만에 마음 편히 웃으며 보고왔네여 ㅎㅎ ,10
웅남이,돼지도 너무 귀워웠음ㅋㅋ,10
스파이더맨: 노 웨이 홈,마블팬에게 선물같았던 시리즈였어요! 진짜 너무너무 재밌어서 재개봉 하면 또 보러 갈거에요 ^^,10
소울메이트,수면제영화...제주도 구경은 좋아요,1
벼랑 위의 포뇨,힐링되는 연출. 여러번 봐도 안질려요,10
틸,아직도 차별은 완전히 사라지지 않았지만.. 그래도 조금씩 변하고 있는 거라 믿으며..! 엄마 연기가 너무 감동적이다...,10
킹덤 오브 헤븐,감동적이었어요 최고입니다,10
스즈메의 문단속,걍 감독이 천재같음 개추천,10
더 퍼스트 슬램덩크,"북산에 송태섭이 있다면, 산왕에는 박새로이가 있다",10
영웅,뮤지컬을 영화한거라 들었는데. 새로운시도 치곤 약간 삼천포로 빠지는 극전개도 있지만 잘어울리게 만든거 같아요.,7
웅남이,재밋어요 웃기고  보세요,10
웅남이,재미집니당 킬링타임으로 딱입니당!!,10
파벨만스,스필버그라 이정도지,6
소울메이트,호불호 엄청 갈릴 영화 입니다전혀 공감을 못해서 정말 재미 없었습니다,5
스즈메의 문단속,음.. 이해가 안되는 부분이 많았어요.. 개연성이 너무 없어요,4
라 비 앙 로즈,여배우가 연기 잘했네요. 감성풍부한 노래도 듣기좋았구요,7
파벨만스,스필버그 끝없는 가족애는 변함없다.,9
친절한 금자씨,명작. 복수 관련 영화 중 단연 최고.,10
십개월의 미래,펼쳐지는 상황들이 너무 현실적이라 다큐를 보는 느낌도 살짝 들었다가 끝에는 너무 감동적이라 눈물이 났음 ㅜㅠ 어느 누구하나 인위적이지가 않고 연기를 참 잘한다. 잘 만든 작품..,10
에놀라 홈즈,이거 추리 영화 아니었나?,1
샤잠! 신들의 분노,1편을 보고도 2편 보는 사람들은 대단한듯 ㅋㅋ 1편 보고 히어로 영화 중 유일하게 거르게된 영화가 섀쟴~~,1
웅남이,너무재미없어요... 내시간.. 내돈... 보다나간적은 처음..하아... 헛웃음도 안나와요,1
에브리씽 에브리웨어 올 앳 원스+,양자경 사랑해요,10
스트레인지 월드,스트레인지 월드,7
웅남이,좀... 이도저도 아니네요,2
웅남이,라라랜드 이후 가장 재밌게 봤다. 초강추. 나만 볼순없다,10
에놀라 홈즈 2,셜록 홈즈같은 모습을 기대하고 본 내가 xx이지,1
스즈메의 문단속,굉장히 지루하고 아쉬웠습니다,2
웅남이,어이가없다 재미가없다.,2
웅남이,박성웅이 하드캐리하는 영화!!,10
두다다쿵: 후후섬의 비밀,재미있었어요. 아이들도 좋아했어요,8
스즈메의 문단속,루루류르류르류류루류,10
파벨만스,영화감독이 되어가는 영화같은 순간,7
웅남이,돈주고 본 영화중 제일 재미가 없네요감독이름보고 갔는데 혹시나가 역시나네요,4
모나리자와 블러드 문,예술호소영화 ㅋㅋ,4
소울메이트,좋네요 좋아요 여운이 남네요,10
스즈메의 문단속,처음부터 끝까지 재미있고 음악 영상 다 좋음. 스토리라인이 반복적이면도 있으나 지루할틈 없이 재미있게 봤음,10
이니셰린의 밴시,다정함이라는 제동 장치로 결코 멈출 수 없는 톱니바퀴 ,8
셰익스피어 인 러브,아카데미의 황당한 선택.기네스 펠트로의 매력과 가끔 나오는 코미디 빼곤 볼 거 없다.,5
파벨만스,특별할 것 없는 평범한 일기 같은 영화.. 하지만 영화를 좋아할 수밖에 없게 만드는 영화,7
웅남이,오..대박~~~^.^코믹좋아ㅋㅋㅋ,10
미혹,공포영화인데 억지부리지 않으면서 세련되고 적당히 재밌는게 나왔네요 잘 봤습니다,10
웅남이,감독 인맥이 어마어마 하구나와모든 배우가 박성광 스러워지는걸볼 수 있음 심지어 정우성이 티저 영상으로 나와2탄을 예고함 (곰 씨지는 귀여워서 그나마 봐줄만 함),2
샤잠! 신들의 분노,개연성이라고는 하나도 없는듯...내 시간이 좀 아까움. 마지막 그 여자분은 왜 나옴????,4
스즈메의 문단속,후반부에 과거 스즈메와의 만남에서 눈물을 참을 수가 없었어요~,10
모나리자와 블러드 문,모나리자모나리자모나리자,6
압꾸정,후기 잘 안쓰는데 점수가 너무 낮길래 뭐지?싶어서 씀. 마블리님의  액션은 없어서 그런간가?액션 대신 마블리님 드립이 재밌는데 ㅎㅎ코미디 요소로 재밌게 볼만한데 점수가 왜이런지 모르겠네요. 30대 이상만 웃긴건가... 옛날 압구정 핫할 때 생각도 나고 아무튼 시간 버릴꺼까진 없으니 보세요. 본지는 꽤 됐지만 암튼 이런 이상란 후기들 보고 뭐지 싶어서 넷플에서 봤는데 재밌게 봤어요.,10
소울메이트,최고입니다!!!,10
해리 포터와 죽음의 성물 - 2부,하 말해뭐해 해리포터인디,10
미혹,정말 긴장감 없는 공포 영화군요. 이렇게 잘 평점 댓글 안다는데...점수 너무 안좋게 주면 좀 그러니 아무 의미 없이 6점 드립니다.다음에는 좋은 작품 기대 할게요.,6
더 퍼스트 슬램덩크,"90년대 슬램덩크를 봤던 모든 이들에게 바치는 아니메가 아닐까 싶다.  최근에 본 젊은층이나 어린층들도  재밌게 볼수 있다면 , 그 시절 청춘이었던 모든 사람에겐 뭉클한 추억에 젖을수 있는 작품인듯. 나이 먹고 왜 우냐고 할까만은 나도 모르게 한방울 두방울 눈물이 떨어지는거 보고 놀랬다. 영화가 끝나고 나서 오랫만에 너무나 뿌듯하게 보고 나온 느낌이었다.",10
그대 어이가리,넘 넘 맘이 아프지만 이게 현실이란게 더더 슬프네요ㅠㅠ,10
모나리자와 블러드 문,정말 뭘 말하려는 건가요? ㅠㅠ 갑자기 끝나네요. 전종서도 전반적으로 엽기 느낌이 ㅠㅠ,6
썬더 포스,진짜 오랜만에 실컷 소리내어 웃었습니다. 힐링되네요 ㅎㅎ 미국식 B급 병맛 코미디는 호불호가 있는데... 다 이해 못 해 70% 정도밖에 웃지 못한 아쉬움이 있네요.. 하림 꽃게랑맛 로맨스는 덤~!,10
웅남이,누가 재밌다고 했지....,2
영웅,감상평을 감히 달 수가 없다,10
웅남이,저의 인생작품 클레멘타인 생각났어요. 다시 한번 인생 영화 만들어 주셔서 감사합니다. ,10
웅남이,예능에서 그리 홍보한이유가있었네.. ,1
스즈메의 문단속,스즈메가 자전거를 타고 바다가 보이는 언덕길을 내려가는 장면에서 캬..반복적인 구조에 약간 지루할 수는 있으나 영상미만 봐도 눈이 즐거운 영화.,9
토니 타키타니,참신한 연출과 결핍과 상실이 묻은 영화,10
웅남이,이거 진짜 웃기넼ㅋ 짱,10
탑건: 매버릭,오락 영화의 그 자체인 영화,10
소울메이트,좋은 연출과 뻔하지 않아 좋은 스토리,6
애덤 프로젝트,아무리 힘들어도 애들만 보면 피곤이 싹 사라지지.,7
앤트맨과 와스프: 퀀텀매니아,영화 OST WELCOME BACK이 좋았는데어딘가 모르게 난해한...,7
파벨만스,영화를 위한 영화,10
스즈메의 문단속,너무 재밌게봤습니다..,10
해빙,신선하고 반전도 재밌어요,9
윤희에게,윤희에게의 모든걸 사랑합니다.봄이 되어 꽃이 피니 다시 생각나네요,10
웅남이,중간에 잤다.ㅠㅠ아쉽다.,2
더 웨일,매우 훌륭,10
에브리씽 에브리웨어 올 앳 원스+,지금의 인연을 소중히 여기세요. 그 사람은 우주의 선물이니까요.,10
소울메이트,여운이 진한 영화 꼭 보셨으면 합니다.,10
스즈메의 문단속,몇년 기다려온 보람이 넘치는 작품이었습니다ㅎ 제 기준 부족한거 없이 완벽한 영화였네요^^ 주에 한번씩 또 보러가고 있네요,10
날씨의 아이,그뭔씹.. 애들은 가출하고 범죄 저지르고 다니는데 그게 낭만이고 사랑이고 타당한 것처럼 포장함 그리고 감독이 여자 가슴을 정~말 좋아한다ㅋㅋ^^,5
더 퍼스트 슬램덩크,Goat!!@@@@,10
스마트폰을 떨어뜨렸을 뿐인데,폰을 이용하는  저런 범죄도 있을법한것같아요 킬링타임으로 전 재밌게 봤어요,8
베스퍼,대체적으로 지루 답답한 스토리,4
스즈메의 문단속,영화를 통해 재난에 대한 아픔과 상실을 잘 위로한 영화,7
소울메이트,재밌게 관람했습니다.,7
크루즈 패밀리,무지그냥  차라리죽어라,2
스즈메의 문단속,진짜진짜 이건 ㄹㅇ 레전드 작품이다너의 이름은 버금가는 감동과 전율을 선사 ,10
웅남이,ㅋㅋ여기 영화댓글작업 지리네... 이거 캡쳐해서 신고해야지 ㅋㅋ,1
영화 너무 좋아 폼포 씨,영화속에서 영화를 보는 재미와 애니메이션으로서만 느낄수있는 화려한 영상미가 좋았고영화속 감독의 고민과 실제감독의 고민이 보이는 연출과 메세지가 매우마음에 듬 제일소름인점은 1시간30분인점,10
"광해, 왕이 된 남자",10년이 지나 다시봐도 최고의 명작,10
웅남이,비싼 식재료로 꿀꿀이죽을 만들어 버렸네요! 많은 기대를 버리고 보시길 추천합니다!!,1
어떤 영웅,남의 인정해야 영웅이 아니라 자신의 소신을 지키는게 영웅이라 말하는 거 같다,8
스즈메의 문단속,"너의이름은, 날씨의 아이도 재밌었는데이건 진짜 감동 쩔고 더 재밌었음영상미 ost 스토리 다 너무 좋음평점 낮게 주고 비하하는 사람들 노재팬인듯;;한국영화보다 훨재밌음ㅎ 1위인 이유가 있는법;",10
스즈메의 문단속,직관적인 위로의 메세지가 와닿지만 다이진과 세리자와의 행동심리와 은유적 요소가 관개에게 호의적이진 않은것같아서 아쉬움,7
웅남이,진짜 형편없고 개콘 억지웃음 보는줄알았네요 웃어야할 영화에서 인상만 쓰고나왔습니다. 그리고 각 종 영화 명장면을 갖다쓰시던데 오마주가 아니라 날로먹기아닌가요? 그리고 네이버 영화 평점 댓글 알바가 있다는 게 확신이 생겼네요,2
웅남이,기자 평점. 너무 낮아서 고민하다가 보게 됐는데 생각보다 잼나요. ,10
웅남이,재밌어용!!! 넘나 웃경,10
스즈메의 문단속,벌써다음작품이 기대됍니다!,8
스즈메의 문단속,이 정도 수준이 계속 한국에서 1위하다니 ㅎㅎ한국 영화계도 거꾸로 가네. ,2
모나리자와 블러드 문,영상미와 음악만 남았다,8
다음 소희,어른의 책임과 의무를 다하는 어른이 되고 싶다,10
웅남이,방금봤는데전 넘잼썼어요ㅡㅎ,10
웅남이,가볍게 보면 재밌고 킬링타임!진지하게 보면.. 뭐든 재미없을듯.,10
파벨만스,잔잔한 드라마지만 시간가는 줄 모르고 재미있게 봤어요~ ,10
악인전,봐도봐도 재밌어요 벌써 3번 봤어요 ,8
자산어보,정말 잘 만든 영화입니다.,10
루디 이야기,어릴 적 공부가 힘들 때 자극을 줬던 영화...주인공의 의지에 고개가 숙여져요,10
컨버세이션,보면서 살짝 울었는데 어느 장면인지 기억이 안나서 다시 봐야할 영화. 예상못한 로맨스라인에 당황스럽다가도 영화에 나오지 않은 시간동안의 인물들의 삶이 궁금해지는 영화. 다혜가 나같아서 좋으면서 싫었다. ,8
파벨만스,영화연출의 교과서...,7
웅남이,피식 한번 없이 지루한 전개와 진부한 스토리,1
웅남이,짱잼 ㅋㅋㅋㅋ역시 박성웅,10
다음 소희,"진정 이 사회에서 꼭 봐야하는 영화다! 권력, 강자!  ㅠㅠ 사회적 약자에게 갑질하는 이 드러운 세상… 따뜻한 세상이 이루어지려면 ㅜㅜ 이런 영화는 널리 퍼져서 모두가 봐야한다. 약자가 힘이 없어서 ㅠㅠㅠㅠ 슬프다 ㅠㅠ 보는 내내 마음이 먹먹했다. 우리 미래의 아이들 ㅜㅜ 화이팅!! ",10
모나리자와 블러드 문,"재밌게 봤음. 영화를 밤에 봐서 정신병원의 모나(전종서)가 꿈에 나올까봐 좀 무섭기도 했다. 영화의 배경인 뉴올리언스를 오래전에 여행할 때 버번스트릿은 완전히 별천지, 요지경으로 느껴졌는데 영화에서 그 분위기 그대로라서 더 재미있었다. 부두, 주술, 늪지, 음악(영화는 뉴올리언스재즈는 없고 전자음악), 개성있는 사람들, 환락, 요지경 뉴스미디어까지 어릴때부터 정신병동에 갖혀있던 모나가 만난 첫 세상이라서 더 별천지에 정신없게 느껴졌을거같다. DJ퍼즈도 멋지고 음악도 좋고 재밌는 영화.",8
돈 텔 파파,그저코메디겸 유치할줄 알았는데 ....가족의 향기를 느끼게해준 스토리  잘봤습니다.,10
웅남이,생각보다 재밌었음    볼만해요 !,10
극장판 유희왕 더 다크 사이드 오브 디멘션즈,감동적이에요 또 보고 싶어요,10
웅남이,생각보다 재미있네요 볼만합니다,10
스즈메의 문단속,"기대했던거와 다르게, 예전부터 예고했던 그런 부분들은 영화 스토리에 조금 등장하고 나머지 스토리가 이어지는편.. 개인적으로는 영상미가 전 작품보다 별로였다고 생각됨.예고편만을 생각하고 간다면 조금 실망할수도 있다. ",5
스즈메의 문단속,기대했던대로 재미있게 잘 봤습니다. ,9
웅남이,마지막에 마늘 먹은 멧돼지..너무 잘 생겼다ㅋㅋ,10
소울메이트,이성적으로 보면 주인공들의 선택이 답답하기도하고 안타까워서 소울메이트가 아니라 악연인지도 모르겠다는 생각마저 들었다. 하지만 영화가 아름답고 푸릇해서 좋았고 특히 아역들이 너무 이뻤다.,8
웅남이,기대없이 봐서 그런가 생각보다는 재밌던데요,8
틸,인종차별의 심각한 문제를 잘 보여준 영화,10
웅남이,평점보고 고민했는데 보길 잘했어요.. 재미있습니다~,10
웅남이,알바들을 얼마나 푼건지 전혀 이해가 되지 않은 8점대 평점 ㄷㄷㄷ우리나라 모든 개그맨들이 평점 댓글 홍보에 직접들 나선듯 보이네...,1
더 웨일,눈물 흘리며 봤어요..훌륭한 연기에 스토리 ...전부 너무 좋았습니다,10
웅남이,이걸 보고 세상을 살아갈 용기가 생겼습니다,10
에브리씽 에브리웨어 올 앳 원스+,평점 알바인가 정말... 심각하게 재미없다,1
독전,물 빼고픈 여캐가 하나도 없네,1
웅남이,박성웅이 다했네요~~~~ㅋㅋ,8
겟 스마트,5분마다 쉴틈을 안주고 웃김,10
빛나는 순간,??갑자기 이렇게 전개가 된다고?? 정말 상상도 못했던 반전영화..,6
웅남이,꼭 보삼 중박이상은함 강추,10
밀양,내용 연기 연출 모두 좋아요,10
포커페이스,드라마 한편 본 느낌 액션도 부족하고 스토리도 부족 악역도 부족 롤스로이스 차 구경만 하고 나온 기분,6
포커페이스,드라마 한편 본 느낌 액션도 부족하고 스토리도 부족 악역도 부족 롤스로이스 차 구경만 하고 나온 기분,6
웅남이,가볍게 볼 만해요.평소 박성광씨 개그도 좋아하고라디오 스페셜 dj 몹시 좋았는데영화도 평타 이상은 했어요.앞으로 무궁한 발전이 있기를~,9
웅남이,내인생에서 본영화중 가장최악.... 외국 국내 다포함해서...,1
웅남이,웃겨요 킬링타임으로 최고!!,10
프라하의 봄,"밀란 쿤데라의 &amp;lt;참을 수 없는 존재의 가벼움&amp;gt;을 상업적으로 이미지화 한 작품. 많은 것들이 생략&amp;축약되거나 각색되었지만, 스토리 본류는 잘 재현한 편. 하지만, 둘 중 고르라면 역시 니체 철학과 현대사가 기가 막히게 얽힌 책을 읽는 쪽으로. 성인이 된 90년대 봤다거나, 책을 읽기 전에 봤다면 더 높은 평점을 줬을지도.",6
소울메이트,가장 사랑하는 사람에게 하고싶은 거짓말,10
웅남이,나는 너무 재미있게 봤는데 ㅎ귀여운 영화였음 ,9
웅남이,웃음 포인트가 많아서 보는내내 즐겁습니다.,10
웅남이,이런걸 돈 주고 보는사람이 있는게 신기하다 ㅋㅋㅋ,2
인생은 아름다워,아무생각 없이보다가 염정아배우의 몰입하게되서 저희 아기 남편 생각나서 너무 슬펐어요ㅠ오랜만에 잘울고 갑니다,10
벤자민 버튼의 시간은 거꾸로 간다,두말 필요없이 인생 최고의 영화! 인간이 태어나면서 죽어가는과정... 그안에 주인공 주위의 많은 사람들의 이야기...우리현실에서 마주 칠 수 있는 여러 이야기들이 절묘하게 섞여서 공감 할 수 있는 스토리. 주제는 독특하지만 결국 인간의 늙고 죽음은 다르지 않다는 것을 느끼게 해준다. 몇번을 봤지만 여러해석으로도 재미있게 볼 수 있는 영화!안 보신분들은 꼭 보시길 강추 드립니다.,10
웅남이,코로나시절과 육아로 어른영화를 4년만에 봤는데 엄청 웃겨요!!!마지막엔 조금 슬프기도한거같고ㅋㅋㅋ꼭 보세요 꼭!!!!,10
롱 리브 더 킹: 목포 영웅,카지노 보고 욕할데가 없어서 감독 욕하러 왔다. 디즈니 플러스 유료구매하고 본 내가 등신이다. 이걸 시나리오라고 썼냐?,2
스즈메의 문단속,당신이 동일본 대지진을 조금이라도 알고 있다면.,8
웅남이,후유증..ㅋㅋ 웅남이 짱~~,10
스즈메의 문단속,개인적으로 너의이름은 보다 재미있었다,10
경관의 피,"조진웅, 최우식 배우의 연기가 좋았습니다. 그런데 대사가 잘 안 들리는 부분이 있어서 아쉬웠네요 ㅠ",8
웅남이,넘웃기고 중간중간 액션까지 있으니 더 꿀잼 ㅋㅋㅋ 가볍게보기 좋음!,10
와니와 준하,2000년대를 충분히 느낄 수 있는 깨끗한 영화. 김희선배우의 연기가 돋보이는 작품으로 영상미와 ost가 잘 어우러져 밀레니엄시절이 그리운 분들에게는 단비같은 영화. ,9
킹스맨: 퍼스트 에이전트,킹스맨 특유의 B급 감성만 기대하지 않는다면 흥미롭게 만들어졌네요!,8
웅남이,즐겁게 잘 봤습니다~~,10
웅남이,사람마다 개그 코드는 다르니까요.. 저는 버티다 결국 상영중에 나왔습니다.. ,1
닥터 스트레인지: 대혼돈의 멀티버스,"복잡한 멀티버스의 세계.. 완다 흑화에 너무 당황했는데, 쿠키 꼭 보고 나오세요!!",7
웅남이,재밌게 봤어요^^~ㅋ ,9
신비한 동물들과 덤블도어의 비밀,화려한 CG로 볼거리는 많았어요. 후속을 위한 편인 듯합니다~~,7
브로커,"너무나 잔잔해서.. 이전의 감독님 작품에 대한 이야기는 보고 갔지만, 너무 고요했어요.",6
스즈메의 문단속,재난을 이렇게 표현하는게 대단한듯,10
소울메이트,원작은 모르지만 재밌게 봤어요,6
웅남이,너무 웃겨ㅋㅋㅋ,10
신비아파트 극장판 차원도깨비와 7개의 세계,"아이가 워낙 신비아파트를 좋아해서 보러 갔는데, 성인이 같이 보기에도 흥미로운 이야기였습니다. 재밌게 봤어요 ^^",9
스즈메의 문단속,영상미 만족 나머지는 그냥..,5
웅남이,박성광이고 나발이고 그냥 재미가 없다. 개그맨이라 색안경껴서 그런거 아니고 그냥 진짜로 재미가 없다. ,1
웅남이,아바타와 탑건이랑 같은 가격인데 너무하네요ㅜㅜ,1
모나리자와 블러드 문,밋밋한 느낌이었어요 노래는 좋습니다,4
유령,"이하늬, 박소담 배우가 다한 영화에요~~ 배우진이 화려해서 너무 기대가 컸던 것 같습니다.",7
웅남이,와  보다 잣는데....누가 평점이리 높게  준거냐???알바들 졸라 많네평점 알바에 ㅈ속음  내돈 내시간,2
웅남이,박성광씨가 이걸 볼진 모르겠지만..영화 더 공부하고 제대로 만드세요..,1
타인은 지옥이다,불면증 있는 분들에게 강추해 주고 싶은 영화 처음부터 끝까지 다 보는데 일주일 걸렸음,10
웅남이,즐거운 웃음 주셔서 감사합이다~,10
교섭,민감한 소재이다보니 다룰 수 있는 부분이 한계였던 걸까요 긴장감도 없고 아쉬웠습니다,6
스즈메의 문단속,한번더 보고싶은작품이었습니다ㅡ,10
장화신은 고양이: 끝내주는 모험,올해 본 최고의 애니메이션 영화! 애니 속에 인생이 다 담겨져 있어요냥이들도 너무 귀엽네요,10
상견니,"상친자로 무조건 봤는데, 영화 자체는 아쉬운 부분이 많았습니다. ㅠ",8
애프터썬,"전체적으로 잔잔한 전개이지만, 마음의 울림을 주는 영화였어요.",9
웅남이,적극 추천요~,10
서치 2,"서치1을 보지 않았는데, 보고 싶어질 만큼 긴장감 있게 봤어요!보는 내내 등장인물들 다 의심해봤네요!",9
에브리씽 에브리웨어 올 앳 원스+,이토록 능수능란한 멀티버스 연출이라니.. 거기에 이제 액션과 감동까지 놓치지 않은.. 물론 정신없다는 사람들도 있는데 그말도 이해는 된다. 확실히 호불호 갈릴 만한 영화지만 난 극호!,10
대외비,긴장감이 다소 부족한 전개.. 배우들의 연기력은 좋았어요!,7
웅남이,다 같이 웃어보자~ㅋㅋㅋ,10
카운트,배우들의 연기력과 감독의 감동을 이끄는 연출력까지 더해짐!,8
"귀멸의 칼날: 상현집결, 그리고 도공 마을로",연출이 아쉽습니다. TV판인 줄 알긴 했지만..,6
웅남이,클레멘타인 이후 최고의 영화를 드디어 보았습니다. 정말 눈물나게 감동적인 영화.. 제 인생 최고의 영화로 기억에 남을 명작! 몸속에 키워가던 암이 사라졌습니다. ,10
스즈메의 문단속,시사회로 보고 너무 좋아서 재관람 했습니다!OST와 스토리를 이끄는 감독의 연출력이 뛰어나요!!,9
소울메이트,많은 사람들이 생각났던 영화미안하고 감사합니다전소니 =뉴진스 혜인+해린김민희송혜교고민시ㄹㅇ 천의 얼굴임,9
경성학교: 사라진 소녀들,엄지원님 미모와 발음이랑 목소리가 정말 미쳤다....광기 느껴지고 박보영은 너무 예쁘고 동안이더ㅠㅠ세상에,6
웅남이,감독이 스타일이 보여준다,10
스즈메의 문단속,예상되는 스토리지만 영상미로 압도.,10
소울메이트,"배우들의 연기 뿐만 아니라 연출도 너무 좋았어요! 진한 울림이 영화, 추천드려요",9
웅남이,넘 재밌게 봤어요 박성광씨 멋찌다~~~!,10
포커페이스,킬링 타임용으로 그럭저럭,6
웅남이,평점 알바 같은것도 있는건가?,1
웅남이,"영화관에서 볼 영화는 아닌거 같아요.. ㅠㅠ 애기 얼집데려다주고 황금같은 오전 시간에 남편이랑 보러갔다가, 중간에 나왔습니다.. ",2
소울메이트,큰 웃음 주는 영화~~,10
웅남이,평론가의 혹평에 대해 논하기엔 영화의 수준이 너무 낮습니다.,1
파벨만스,이 영화 볼수 있어서 행복하네요,10
웅남이,0점은없냐?,1
재심,변호사라는 직업 너무 멋찌다 정말 ,10
모나리자와 블러드 문,영상미와 음악이 좋아요,8
웅남이,이이경 연기 너무 잘함,10
보통사람,보기 불편하고 열받는 이야기,6
라이프 오브 파이,파이에게는 살아생전 한번 가질까말까 하는 스토리를 두 개나 갖고 있다. 그 스토리가 뭘지 궁금하지 않은가.,10
유열의 음악앨범,인생의 강력한 사람과의 재회를 보는 것이 너무나 뭉클했다,7
연평해전,잊지 말아야할.. 추천합니다,10
6번 칸,따뜻한 영화 볼 수 있어서 좋았어요.,8
모나리자와 블러드 문,너무좋아!!! 인생영화,10
소울메이트,우정이라는 추상적인 감정을 잘 표현했습니다.,9
"귀멸의 칼날: 상현집결, 그리고 도공 마을로",무난했어요. 크게 재미있지는 않습니다.,7
대외비,연기 하나만 볼 만 했어요.,8
웅남이,보는내내 재밌었어요~^^,10
웅남이,나도 모르게 크게 터져 나오는 웃음에 나도 놀랐네~~ㅋ,10
카운트,생각보다 재미있게 잘 봤어요.,8
웅남이,여기는 내용없는 1점들 천지? 옆동네는 내용없는 10점들 천지?,10
스즈메의 문단속,영상이 예뻐서 만족스러웠어요.,9
웅남이,너무 웃어서 주위 사람들 눈치가 보여서 민망했네요..,10
웅남이,충분히 할만큼 했다 박성광감독 화이팅,10
스즈메의 문단속,맨 마지막 미미즈 그래픽이 영화 전체적인 그림체랑 안어울리게 3d툴 그냥 휘갈긴 것 같아서 엥 싶었음.그리고 스즈메랑 소타 사이에 감정이 생긴 것도 공감이 안갔다..첫만남에 끌렸다는 건 알겠는데 이 이후에는 의자로 변해버려서 별 교류라고 할게 없었는데 언제 마음이 생겼다는 건지..막판에 뭐 소타없는 세상엔 못살아 막 이러는데 그정도라고..? 싶었다..,6
소울메이트,원작을 안봤는데 영화만으로 감정선이 따라가는데 문제 없었어요.,9
스즈메의 문단속,영상과 음악을 듣는 것 만으로도 충분히 값어치를 하는 영화,8
대외비,연기들을 잘해서 그나마 볼 만 했어요.,7
카운트,킬링타임용으로 괜찮았어요.,8
스즈메의 문단속,영상미가 화려해서 좋았어요.,9
웅남이,후유증..ㅋㅋ 웅남이 짱~~,10
스즈메의 문단속,"나는 사실 별 기대 안하고 갔음너의 이름은도 다들 재밌다고 할 때 나는별로 재밌게 보지 않았음.친구들이 보러간다고 그래서 그냥 간건데영화 초반 중반 후반 갈 수록 긴장하게되고 땀을 쥐게 되고 잠시도 지루한 시간이 없었음이렇게 몰입해서 본것도 최근 처음임나는 영화볼때 연출이나 다른 게 아무리 좋아도 별 내용 없는게 제일 싫은데 이건 영상미도 대박이였고 ost도 대박이고 내용도 되게 많은게 담겨있다고 느꼈음동일본 대지진..일본의 아픈 부분이고 그 부분들로 인해 아픔들을 가진 주인공이 나오는게 감동을 주는 부분이 컸음 가족이 먼저 떠난 아픔, 일상들을 살아가는 사람들을 지켜내기 위해 노력하고 잊고있던 자신의 어린 기억들도, 이모의 숨겨둔 감정도 다 내뱉으며 스스로 깨닿게 되는부분도 좋았고 스즈메가 일본 곳곳을 다니며 배우고 경험하는게 좋았음영화 부분부분 재밌는 요소도 있고 힐링도 되고 슬프고 아프고 긴장되고 아름다움나도 눈물 좀 찔끔 나왔고 친구들도 울었다고 함 내가 좋아하는 애니영화는 센과치히로랑 하울의 움직이는 성이 유일했는데 이것도 진짜 영화보고 나서도 여운이 많이 남음어쨌든 난 너무 재밌었고 후회없는 선택이였음 근데 이거 영화관에서 보는게 더 재밌을 것 같음 난 영화관 사운드가 몰입이 잘됐음",10
파벨만스,아빠가 너무 불쌍 엄마가 너무 개인적인 인간이라고 생각함..,8
웅남이,형편없네요.연기자들이 힘들어보이네요,2
스즈메의 문단속,이 영화는 완벽 그 자체 입니다.,10
웅남이,혹시나 했는데 역사나 재미있었다. 진짜 보길 잘했다,10
스즈메의 문단속,"반복되는 재난을 겪어본 사람만이 할수있는 상상력! 환상적인 그림, 빛표현은 최고입니다. 어린 스즈메가 울때 나도 같이 무너졌네요. 출입문은 항상 닫고 다닙시다~^^",10
섬. 사라진 사람들,평점 좋아서 보는중인데 ? 현실에서 일어나는 일들 ㅡㅡ,8
웅남이,요즘은 웃을 일도 별로 없는데 덕분에 많이 웃었습니다.,10
꼬마돼지 베이브의 바다 대모험,아기 데리고 왔는데 아가가 집중도 잘하고 이야기 짜임새도 좋고 성우분들 연기도 너무 좋았습니다^^,10
웅남이,비전공 평론가들은 영화 평론이 만만해 보여?,10
웅남이,우크라이나는 개그맨출신이 대통령인데 뭐가문제야,10
외계+인 1부,이연걸의 의천도룡기처럼 넘나 재미있네요~~ 아 영화관에서 못 본 게 아쉬워요~ 그때 헤어질 결심에 빠져서 헤결 두 번 보느라 못 봤는데.. 쫌 미안;;; 안타까워요 충분히 흥행할 영화인데... 2부는 꼭 영화관에서 볼 테니 개봉해주세요 ㅠㅠㅠㅠ,10
웅남이,재밌어요 ㅎㅎ 꼭꼭꼭 보세요 저만보기 아까워요^^,10
웅남이,웅남아~ 일애니 이겨보자!!,10
폴: 600미터,흥미진진했으나 급 마무리는 실망,6
웅남이,진짜 유치하고 재미 없어요 ㅠㅠ웃긴건 다 넣은거 같은데 웃기지가 않아요,2
웅남이,용철아 니가 생각한거보다 재미있더라 ,10
웅남이,잠시라면 편히 웃을 수 있는 시간이 필요하신분들 꼭 보세요,10
웅남이,스토리는 약간 약한데 연기가 만족스럽네요,10
모나리자와 블러드 문,요즘 보면 뭔가 잇어 보이는 듯한 뭔가 깨어잇는 듯한 뭔가 그런걸 예술인척 하는 영화들을 만드는데 ㅋㅋ 진심 그냥 개똥이다 ㅋ자유니 뭐니 참 ㅋㅋㅋ그냥 아무 내용도 없다 ㅋ ㅋㅋ예술인척 하는 개똥일뿐 ㅋㅋ,1
웅남이,배우들의 코미디 연기가 넘 재밌고 중간에 액션까지 섞여 있어서 가볍게 보기에 딱 좋음! 재밌게 보고 왔습니당~~~!,10
웅남이,ㄴㄴㄴ,8
웅남이,박성웅 액션이야 말할 것도 없고 이제 코미디까지 잘하네!! ㅎㅎㅎ 이이경은 또 코미디 왜이리 잘하는거야 ㅋㅋㅋ폼 미쳐벌임! ㄷ ㅋㅋㅋ,10
웅남이,말봉이가 다했따 이이경 배우님 응원합니다,10
웅남이,클레멘타인이 떠오르는건 왜일까...?,1
겨울 나그네,환경과 인간 그리고 운명과 숙명에 대한 깊은 통찰,10
웅남이,너무 웃겨요 보시면 후회 안 할 겁니다~강추요,10
대외비,별로였습니다 시니라오가 너무 비밀주의였음,4
파벨만스,"스필버그, 그렇게 영화가 되었다.",8
마담 보바리,원작의 엠마처럼 흑발에 아름다운 여주가 연기 했더라면 더 몰입감 있었을텐데..참 아쉽다ㅠㅠ,8
웅남이,시사회갔던 언니가 알려줘서 재밌게 봤습니다,10
파벨만스,삶의 비극을 담아 낼 때도 아름다울 수 있는 이유,8
웅남이,너무 재밋어요,10
에브리씽 에브리웨어 올 앳 원스+,"다니엘스, 양자경, 키호이콴, 스테파니수, 제이미리커티스",8
웅남이,여기는 10점 아니면 1점 남기는 분위기죠? 내용없이 그냥 1점인 사람들 천지네.. 저희는 보통이상이니 10점할게요,10
웅남이,나름 소소하게 웃으며 볼만함 재밌었음,10
판타스틱 플래닛,스토리에 놀라고 73년작이라는데에 두번 놀란다,9
웅남이,내용은 거시기함 조조로 짱임!       눈치 안보고 크게웃을수있음,9
날씨의 아이,"일단 정말 재밌고 아주 작품성 있는 영화였습니다.별 생각없이 개봉한지 4년이 넘어서야 이제야 보게되었는데, 왜 이걸 지금 봤지라고 생각이 드는 영화입니다. 태어나서 영화평 쓰는거 처음이고, 애니메이션 장르 자체를 잘 안보는데, 그만큼 인상깊고 여운있는 영화로 느껴졌습니다. 개연성이 어쨌다, 몰입이 안 된다 하시는 분들 많으신데, 영화 볼때 집중안하시는 분들이죠... 영화 초반부에 주인공 얼굴을 보시면 왜 가출을 했는지 알 수있죠.또 총이 왜 나왔냐고 하시는데 영화 결말즈음 경찰과 총으로 대치 상황일 때의 서스펜스는 영화 전반부를 걸쳐서 가장 강렬했던 것 같습니다. 솔직히 제가 감독이었다면 이 대치상황에서 주인공이 죽음을 맞고 죽게됨으로서 여주인공과 재회하는 결말로 마무리했을 것 같습니다만... 아마 신카이 마코토 감독의 감독판이나 프리프로덕션의 구성에 있었을 수도 있을 것 같습니다...등장인물들 모두 하나같이 개성있고 중요한 역할을 했으며, 쓸데없이 많은 등장인물은 없었네요...그만큼 줄거리에 더 잘 스며들 수 있었던 것 같습니다. 또 많은 분들이 그래서 여자애랑 날씨랑 뭔 상관이냐? 이렇게 생각하실텐데....이건 다큐가 아닙니다. 영화에서는 개연성도 중요하지만 특히 감정의 전달이 더 중요합니다. 제 경험상 &amp;#39;날씨&amp;#39;가 영화의 주 서사로 작동한 것은 이 영화가 유일무이한 것 같습니다 아주 직관적이지만 간접적인 메시지로 날씨라...아주 천재적이죠아무튼, 결말은 아예 비극적이게 두 주인공의 죽음으로 승화하는 것이 어땠을까라는 느낌은 있지만,  그 외는 아주 완벽하고 훌륭한 작품이다 느꼈습니다. 영상미, 음향을 말할 것도 없고요.좋은 작품 감사합니다 감독님이제 너의 이름은 보러 갈게용~♡ ",10
모나리자와 블러드 문,"영상미만 괜찮은 편...!!예고편만 보고 판타지, 스릴러 이런거 생각하시면뒤통수 맞으십니다. 보고 나왔는데 장르를 모르겠어요.ㅋㅋㅋㅋ ",5
웅남이,천하장사 웅남이... 멋있다~~,9
인어 공주,"이게 2004년 작품이라니 진짜 너무 멋있습니다~2023년을 사는 지금 밖에는 미세먼지와 황사…. 코로나는 막지났지만 삭막한 사회…프리다이빙 배운 저로써는 해녀들의 다이빙 장면도 너무 멋있고 맘껏 들이키는 공기도 너무 부럽고, 순수한 남녀의 사랑도 너무 예쁘네요. 가끔은 60~70년도로 휴가다녀 오고 싶습니다~ 참고로 저는 80",10
웅남이,너무 웃겨ㅋㅋㅋ,10
웅남이,웅남이로 부모님께 효도함,10
스즈메의 문단속,속도감있게 진행되어 지루할 새 없이 좋았습니다,10
웅남이,"뭐 이런,.,.,.,.",1
스즈메의 문단속,많은 생각을 하도록 만드는 영화,10
웅남이,배우들의 연기는 절대 깔수없다,10
웅남이,오랫만에 맘껏 웃어봤네요,10
파벨만스,스필버그 감독님의 시네마천국,9
헤어질 결심,인생 최고의 명작,10
헤어질 결심,인생 최고의 명작,10
웅남이,"갖잖게 텃세 부리는 놈들은 엄마 젖빨고 있는 놈들이냐?박성광은 태어나길 개그맨으로 태어나고, 영화계는 천상계냐?웃기는 짬뽕같은 젖빠는 놈들...!",10
웅남이,돈...아깝다....,1
작전 23,실화 바탕 이라 감동적입니다,10
토니 타키타니,토니 타키타니,9
웅남이,ㅎㅎ~~~,10
웅남이,저희 고모는 이거 너무 웃기다고 하시네요 10대분들은 조금 난해할수 있음ㅋ,9
이니셰린의 밴시,콜린 퍼렐과 브랜단 글리슨 연기가 일품이었던 영화,10
웅남이,다음 작품에서는 더 발전한 모습 기대하겠습니다,5
웅남이,"1.비웃을준비해서 보고 깎아내리면   할수없는일2,재밌다고웃는사람의 웃음까지   깎아내릴 순 없는일3, 사람마다 웃음 코드가 다름4.코믹영화에서 기대할것만 기대   하면 됨",8
웅남이,엄근진들 천지네... 부모님들께 보여드렸는데 아주 만족하시네요,10
인페르노,어쨌거나 젤 흥미진진,7
웅남이,에 가는 내내 얼굴에 미소가...~~,10
웅남이,댓글알바가 많네. 재밌더만 왜그러냐 ~ 남잘되는거 못보는사람들인가.,10
웅남이,웅남이 좌석점유율1위 가즈아~,10
데시벨,이요올 이종석 연기,10
이니셰린의 밴시,작은 불씨로 시작했으나 결국 앙상하게 남아버린 관계의 잔해,9
웅남이,편하게 웃다가 왔네요.,10
앤트맨과 와스프: 퀀텀매니아,"오랜만에 마블다운 마블 영화 본 느낌이었습니다. 다만, 세계최강 빌런이라고 했는데,,,,개미보다 약한,,,",9
웅남이,박성광감독에 대해서 비평하는건 알겠는데 영화는 괜찮다,10
웅남이,친구들하고 봤는데 주말에 부모님 보여드리려구요ㅎ,10
스즈메의 문단속,일본 애들의  생각은  참 독특합니다.,7
언어의 정원,감정이 급발진하는데 공감하기 힘듦,7
웅남이,"평론가로서는 아쉬운 영화일 수 있습니다. 그러나 그것이 감독 출신에 대한 문제로 번지면 안됩니다. 감독이 관련 대학을 나왔음에도 망하는 작품이 있고, 전혀 다른 대학을 나왔음에도 성공하는 작품이 있으니 판단 근거가 될 수 없어요..왜 누군가의 도전에 색안경을 끼신 채 평론하시는 지 모르겠네요..기대 안하고 간 웅남이는 꽤 재미있었습니다. 심오한 의미를 담고 있는 영화라기 보다는그냥 가볍게 즐기는 영화입니다. 딱 영화 &amp;lt;육사오&amp;gt;가 생각나는 영화예요.",8
스즈메의 문단속,공감대 형성 억지로 하지맙시다영화보면서 피곤해집니다,4
웅남이,꽁트를 길게 붙이면 지루하다,1
너의 이름은.,명작이라고 하는데 애써 명작일거라고느껴지지 않는,4
웅남이,연기자들 연기좋고 내용 생각보다 신선하고물론 결말이 완벽하진않지만요즘영화들 보고나면 머야?이느낌드는데 웅남이는 뉴스로든 에피소드로든 해소해주어서 좋았음 연기자들뽑은것도 감독실력아닌가란생각?너무 개그맨이라고 띄워줄것도없지만무시부터할일은 아니라고봄 나름볼만했던영화.,10
웅남이,웅남이 보다 말봉이가 좋더라ㅋ,10
웅남이,초딩이 수준영화나이 30넘으면 절대ㅠ보지 말고여친 이랑 가면 욕먹음 ㅡ...ㅡ,2
웅남이,기대보다 너무 재미났어요^^ 대박나길...,10
웅남이,이 영화를 욕하는자 클레멘타인을 욕하는자,10
웅남이,영화판이 만만한가?기대를 안하고봐도 이건 아닌거 같다,1
웅남이,액션씬은 볼만합니다.웃음은 크케 웃긴 부분보다는 소소한 피식정도의 웃음 포인트 입니다.간만에 피식정도의 웃음이 있던 영화였습니다.박성웅의 연대기 입니다. 간만에 영화 보면서 웃음이 많았네요.,8
웅남이,오랜만에 웃고 왔습니다. 박성광 감독님 화이팅!!!,10
웅남이,별기대없이봤는데 감독센스가 있네요넘웃겨요~눈물나게 웃긴장면도있었어요~같이본 일행도 재밌데요~ㅋㅋ  박성웅 이이경넘좋아요~ ,10
웅남이,욕 하는 사람들 무엇때문인지 이해 안감..난 재밋기만한데,10
탑건: 매버릭,남자로써 진짜 ㄱ1 ㅐ 멋있다. 우리조국을 지켜주시는 분들께 다시한번 감사드립니다,10
모나리자와 블러드 문,굿,7
웅남이,재밋다ㅋ..,10
목두기 비디오,어마어마한 영화임. 티비에서 하는거 보고 잠을 못 잤었슴. 이거 확장한 버젼이 마루이비디오임.,10
스즈메의 문단속,"지진에 대한 이해가 높으면 감동적이예요. 작화가 아름다워요,",9
웅남이,재미있는니 없느니 말도 많아 도대체 어떤건가 봤는데 너무 재밌었음.보길 정말 잘한거 같다.ㅋ,10
스즈메의 문단속,"일본의 입장에서 영화를 감상하니 더 몰입감 있게 영화를 볼 수 있었습니다. 스즈메의 여정 또한 지진이 한 번씩 스쳐간 지역을 지나가고 그 곳에서 묵묵히 살아가고 있는 사람들의 모습을 그려내고자 한 감독의 마음이 이해가 갔습니다. 다만, 사람들과의 만남이 너무 개연성이 없고 억지스러운 느낌이 들어 조금 아쉬운 느낌이 들었습니다. 그럼에도 정말 뛰어난 작화와 적절한 OST, 캐릭터의 매력 등 애니메이션으로써는 훌륭한 부분들이 많다고 생각합니다. 나중에 OTT에 나오면 한 번더 보고 싶지만 전작 너의 이름은 처럼 영화관에서 다시보고 싶다는 생각이 들지는 않습니다.",7
더 퍼스트 슬램덩크,슬램덩크 본 적 한 번도 없고 그저 운동을 좋아해서 보러 갔는데온 몸에 전율이 돋을 정도로 좋은 영화였습니다~~,10
미혹,최악최악최악최악최악,2
웅남이,말봉이 너무 웃김ㅋㅋㅋ,10
웅남이,너무 웃겨ㅋㅋㅋ,10
웅남이,"좋은 배우들 데려다놓고, 영 어설픈 코믹극 찍어놨는데...이건 뭐 웃기지도 않고, 하도 오랫만에 이런 막장 코믹극을 봐서 그런지, 신선?하기는 하네.그런데, 진짜 내 시간과 돈이 너무 아깝다.",2
스즈메의 문단속,일본 애니 극장판 보면 30분 안에 바로 잠 드는 편인데 이 영화는 끝까지 잘 봤네요 개연성이 부족하긴 하지만 감동이 너무 심해서 그런 거 따질 겨를이 없었음… 우리나라 가뭄 방지에 크게 기여하고 오는 길입니다,10
모나리자와 블러드 문,매우 감각적이지만 이를 받쳐주지 못하는 서사,6
웅남이,개그콘서트 실사버전 영화화,6
소울메이트,원작 보신 분들이면 잘 만들었다고는 못하실 것 같은데 …아예 한국풍으로 바꾸지 이상하게 감성 섞여가지고 ..,5
웅남이,평점 알바들 대단하다 이 영화 딱 한마디로 정리해준다 엄복동보다 못한 저급 영화 ,1
웅남이,재밋네요 .,10
스즈메의 문단속,공감이 잘 되지는 않았고 내용도 약간 난해했어요 너의이름은 이랑 자꾸 비교하게 되는데 그런급의 영화는 아닌거 같아요 너의이름은 감독 좋아하시면 보세요 로드무비같은 유쾌한 영화네요,8
웅남이,오달수까지 나온다.,1
파벨만스,거장의 조심스러웠던 고백,8
웅남이,박성광 도뢌나 그냥 개콘으로나 돌아가라 예능하는 것 봐도 그냥 그게 딱 당신 수준,1
웅남이,박성광 도뢌나 그냥 개콘으로나 돌아가라 예능하는 것 봐도 그냥 그게 딱 당신 수준,1
웅남이,^^,10
웅남이,어릴 떄 봤던 심형래 영화 생각났음 개연성 이런거 생각하지말고 그냥 노잼 영화,1
웅남이,정말 재밌습니다 스포일러하면 재미가 덜해질수도 있어서 영화 내용은 적지 않겠습니다,10
웅남이,아래 시비거는 사람들은 뭐하는 사람들이지? 실제로 영화보고나서 하는말도 아닌거 같은데.. ㅡ.ㅡ 거르고 들으면 될듯 실제 본 사람들평만 보고~ 평소에 박성광이나 출연배우들 팬도 아니었지만 평점 쓰려고 왔다가 시비거는 평때문에 괜히 눈살 찌푸려지네요 평점이라는 말 뜻 몰라요? 영화에 대한걸 얘기해야죠 ㅉㅉ,10
웅남이,.,10
스즈메의 문단속,후유증은 문닫기요 ㅋㅋ 짱 잼,10
리얼,뭘 말하고 싶은건지~~~~,1
모나리자와 블러드 문,전종서  배우의  연기 너무 좋았어요,10
웅남이,유치하면서 웃겼어요 ㅋ,8
언데드,여주 팬티를 보는 순간 모든 개차반은 용서가 된다.. 그런 팬티 스타일이 나오는 여친을 만나야겠단 꿈을 준 영화,10
웅남이,개그맨일때도 재미없던 사람인데영화라고 달라? ㅋㅋ,1
웅남이,코믹하면서도 잔잔한 감동을주며보는내내 웃음이끊이지 않게시간가는줄 모르게 멋진영화 잘봤습니다.,10
웅남이,아직도....별점 알바가 있나보네요..,1
소울메이트,두 배우의 연기가 좋았다,7
웅남이,역시 평론가 평은 믿을게 못되네요. 우울한 시기에 잘봤습니다.,10
웅남이,실컷 웃고 나옴요즘 웃을일도 없었는데~~,10
웅남이,"영화를 좋아하는 1인으로서, 현재 상영작 다봤는데 그 중에서 웅남이가 제일 좋았음.",8
스즈메의 문단속,진짜 내 애니 중에 1등임 꼭보세요,10
웅남이,돈받고 보세요 아니면 보지마세요,1
웅남이,"배꼽빼는줄 정말 재미가 있어요그렇다고요, 극장가서 볼 예정이에요",10
웅남이,박성광씨 힘내요~응원합니다~!!작품 평점을 떠나서그만큼 준비하고 도전한만큼탑배우들 캐스팅과  극장스크린으로개봉했다는것  대단한성과~앞으로 힘내서 잘되길 응원해요.,10
웅남이,저뿐만 아니라 같이간 친구들도 다 재밌다고 하는거 보니까 대부분 호불호없이 다 재밌게 볼 수 있는 영화였습니당:),10
웅남이,내돈 내고 봤으면 돈아까워서 몇일을 후회했을듯!!!!시간 아까울정도로 재미없어요 ㅠㅠ,1
웅남이,왠만하면 잘보는데 인생27년살면서 돈이 너무아깝다,1
더 웨일,비틀리기 좋은 현실이라더 세상을 바라보는 따스한 눈동자,8
신의 한 수,개봉 당시엔 관심이 없다가 최근 바둑에 관심이 있어 챙겨봤는데 긴장감 최고네요!,10
더 웨일,혐오와 미움의 세상에서 ,10
웅남이,박성광 의외더라구요 영화감독으로도 자리잡을것같은데요?!ㅎㅎ,9
소울메이트,김다미 스타일의 연기가 인상깊고 한국감성은 아니었지만 잔잔하게 재밌게 볼 수 있었다,9
압꾸정,중간까진 재밌었는데..ㅜㅜ,3
웅남이,웃으면서 재미있게 봤습니다.,8
모나리자와 블러드 문,영화를 찍은게 아니라 뮤직비디오를 찍음,3
스즈메의 문단속,개인적으로 신카이마코토 감독 중에 제일 별로라고 생각함.특히 인물들 간의 관계와 배경설명이 애매모호함. ,6
웅남이,여기 평점 알바돌리나? ,1
스즈메의 문단속,반일 국뽕은 정신병이며 이 영화는 개띵작입니다,10
살인자의 기억법,스토리 대박이다. 이 판을 어떻게 짰지? ,10
웅남이,기대앙하고봤는데 꿀잼 ㅋㅋㅋ,6
웅남이,진짜 간만에 찐으로 웃음이 나오는 영화를 본거 같습니다기대이상이구 볼만합니다 정말 ㅎㅎ가족 친구 연인끼리 보기 아주 좋숩돠,10
플레인,거슬리는 게 한 둘이 아니라면 감독의 잘못이다,4
웅남이,초중반까지 재밌구 후반 마무리가 좀 아쉬운데 킬링타임용으로 괜찮아요~실제 7점 정도? 인데 억까들이 많아서 9점 주고 가요,9
샤잠! 신들의 분노,재미를 떠나서 편집이 너무 어수선해서 뭘 봤는지 모르겠음,4
에브리씽 에브리웨어 올 앳 원스+,"전형적인 중국자본 영화.. 한마디로 서양사람들의 동양판타지가 곳곳에 물들어있음..중국무술, 전통의상, 경극, 가족애.. 난해하려고 쥐어짜서 만든 예술영화 같으나...우리가 늘상 알고 있는 중국식 코믹뻥카액션 그 이상도 이하도 아님... 액션영화도 스토리가 있어야 되는데...세금영수증...딸내미 레즈..뭔가 메시지가 없음 인물간의 연결성이 많이 떨어짐.. ㅋㅋ 관람객 평점이 이리도 후한건 .수상빨 같음..암튼 혼란하고 정신없고 메시지 없음...난해함을 예술적으로 극적으로 끌어올린 영화... ",4
연애 빠진 로맨스,두사람의 자연스러운 연기와 마스크 조합이 잘 어우러져 특별한 로맨스영화로 기억될것 같아요,8
웅남이,일생일대의 돈이 아까운 영화 !쓰레기같은영화! ,2
웅남이,재밌었어요 많이 웃고나옴^^,10
서부 전선 이상 없다,여운이 오래가는 영화.무의미한 전쟁의 참혹함을 느낄 수 있었다.,10
치외법권,나만 당할 순 없지 후후....,10
엽기적인 그녀,사랑해 엽기적인 그녀 전지현 !!!! 내 인생 최고의 영화 중 하나 ,10
웅남이,오랜만에 실컷웃었네요  와이프랑  너무잼있게 잘봤습니다~~^^,10
패션 오브 크라이스트,Redemption(속량)과 Salvation(구원)의 시작의 장엄함이여.,10
두다다쿵: 후후섬의 비밀,아이가 재미있게 봤습니다.~ ^^,8
웅남이,최악이에여 절대 버지 마세요 ㅜㅠㅠ,4
서치 2,서치1을 만족스럽게 봐서 과연 후속작이 전편만 할까 했는데 아주 만족하면서 봤습니다. 속도가 빨라서 영화가 짧게 느껴져요,10
웅남이,"부분 부분 코믹 부분을 두는 건 좋았으나, 끝에 뭐죠?! 밥 먹다가 밥상 엎는 이 기분...",3
웅남이,그럭저럭 볼만 했어요 추천은 못 드려요 개인 취향인 거 같아요,6
파벨만스,영화는 인생과 다르다. 예술에는 생각보다 많은 고통이 따른다. 그럼에도 예술(영화)을 해야하는 이유도 분명히 있다,10
비상선언,감독의 문제 아닌가? 이 좋은 스토리를 이렇게 망치다니. 배경음악은 무슨 상영내내 나와서 배우들 대사보다 음악 감상만한듯,1
극장판 주술회전 0,귀칼 이후 최대 감동..,10
TAR 타르,다큐같은 영화 그녀의 미친연기력,9
웅남이,별로임 머가먼지 무슨뜻인지?,6
웅남이,재미없어요. 요근래 본 영화 중에 최악이었음. 평론가가 싸가지는 없어도 가장 정확한 표현을 한것이란걸 영화 보는 내내 깨달았습니다.,1
웅남이,배우들의 연기와 박성웅의 싸움액션언기는 굿.하지만 억지 웃음을 자아내려는 코믹은 글쌔...,6
웅남이,"감독이 개그맨인게 뭐가 중요한가 상영시간동안 즐거웠으면 됐지 ㅋ 개그가 젊은이 감성은 아니라 조조영화였는데 영화관에 있던 30,40대들은 빵빵터졌음 ㅋ 박성광님 안 망했으면 좋겠어요 ㅋ 다음 영화도 기대됩니다",10
웅남이,영화관보단 집에서 보면 딱이다,10
웅남이,재밌던데요 왜 재미없다는거죠,10
소울메이트,잔잔하게 잘 만든 영화예요어쩐지 한국 느낌보다는 다른 느낌이라 했더니 리메이크네요,10
스즈메의 문단속,재미. 그리 없는데 관객수 많네요영화가 잼있다면 관객수 폭발하겠음,6
멍뭉이,두배우 너무 좋아해서 딸이랑 봤지만.너무 밋밋한 스토리... 그리 감동적이지 않은데 알바들이 댓글 많이 다셨어요..,6
웅남이,와우…평점 보고 괜찮나 싶어서 갔는데..,2
스즈메의 문단속,영상미는 좋았으나 자동차타고가다노래트는장면에서 몰입도 깨짐,6
아수라,감동 명작! 어쩜 이재명이를 저렇게완벽하게 똑같이 만들어냈네!명대사: 이야~ 우리 시장님은 절때로 믿으면 안되는 눈을 가지셨다,10
애니씽 고즈: 라이브 인 런던,중간중간 다소 지루할때도 있으나 전체적으로는 밝고 즐겁고 신난다.,8
웅남이,다른분야에 도전하는 사람을 본인 기대에 못 미친다고 험한말 쏟아내는 저급 평론가들에게 이 평점을 바칩니다.,10
더 퍼스트 슬램덩크,40대 중반인데..생각만해도 설레인다..^^,10
스즈메의 문단속,인생영화임..ㄹㅇ 너무 재밌음,10
바람이 분다,지금은 유럽 전체와 거의 맞먹는 대단한 과학기술력을 가진 일본이 독일과 이탈리아 등에 20년을 뒤쳐져 빌빌대며 배우던 시절. 작위적인 시한부 러브스토리로 제로센의 설계자를 미화하고 극화하지만 그저 지루하고 재미 없을뿐. 걍 개노잼. 일본 수꼴 보수가 봐도 재미없을듯 애니 자체가,4
스즈메의 문단속,일본인이 아니면 공감하기 어려운 파트가 존재함에도 연출과 영상미 만으로도 극장에서 볼 가치가 있었다,9
웅남이,진짜 ㅋㅋ숨넘어가게 웃었어요 같이간 지인이랑 둘다 중간중간 코믹소재때문에 넘 웃겼어요. 박성광개그맨 아니고 감독님으로 다시 보이네요  별생각 기대없이 갔다가 훅 들어온 영화입니다. 배우들 연기가 넘 탄탄해요,10
더 퍼스트 슬램덩크,한마디만 하겠습니다. 꼭보세요 마지막장면에서 진짜 감동이 벅차올라요 진짜 꼭보세요 ,10
스즈메의 문단속,신카이 마코토 감독님 사랑합니다,10
스즈메의 문단속,일본 애니 좋아하는 사람들은 충분히 만족할 만한 영화입니다. 1번 뿐만 아니라 2번 가서 봐도 괜찮을 듯 싶네요.,10
소울메이트,꼭 봐야함 슬프고 재밌고 감동적,9
샤잠! 신들의 분노,최고의 수면용 ASMR,1
이니셰린의 밴시,영화를 전부 이해하기엔 내가 부족한것 같다.,10
웅남이,아 감독이 박성광인걸 모르고 봤네여.. 알았으면 안봤을 텐데요.. 그냥 예고편이 전부임.. 참고로 내 기준은 샤잠 머리아픔 스즈메 괜찮음.. 슬램덩크 보다가 나옴.. 이거 그냥 걸러도 되는 영화라고 봅니다. 쩝.. 미안해여 감독님 스탭 여러분..,1
스즈메의 문단속,레전설 레전설 여전하다,10
꼴찌부터 일등까지 우리반을 찾습니다,그당시 10대들의 서글픔이 지금도 서글픔으로 기억된다는 건.. 진지하고 섬세하다.유경아가 매력적.,9
웅남이,음…이런..엄…음..아이고..,2
트루먼 쇼,그냥 영화 초반부터 예상한대로 영화가 흘러가서 딱히 재밌거나 몰입되는 부분이 없었음 영화 끝나고 생각해 볼만한 의미도 없었음 쇼라는걸 알아챈 후 트루먼의 반응이 공감이 안됨 소재는 참신해서 더 재밌게 만들 수 있었을 것 같은데 스토리가 없음,4
웅남이,에혀 이게 영화냐?ㅡㅜ,2
원스 어폰 어 타임 인 아메리카,폭력성과 선정성 빼고드니로의 연기엔리오 모리꼬네 음악이 다한 영화영화음악을 위한 영화,8
웅남이,돈 돌려주세요 개짜증 개콘이 왜망한지 알수있었음,2
웅남이,박성광의 사회생활 성적표,1
태극기 휘날리며,우리가 누리고 있는 자유는 공짜가 아니다,10
평양성,이런 명작을 평점이 ㅋㅋㅋ,10
웅남이,"내돈주고 본게 아니라 다행이지만... 기대하지 않고봐서  만족은 함. 여기는 댓글 알바들풀음??  절대 8점대 평점이 아닌데...  잘 줘야  5,6점??",5
영웅,"한 나라의 국민으로 태어나 조국을 위해 죽는것,이것이 참된 영광이니                                                                                              -영웅 안중근-",10
모나리자와 블러드 문,인상깊었지만 이해하기 어려웠어요,8
웅남이,좋아요 재미있고 가볍게 웃을수있는영화,10
웅남이,좋아요ㅎ 박성광 짱짱응원해요ㅎ,10
웅남이,"1. 어차피 기대치가 없으니 그냥 빵빵 터진다. 개연성 없이 그냥 명배우들이 개콘 나와서 특별무대를 연출하고 그것을 영상으로 만들어 영화를 만들었다 생각하면 편하다. 한국 영화에 뭔 기대를 하겠는가?  2.  쌀을  국민의 피같은 세금 처들여서 , 국가가 비싸게 구매해서 쌀 가격 시장가를 강제로 높게 고정 시켜놓는 양곡 수매제도처럼 스크린 쿼터 제도는 한국 영화를 보호하는게 아니고 점점 질 낮은 한국영화를 양산하는 철밥통 . 금으로 된 밥상에 불과한 시스템이 되었다. 3. 개인적으로는  영화감독이나 출연 배우들이 영화 ( 혹은 드라마) 개봉 전에  TV 예능  . 인터뷰 나와서 손익분기점을 언급하거나 흘리듯 이야기 하면서 이 영화  망하면 내 인생도 망한다는 식으로 말하는 것 , 혹은  몇 백만 관객이 들어오면 어떠한 이벤트를 한다는 식으로 말하는 영화나  특정 시청률 ( 예 -  시청율 20프로 넘으면 춤을 추고 유투브에 올리겠다 등 )  을 기준으로 이벤트 하겠다고 말하는 것을 제일 싫어한다. 4.  관객이 고생해서 번 내 돈 주고 보는 상업 영화이고 보기 싫은 광고 . PPL 범벅인 것을 참고 보는 드라마이다.  5.  판사는 판결문으로 검사는 공소장으로 변호사는 변론서로 형사는 수갑으로 말하는 것이다. 영화 나 드라마가 자신 없으면 입 다물고 있어라.  입 열고 징징대면 더 보기 싫어지니까.  걸그룹. 보이그룹 제작자도 마찬가지임. 6. 유튜브 몇 분짜리 영상도 길다고 유튜브 숏츠 가 만들어지는 세상이다. 1시간 30분짜리 영화에  서사 . 감동 . 재미 . 눈물 . 놀람 .  슬픔 등 다양한 것들을 넣으려 해봐야 관객 대부분이 집중력이 떨어지고 ㅂㅅ같은 이해력을 가지고 있어서 뭐가 뭔지 따라가지를 못한다.  마동석의 1인  원맨쑈 영화나  5인의 형사가 나와서 티키타카로 웃기는 코믹쇼 영화가 먹히는 이유가 그것이다.  미각을 상실한 자들에게는 화려한 코스 요리를 제공해도 비빔밥을 먹은 것처럼 잡탕밥이 되어버리는 것과 같다.  ",1
살인소설,딱히 나쁘지 않은데 평점이 낮네. 8~9점이라 생각하지만 지금 평점이 낮으니 난 10점. 다른 댓글들 보면 싫어하시는분들 많은것 같은데 저는 재밌게 잘 봄,10
에브리씽 에브리웨어 올 앳 원스+,무엇을 말하려는지 주제의식은 확실한것같은데 내가이해하기엔 좀 벅찼다.몇번은 다시봐야 이해가 될것같다.너무기대를 많이한것도있고.그리고 여우조연상은 제이미 리커티스보단 스테파니 수에게 주는게 맞지않았을까,6
웅남이,장난하냐? 티켓값 내는 관객을 아주 우습게 아네,1
웅남이,극장에서 틀 영화가 아님. 명절 특집 드라마 정도. 어처구니가 없어서 웃음이 나옴. 멧돼지가 무슨 인형인줄. 여자들은 좋아함. 참신한 소재인데 감독 역량 부족으로 못 살림. ,2
스위치,제 인생영화인 페밀리맨 리메이크한  영화네요감사합니다,10
말아톤,"고딩때 그냥 별 생각없이 봤던 작품. 그땐 그냥 재밌네, 감동적이네, 잘 만들었네 이렇게만 생각했다. 30대중반인 지금 이게 얼마나 수작이었는지 다시 생각해본다. 그리고 다른방향으로 오랜시간 지나고 다시 생각해보니 말아톤 초원이 2005년 1월 개봉, 타짜 고니 2006년 9월 개봉 ",10
웅남이,왜 이렇게 알바들은 말투가 비슷하냐 이런 저능아가 감독하니까 한국영화판 망하는거다,1
컴플라이언스,이 부분은 실화 아니겠지? 불복종 했다고 시키근 대로 나이 든 남자 무릎 위에 엎드려 엉덩이를 얻어 맞고 강간까지 당하고... 진짜 어이가 없다. ,10
섬. 사라진 사람들,여주 극암이라 여주 뚝배기 깨질때가 젤 속시원하더라,10
웅남이,응원하고 기대하고봤는데...,1
태극기 휘날리며,스크린쿼터제와 영화계의 좌편향이 망쳐놓은 요즘시대에 다시는 나오기 힘든 대작임,10
살수, 이문식 조차도 발연기처럼 느껴지는 영화,2
가재가 노래하는 곳,여운이 많이 남는 영화…..,10
소울메이트,고딩시절 생각나게하는 영화^^,9
웅남이,수십만원짜리 고급 오마카세용 재료들을 그냥 고추장만 넣고 비빈내용... 재미도 없고 개연도 없고... 할말하않... ,1
웅남이,기대안하고 봣는데  잼있내요간만에  많이웃고  나왓습니다,10
내셔널 트레져,졸작주인공패거리는단서 하나하나 풀면서 스텝업하는데이안은 다건너뛰고 따라옴ㅋㅋ,4
파괴자들,이 띵작을 평점하나만 믿고 안봤었다니 참놔,10
세 얼간이,"&amp;#34;알 이즈 웰, 알 이즈 웰&amp;#34;",10
그랜드파더,박근형 배우님 오래 오래 건강하셔서 계속 작품에서 자주 보고싶어요,10
밀리언 달러 베이비,너무 작위적이지 않나 하는... ,5
티탄,"솔직히 담긴 의미따위는 잘 모르겠고, 프랑스 영화계의 뉴웨이브를 일으킬만한 새로운 감독이 탄생한것은 확실한듯",8
스위치,권상우 연기가 잘 어울리네요. 스토리도 좋았어요.,10
폴: 600미터,전립선이 찌릿찌릿해집니다!!,8
아마겟돈,당시 이영화를 봤을때는 계속 되는 위기 속에 한줄기 빛처럼 동료가 살아서 합류하고 끝까지 땅을 파내서 목표를 이루고 빌어먹을 비상플랜결과로 인한 마지막 한명이 핵폭탄 스위치를 누르는 그 과정이 너무나 잔혹하면서도 감동적인 연출이 머리속에서 떠나질 않았다. 그후에 나오는 ost는 너무나 감동적이며 실금을 울리며 피날레를 제대로 녹여든 음악적 요소도 훌륭했다.,10
스즈메의 문단속,개연성이고 뭐고 1시간 울다 나왔다. 생과 사에 대한 묘사가 마음을 울리는 영화,10
용서는 없다,플롯은 좋은데 빙빙빙. 캐스팅도 미스 같고 연출도 미스. 시나리오 판권 사서 헐리웃에서 만들면 수작이 나올 듯,8
웅남이,새로운 도전이라고 해서 보는 이들까지 관대해질 필요는 없다.,3
정이,김현주님 연기랑 cg가 정말 좋았습니다,10
너의 이름은.,"왜 이렇게 인기많고 평점 높은지 솔직히 모르겠어요... 개연성도 그닥이고 약간 무섭기도 하고 감독이 늘 비슷한 서사임. 남녀학생이 재난 막으려는 영화, 근데 남녀가 서로를 위해 그렇게까지 하려는 이유가 이해안됌",1
상견니,"드라마에 비해서 아쉬운 스토리,,, 후반부 너무 급전개 그렇지만 상친자라서 또보고싶음 지금 예매해야지",7
스즈메의 문단속,그냥 공짜면 볼정도ㅡㅡ돈주고는 보지마세요ㅎ,1
웅남이,기대를 하고 보면 약간 아쉬울 수도 있겠지만 아무 생각없이 가볍게 보기 너무 좋습니다! 연기자들 연기 너무 좋았구 생각보다 잼있고 코찡긋에 마지막 엔딩의 웃음포인트까지 강추입니다!,10
스즈메의 문단속,영살미보음어나연요미,10
파벨만스,"스필버그의 자전적 스토리라고 해서 화려한 성과와 명감독으로의 성장에 집중하기보단, 천재성을 가릴만큼 인생의 힘든 굴곡과 , 지독한 현실과 맞짱뜨는 담담한 이야기 구성에 감탄했음. 힘든 역경을 헤쳐나온 감독님의 작품들이 영롱하게 빛날수있는 이유를 말해주는듯한 자서전같은 영화였다",9
업그레이드,대작인데 난 ㅡ외이제보나요,10
웅남이,그냥 개그콘서트 한코너를 1시간넘는 영화로 보는 느낌 ,6
모범시민,일단 재밌다. 정의구현에서 테러리스트로 변해가는건 유감. ,10
소울메이트,두 배우가 다 매력있게 나와서 맘에 드네요 잔잔하면서도 따듯하고 힐링되는 영화입니다 청량한 느낌도 맘에 들어 좋았어요,7
스즈메의 문단속,믿고보는 신카이 감독 작품 ㅎㅎㅎ,10
웅남이,이용철 한줄평이 넘나 강력해서 어떻길래 저런평을 하나 하고 일부러 함 봤는데 이런~ 그냥 웃기는 것만 있는게 아니고 탄탄한 스토리하며 배우들 연기 쩐다~ 오랜만에 실컷 웃다가 왔다 진짜 개그는 이용철 평론가님이 하신거 같다 덕분에 잼난 영화 보고 왔습니다.,10
서치 2,1편의 뛰어난 아이디어를 2편에서도 진부하지 않게 잘 사용한 작품이네요 재미있어요,8
앤트맨과 와스프: 퀀텀매니아,전반적으로 매끄러운 오락물이고 영상미도 뛰어나지만 작품만의 특색없어 아쉽네요..,7
대외비,연기는 좋지만 배우가 너무 비슷한 이미지로 소모되는 듯한 느낌이 강했고 전체적으로 설정이나 스토리라인이 안이하단 느낌이 좀 들었네요 아쉬워요,6
애프터썬,말로 형용할 순 없지만 누구나 한번즘은 느껴봤을 법한 감정선,8
젠틀맨,"재미, 반전, 감동 있는 영화. 러닝타임이 2시간으로 길지만 재밌게 볼 수 있는 영화:)",10
웅남이,그냥 나갈까 고민하는 중에내 뒤에 앉은 아줌마들은 뭐가 그리 재미있는지빵빵 터지더만...,6
스즈메의 문단속,"초반 문닫는 장면에서 영상미, 음악, 연출 이 삼박자가 어우려져서 되게 좋다고 느꼈는데 가면 갈수록 반복되고 개연성 제로의 스토리... 이해가지 않는 감정선 때문에 지루했습니다. 일단 남녀 주인공이 뭐 눈물 흘리고 찾아다닐 정도의 사랑이 발전하는 무언가가 있었나? 싶기도 하고 하얀 고양이 요석은 뽑아서 나타났다고 해도 검은고양이는 뭐 어디서 갑자기 나온건지? 세계관이나 부가적인 설명이 너무 부족해서 띠용하더라고요. 그리고 너무 극적으로 여주가 도움을 많이 받아서 아무리 만화라지만 좀... 가는곳마다 누굴만남, 도와줌, 문 발견! 닫음.이게 내용 끝입니다... 흠... 전 잘 모르겠네요 영상미는 네 좋았습니다 ",4
앤트맨과 와스프: 퀀텀매니아,당분간은 손절하자. 안되겠다니,2
소울메이트,"원작 보세요 원작... 감정선을 따라가야 하는 영화인데 그 부분이 원작보다 많이 약합니다. 캐릭터에게 공감이 덜 된달까요. 주연배우 간의 케미스트리도 그닥이에요.. 배우 개별적으론 김다미는 기대에 못미쳤고 의외로 전소니가 돋보였던. 원작을 노트북으로 본 이후 여운이 진하고 감동받아서 이번 소울메이트는 극장에서 본건데, 돈아깝네요ㅠ 그냥 원작만 보시는걸 추천해요 ",6
교섭,"아니 영화보고나서 평점 준거임 ? 알바 실화냐 .. 시간가는줄 모르고 봤음 . 연기나 연출이나 대박임 . 평점 보지말고 봐야지 이제 , 초딩들이 쓴 평점따위",10
난폭한 기록,그냥 모든게 한숨만 나오는 영화다.진짜 형편없다.이런걸 별반개도 주기싫을 만큼 졸작..,1
웅남이,평론가들 텃세 지리네.. ,10
리틀 포레스트,힐링이 필요할때 꺼내먹어요 ,10
소울메이트,보통은 리메이크가 그 감동을 그대로 전달하기가 쉽지않은데이 영화는 우리 나라 감성에 맞게 각색도 적당히 잘 했고  무엇보다 두 주연 배우들이 그 감성을 너무 잘 살린 영화인거 같습니다간만에 가슴 먹먹하게 진하게 다가오는 영화였습니다,9
영웅,국뽕만 있지 그 이상 이하도 아닌것같다. ,3
웅남이,방송의 힘. 나까지 보게 만들었음,1
영웅,뮤지컬 영화를 잘 안보는 편인데 그냥 누가 추천해줘서 봤다가 많이 울었습니다 . . 다시금 이 나라가 그냥 하늘에서 뚝 떨어진 나라가 아니란 것을 가슴 깊이 기억하며...  이런 시국에 한국인이라면 꼭 보셨으면 좋겠습니다.,10
샤잠! 신들의 분노,"&amp;#34;어벤져스&amp;#34;가 되고 싶은 착한 아이들과 &amp;#34;타노스&amp;#34;가 되고 싶은 건지 알 수 없는 엉성한 신들의 좌충우돌. 번갯불에 얼렁뚱땅 콩 볶은 듯한 플롯에 가벼움과 유치함은 덤이지만, DCEU의 미워할 수 없는 재간둥이 히어로로 자리매김한 것은 인정.",5
소울메이트,두 여배우의 상반된 매력이 좋았어요,10
파벨만스,꿈과 현실 사이에서 고민하고 있는 사람들이 보면 좋을 영화,9
샤잠! 신들의 분노,걍 산만하고 지루하고 유치함,4
비상선언,기대가 조금 컸나 봅니다..,5
극장판 주술회전 0,청춘을 잡아두는 것보다 더 큰 죄는 없다고,10
램,그럭저럭 볼만하였습니다...,7
드라이브 마이 카,생각보다 볼만하였습니다...,8
스즈메의 문단속,"원래 신카이 마코토 감독님을 좋아하긴 했는데, 최근 내셨던 재난 트릴로지 작품 중에서는 제일 좋았어요 ㅎㅎ 일본 신화 요소가 많아 약간의 해석이 필요하긴 하지만 한 번쯤 보기 좋은 영화입니다!",10
스즈메의 문단속,3부작의 마무리로 최고였습니다^^,9
어벤져스: 에이지 오브 울트론,다시봐도 명작이네요 마블짱,10
똑똑똑,샤말란에게 또 속았다.,5
소울메이트,원작이 더 좋긴 한데 한국적 느낌으로 바뀐 미소랑 하은이도 좋았다.,8
모나리자와 블러드 문,2023 .03.22 개봉,5
똑똑똑,이 감독의 기대가 점점 내려간다..,4
샤잠! 신들의 분노,2023 .03.15 개봉,6
스즈메의 문단속,어디서 감동받아야 하는 건지 잘 모르겟슴 그냥 일애니1 내가 일본오타쿠가 아니라 그런가봄,3
썸니아,부모도 아이도 불쌍하다 판타지적인 요소 때문에 개인적으로 공포감은 다운 됐다,6
더 퍼스트 슬램덩크,극장에서 안봤으면 후회했을뻔 ㅠㅠ,10
대외비,그래서 결론이 뭔데..?,2
웅남이,"영혼없는 코메디, 뭔가 잘 차려진 밥상에 맛난 반찬이 없는 것 같아 아쉽네요.뭔가 가벼운  개그적인 요소가 있을뿐특별한 느낌 없습니다. 제일 아쉬운건  김준호가 나온점이고, 안일권은 괜찮았어요. 마지막 멧돼지는 진짜 제일 좋았고기억에 남는 3장면 1. 처음 에니메이션2. 곰돌이 2마리 노는 영상 3. 마지막 멧돼지 입니다. 고생하시고 편견은 아니지만 영화  쉬운게 아니구나 다시 한 번  느껴집니다. 박감독님 잘되길 바라고 1백만 되길 희망합니다. 솔직한 평이 도움이 될 것으로 믿습니다. ",6
웅남이,엄마가 보고 싶어해서 같이 보고왔습니다. 보는내내 웃음이 날 정도의 재밌는 영화는 아니었지만 중간중간 한번씩 웃는 엄마의 모습을 보니 좋았어요.,10
난폭한 기록,아...2019년도 영화가 아직도 이런 액션을 하는걸 보고 한숨만 나온다...무슨 견자단식 홍콩영화 보는 줄..정두홍은 다른 영화 안보시는것 같아요. 본 시리즈라도 좀 봐라. 어떻게 20년가까이 한결같이 액션이 똑같을까. 한 시간 반...잠이라도 푹 잘걸 에휴,2
타짜: 원 아이드 잭,"갠적으론 2보다 나았지만 1은 못따라간다,그래도 나름의 긴장감조성도 좋았고, 시종일관 몰입도도 좋다특히 류승범의 연기는 간지 그자체다",6
카운트,그냥 뻔한 한국 영화..,3
바빌론,쓸데없이 비위 상하는 장면이 너무 많았다.. 마고로비 연기는 좋았음,4
스즈메의 문단속,초반부 몰입이 좋고 영상미가 아름다움,10
인간중독,"특별한 내용도 없고.그마저,,,올누드로 해도 왜 야하지않을까,,,배우들이 너무 몸을 사려,,",3
GROW: 인피니트의 리얼 청춘 라이프,감동 그 자체 밑바닥부터 올라온 사람들 항상 응원! 또 다른 영화로 만났으면 좋겠어요 15주년 영화로,10
타이타닉,몇 번을 봐도 이런 영화가 없음 제임스 카메론 당신은 천재입니다.,10
앤트맨과 와스프: 퀀텀매니아,그냥 무색무취 양산형 마블 영화,6
TAR 타르,케이트 블란쳇이 다했다,7
서치 2,긴장감 대박적 1편보다 속도감이 빠르다,8
웅남이,평점알바들 심각하네.. 어휴 ㅉㅉ,2
악마를 보았다,"잔인하고 무서운걸 못보는 나에게 이 영화는 무서운 장면이 나오면 리모콘으로 화면을 가린채 대사만 들었던 영화였다. 티비서 자주 틀어주었던 영향도 있었고, 궁금하긴 했지만 선뜻 한번에 끝까지  본적이 없는 영화이다. 10번 가까이 시도했을 때 영화의 70% 정도는 본듯하다. 여러해가 지나 20번 가까이 봤지만 아직도 잔인한 장면은 전부 다 감당하지 못한다. 살면서 리뷰라는걸 처음 남겨보는데 내가 생각하는 이 영화는 너무 슬픈영화라는거...처음엔 무섭도록 잔인하게 연기한 최민식배우 장면때문에 다신 보고 싶진 않았었고, 여러번 보다보니 김수현의 원통함에 이해는 되지만 이런 방식은 아니다 라는 생각에 보면서도 반대했던 순간도 있었다. 차안에서 빽미러를 보며 물티슈로 얼굴을 닦으며 핏자국을 지우는 그 장면은...그 순간의 표정과 감추고 싶지만 본인이 점점 악마가 되어가는 얼굴을 닦는 안쓰러운 표정들...내 표현력이 부족해서 뭐라 덧붙일지 모르겠다. 마지막 복수를 하고 나서 오열하며 비틀거리며 걷던 장면이  너무 안쓰럽고 불쌍하고 그래서한없이 울었다. 더한 고통으로 복수하고자 했지만 본인이 더 악마가 되어버린 김수현의 존재가 내눈엔 너무 불쌍하고 너무 몰입해서 그런지 이런 사람이 어떻게 일상 생활을 살아갈 수 있을까... 자기 인생 전체가 망가져버린 김수현이 너무 불쌍해서 오늘도 보고 한참을 울었다.처음엔 너무 싫었지만,지금은 손꼽히는 영화가 되어버린거같다.           (오로지 나만의 생각) ",10
교섭,출연한 배우들 처음 편집된 거 보고 어떤 생각 들었으려나,3
천룡팔부: 교봉전,"손에서 불 쏘는 거 보고 잠시 기절함액션만 재밌고 나머지는 할 말이 없음 그리고 아무리 동안이시라지만 31살 역할을 하시는 건 좀,, 아니지 않나요 견자단님ㅋㅋㅈㅅ 그래도 GV는 좋았습니다",4
스즈메의 문단속,눈물 참을수 있으면 상남자/상여자 인정,10
체리 향기,명대사로 유명해서 기대 많이하고 봤는데 대실망.뭐가 감동적인지 모르겠음.,2
이니셰린의 밴시,"극현실주의 영화임. 만나서 툴툴거리가나 잡담한 것만 말하는 친구 있으면 공감 많이될거임. 극현실주의 영화로서 본 다음에 관객이 잘못된 생각하게 만들 위험도 있기는 하지만, 그래도 이상주의가 너무 가득한 이 세상에 이런 영화도 필요함. 저 같은 현실주의자들은 통쾌하실거고, 다른 분들은 새러운 정보 얻는다 생각하고 보세요!!",10
에브리씽 에브리웨어 올 앳 원스+,복잡한 세계관 속 단순한 이야기를 훌륭한 연출과 연기로 풀어내었다 너무 감동적이었고 좋았다.,10
난폭한 기록,연기존내몬함ㅋㅋ진짜 정두홍..책을읽으셔ㅎ,2
바빌론,이게 영화의 매력이다,9
악녀,재미있게보았습니다~,10
웅남이,딸기쨈 ㄴ 포도쨈ㄴ 개꿀쨈ㅇㅇ,10
상견니,"드라마를 안 봐서 그런가 정말,, 1도 이해가 되지 않았다 하하",3
모나리자와 블러드 문,내용은 별로 기억에 안 남아요. 영상미가 좋네요.,10
샤잠! 신들의 분노,의외로 괜찮았어요. 1편보다도 훨씬 잼있네요.,10
형,"흔한 클리셰, 흔해 빠진 스토리 들이었지만,,, 그래도 그걸 상쇄시키는 묵직한 감동이 있었다. ",6
똑똑똑,조금 이해하긴 어려운데.. 볼만은 합니다.,8
카운트,단순히 가볍게 즐기기 좋다,8
플레인,기대를 안 하고 봤는데 생각보단 잼있어요. 킬링타임용으로 좋네요.,10
소울메이트,오랜만에 한국영화중에 잼있게 봤네요 !,10
"귀멸의 칼날: 상현집결, 그리고 도공 마을로",넥플릭스에서 내용 다 봤던 사람들은 지루할 수 있음 근데 영상미 좋았음,7
스즈메의 문단속,신카이 감독님 작품은 다 좋네요. 추천!,10
똑똑똑,각본이 너무나도 허술하고 개연성 없으며 불친절하고 일방적이었던 ㅆㄹㄱ 같은 종교영화. 간만에 본 시간이 너무나도 아깝다는 생각이 들었음.,4
멍뭉이,볼만합니다 볼만합니다 애견인들께 추천.,8
기예르모 델토로의 피노키오,음.. 다른 시각의 피노키오 기예르모 델토로만의 매력,8
상견니,재밋게 봣습니다,4
천룡팔부: 교봉전,재밋게 봣습니다,4
크리드 3,재밋게 봣습니다,7
메간,엄청 재밋게 봣스비니다,6
정이,헐리웃 영화 못지않게 영상도 세련되고 배우들의 연기력도 뛰어나고 스토리도 탄탄하니 시간 가는 줄 모르고 본 영화. ,10
라인,엄청 재밋게 봣스비니다,8
암살,지금 이시기때 매일 방영해야할 영화입니다 슬픕니다 미안하고....,10
웅남이,최근본영화중 젤 웃으면서 봤네요ㅎ,10
쥴 앤 짐,엄청 재밋게 봣스비니다,8
소울메이트,일단 영화 색감이 너무 예쁘고 배우들의 연기가 더욱 몰입하게 만든 것 같아요 처음으로 n차 관람이 하고 싶다고 느껴진 영화였어요 정말 감동적이었습니다 그리고 이건 우정이 아니라 사랑 같다고 느껴졌습니다...,10
400번의 구타,엄청 재밋게 봣스비니다,8
애프터썬,엄청 재밋게 봣스비니다,9
바빌론,엄청 재밋게 봣스비니다,10
웅남이,넘 웃기고 재밌게 잘 봤어요! 박성웅 이제 코미디까지 잘해버리네요 ㅋㅋㅋㅋ ,10
타이타닉,엄청 재밋게 봣스비니다,10
"안녕, 소중한 사람",엄청 재밋게 봣스비니다,7
더 플랫폼,굉장히 철학적인 영화. ,8
네가 떨어뜨린 푸른 하늘,엄청 재밋게 봣스비니다,6
더 퍼스트 슬램덩크,30년 만에 살아움직이는 캐릭터들 보니 가슴이 요동칩니다.,10
카운트,엄청 재밋게 봣스비니다,6
서치 2,엄청 재밋게 봣스비니다,8
TAR 타르,엄청 재밋게 봣스비니다,9
앤트맨과 와스프: 퀀텀매니아,엄청 재밋게 봣스비니다,6
대외비,엄청 재밋게 봣스비니다,4
"귀멸의 칼날: 상현집결, 그리고 도공 마을로",엄청 재밋게 봣스비니다,2
더 웨일,엄청 재밋게 봣스비니다,9
통영에서의 하루,"이 영화에서 통영은 그렇게 중요하지 않은 것 같다.나의 한때에 만나 좋아했던 사람을 가지고 있는 사람이라면 공감하지 않을까 싶다. 희연의 잘보이고 싶다라는 생각, 부끄럽다는 생각, 나를 객관적으로 보게되면서 초라함을 느끼는게 이해된다. 그 사람은 곧 나의 그때를 생각나게하고, 나를 그때로 돌려놓는 것 같아서 묘하게 불편하고 마음이 울렁울렁하는...",8
스즈메의 문단속,엄청 재밋게 봣스비니다,4
똑똑똑,엄청 재밋게 봣스비니다,8
콜 제인,엄청 재밋게 봣스비니다,4
소울메이트,엄청 재밋게 봣스비니다,7
샤잠! 신들의 분노,엄청 재밋게 봣스비니다,10
파벨만스,엄청 재밋게 봣스비니다,10
모나리자와 블러드 문,엄청 재밋게 봣스비니다,8
모나리자와 블러드 문,흥미를 끌만한 스토리와 사람을 조종한다는 초능력을 얻은 소녀라는 독특한 소재와 영상미도 좋았고 배우들의 연기도 좋았는데 OST는 신나긴 했는데 자주 들으니 몰입감도 깨지고 그냥 시끄러운 사운드였음.. 감독이 버닝을 보고 전종서에 반해서 전종서를 위한 영화를 만든 거 같은데 무엇을 말하려고 하는지도 모르겠고 난 그냥 자유를 찾아 떠난 모나가 디트로이트 피자를 먹으며 행복했으면 좋겠다. ,6
멍뭉이,노잼...슬프지도않는데 끝에 안죽는개가있냐는말나오던데 당연죽는개죽지 걍 맡기고가겠다 영화답답하네 그런데 유정이이쁘네용ㅎㅎ,1
혼자 사는 사람들,영화가 끝나면 왠지 모르게 성냥에 담배 피고 싶다 ... ,10
웅남이,부실한 시나리오로 장면마다 늘어진다. 대략 25분짜리 분량을 3배로 늘린 느낌. ,2
웅남이,평론가 말이 맞자나 ㅠㅜ;;;;,2
모나리자와 블러드 문,음악만 좋아요,5
50가지 그림자: 해방,....어쩔....시간이 아깝다,4
아웃포스트,하이퍼리얼리즘 현대전. 머나먼 아프간 땅에서 비참하게 죽어간 청춘들이 편히 쉴 수 있길. ,10
스마트폰을 떨어뜨렸을 뿐인데,교훈 ; 아이폰을 쓰자!,8
웅남이,어이가 없네요 참.. 마케팅에 돈은 많이 쓴 듯,1
상견니,하나의 영화로써 그 흐름으로 그저 처음 알고 보는 사람의 입장에서 영화를 만들어야하는데..영화를 보는이가 원작을 알거라 생각 하면서 만들다보니...  매우 불편하고 당연히 감동도 없고..(만든사람만 감동).. 뭐 궁금하면 원작을 보란 이야긴가?.(더 싫어짐)... 이건 영화를 이해하기 어려운게 아니라 영화를 참 못 만드네... 이런식이면 대만 영화는 보기 꺼려짐.,2
스즈메의 문단속,이게 평점이 왜 높은거죠???스토리 똥망 개연성 1도없고 설정은 개나 줬는지 앞에 나온 설정 이랑 내용 진행되는 내용이 너무 안맞아서 어이가 없을정도 무지성으로 이쁜그림 볼사람만 보면 될듯..,4
웅남이,헤어질결심보다 잼있음!,10
야차,존잼???? 결말까지 다 챙겨가서 너무 행복 !,10
스즈메의 문단속,신카이 마코토 3부작중에 제일 좋았어요! 스토리적 개연성 지적을 받았던 전작들에서 많이 발전되고 보완된 모습이 보였어요. 등장인물들의 심정에 하나 하나 공감이 가능하도록 잘 풀어간 것 같아요! 무엇보다도 영상미가 정말 좋아서 보는 내내 감탄하다 울다가 했네요 ^_^,10
아포칼립토,올만에봤는데 지금봐도 명작 어릴때도 전율 느낌,10
스즈메의 문단속,예고편에서 봤던 다녀오겠습니다 다녀와가 그렇게 슬픈 말인줄 몰랐음…,10
아웃포스트,내일 다섯시 반에 일어나야 하는데전우애 때문에 잠을 포기하게 된다,10
외계+인 1부,아 넘 재밌는데...평점이 낮네요저는 극호! 입니다!연기구멍하나없고 세계관탄탄하고 좋아요 재밌었어요!,10
스즈메의 문단속,"좀..이것저것 섞은 느낌? 무엇을 보여주는건지는 알겠는데 지루한건 어쩔수없는듯, 영상미랑 감동은 좀 받았어요 ",8
더 웨일,연기는 인상적이나 내용이 무엇을 전달하고싶은지 이해를 못했음,4
리멤버,작금의 윤씨와 국힘 놈들아. 이 영화를 봐라,10
서치 2,늙어서 그런지  이런 류 기법은 정신이 없어서 못보겠다. 멀미도 나고 ㄷㄷ  ,6
드라큐라,드라큐라를 본 그시절로 돌아가고싶네요. 흡혈귀가 되더라도..,10
대외비,전 이영화 너무 재밌게 봤습니다~!시간이 어케 가는줄도 모르고배우들의 연기는 정말 쪕니당~!최고에요!!그런데 평이 왜이런지..무섭네요..ㅜㅜ올해  최고의 영화입니다~!!,10
"구름의 저편, 약속의 장소",영화 첫부분에서는 마치 사유리가 죽은것처럼 묘사되면서 끝부분은 같이 비행기타고 가면서 엔딩나버림 궁금해서 찾아보니 소설 뒷부분이 더 있더만.... 그 부분까지 담아냈으면 더 좋았을듯.. ,8
차별,"김일성 초상화 걸어놓고, 수령님 만세 주체사상 교육시키는 조총련을 미화하는 이런 영화를 만들었는지...일본 문부성 교육과정도 거부해, 교실에 떡하니 김일성 김정일 사진 걸어놓고 수령님 주체사상 가르치는데 지원 안해준다고 차별임? 한국서 조선족 학교가 중국어 중국역사 가르치며 한국 정부에 지원 요구하면 한국정부가 해줘야 돼?",1
웅남이,네이버는 평점 알바 안막냐?,1
TAR 타르,포스터에 노미네이트 어쩌구 적어논건 무조건 걸러야 했는데 또 속았다,1
스즈메의 문단속,음 약간 막나가는게 있음 노래랑 영상미는 좋은데 스토리 자체는 칭찬이 안나왔네요,8
그린 북,안 끝나길 바랬던 영화!,10
올빼미,밝은 세상 속 어두운 진실을 목격했을 때 나는 과연 용기를 낼 수 있겠는가,7
파벨만스,스티븐스필버그는 아직 살아있네요!!,9
마루이 비디오,"끔찍한 사건을 추적해가는 과정은 흥미진진하고, 완벽하진 않지만 사실성을 높이려는 시도는 나쁘지 않다. 아쉬운 점은 공포라는 장르에 좀 더 집중하고 파고들었다면 어땠을까 싶다.",5
블랙 아일랜드,"반전이 되는 인물의 정체는 그럭저럭 괜찮지만, 몇몇 부분에서 어설프거나 과도하다고 느껴진다.",4
웅남이,항상 이 배우는  이런역할이지라는  관념을 깬 영화이자 아무생각없이 즐겼던 영화였던거 같아요 ㅎㅎ,8
유령,영상미와 연기 ost 딱 거기까지,9
웅남이,잼있어요……0:..,10
모글리: 정글의 전설,"모든 관점에서 “정글북” 실사 영화가 월등히 뛰어나고, 생각보다 어색한 CG는 몰입을 떨어뜨린다.",4
모나리자와 블러드 문,내용은 별로 기억에 안 남는데 노래 영상미는 정말 좋네요.,10
샤잠! 신들의 분노,1편보다 훨씬 괜찮고 잼있네요 볼만합니다.,8
웅남이,아주 재밌다고 할 수 없으나 b급감성으로보면 잘 만들어진 작품이다,10
플레인,생각보다 잼있었어요 볼만합니다.,10
웅남이,박성광 감독님 화이팅 !!!,10
롬멜: 사막의 여우,좀 지루한감이 없지 않음,7
소울메이트,볼만합니다 볼만합니다,8
야차,그냥. 별로. 비추작. 없음. ,2
폴: 600미터,긴장감 쩔고 완전 몰입하면서 봄..간만에 너무 재밌는 영화였다 최고! ,10
태극기 휘날리며,위대하다 란 말을 영화평가에 쓰는것을 선호하지 않지만 이 영화는 그럴 자격이 충분하다.,10
스즈메의 문단속,잼있게 잘 봤습니다 볼만해요,10
유령,놀라울 정도로 몰입이 안 된 영화. 유령 찾을 때는 유령이 안 궁금하고 갑자기 시작된 항일은 심하게 일차원적이었다. 미장센만 신경 쓴 것 같은 올 1분기 최악의 영화. 거의 뭐 카터랑 비슷한 급.,2
파벨만스,전기영화 치고는 매우 밋밋하게 만들어진 영화다. 마지막 부분에서 영화의 전설 노 감독을 만나 영화 제작의 핵심 기법을 들은 것이 오늘날의 스필버그를 만들었지 싶다. 그 무엇이든지 핵심을 깨우치는 것이 베스트 웨이다. 스스로 깨우칠려면 30년  걸릴 것도 그 무엇으로부터 운좋게  짧은  시간에 획득할 수도 있다,7
스즈메의 문단속,영상미가 아름다웠고 스토리가 훌륭했어요.,9
강릉,아무리 강원도 사투리를 흉내내려고 노력한다지만 어색해서 못봐주겠네...선생김봉두 생각나서 몰입안되네... ,1
극한직업,기본에 충실한 한국 코미디 영화,10
차별,"일본의 재일조선인에 대한 오래되고 바뀌지 않는 차별, 그 변화를 위한 고단한 과정이 전해집니다 고의적이고 계획적 차별 외에도,잘 알지 못하거나,알려고 하지 않는 데서 차별의 싹이 움트는 게 아닐까요 ",9
영웅,영화괸에서 보고 티비에 또 결제해서 여러번 보아도 최고볼때마다 전달하는 내용이더 많이 더욱 깊어져요,10
1408,"잘 만든 수작입니다. 이 영화는 소설이 원작입니다. 아무리봐도 감독이 영화화 구상을 하다가 일본 코나미 사의 호러명작 게임 《사일런트 힐 2 (Silent Hill 2)》에서 여러 장치들과 컨셉을 차용해온 것 같습니다. 작중 언급은 안하지만 정황상 &amp;#39;이면세계&amp;#39;로 간 것 같은 묘사도 그렇고, 결말 직전 무덤 장면이라든지, 죄의식과 죄책감이 이면세계에서 구체화 된다는 점이라든가, 지도가 이면세계에서 변형된다는 점도 그렇고. 죄의식의 대상의 죽음을 또 본다던지... 아무튼 매우 흥미진진하게 본 호러 수작입니다.",10
버닝,존재하지 않는 것에 너무 많은 신경을 쓰고 살지 않나,8
스즈메의 문단속,"스토리는 무난했고, ost나 연출에서 기립박수 보냅니다. 개연성이 떨어지니 하는 사람들은 해설이나 영상리뷰는 하나라도 보고 그렇게 말하는건지 모르겠네욤",10
웅남이,저는 개그프로보곤 잘안웃는데..웅남이 코믹스런부분  저랑코드가 맞아서 재밌었어요!!특히일권이님 부분ㅋㅋ이경이님 미끄러지는부분 구구부분 ㅋㅋ짧아서 아쉬웠지만 재밌게잘봤네요 마지막 특별출현에 놀램ㅋㅋ 큰별내용은없지만 그냥 볼만은하다~ ,10
늑대사냥,친구가 갑자기 무대인사 티켓 구했대서 스케줄상 영화 거의 못볼건데도 서인국 얼굴하나보겠다고 영화 끝날때쯤에 후다닥 달려갔었음 어쩌피 무대인사가 영화끝나고 하는거였어서 일단 들어갔는데 이상하게 영화관 안에 사람이 거의 없었음 영화관 들어가기전에 친구가 엄청 잔인해서 사람들 많이 나갔다고했는데 솔직히 안믿었음 근데 자리에 앉고나서 5분도 안되서 바로 이해가더라 빈속인데도 헛구역질 미친듯이나왔음;; 급하게 들어가서 팝콘 안산거였는데 샀으면 다 토할뻔 하필 앞에서 2~3번째 줄이였어서 진짜 죽을거같았음 영화 총 30분정도본거같은데 기빨려서 정신 반쯤 나가있었음 영화끝나니까 갑자기 사람들 우르르르 들어옴 잔인해서 다들 도망간거같음 나간사람들 들어오니까 영화관 꽉차던데ㅋㅋ 그리고 무대인사 하는데 사람들이 감독한테 할말있냐고할때 다같이 너무 잔인하다고 난리쳤음 무대인사 끝나고 친구랑 원래 같이 밥먹으려고했는데 안그래도 피곤한거에 속까지 울렁거리니까 음식생각이 1도안나서 포기함 결국 영화 막판에 몇분보고 비위 다 상해서 각자 집에감....; 잔인해도 정도가있는데 스토리도 거의 막판에 우다다다 느낌으로 급하게 진행해버리고 그마저도 별거 없어서 비위만상함 친구 혹은 애인이랑 볼건 진짜아닌듯 차라리 웬수랑 보러가셈 나 이거보고 며칠동안 후유증 오졌음,1
스즈메의 문단속,정말 너무 재미있게 봤어요 ㅠㅠㅠ,10
웅남이,무난하게 웃기고 재밌긴 했습니다.. 스토리는 뭔가 아쉽긴 하지만요..,7
스마트폰을 떨어뜨렸을 뿐인데,평점개낮은거많은데난 진짜솔직히 재밋고 가슴쫄이면서봄. 마지막에 넘 스릴넘쳐서 소리끄고봣다 다시돌려서소리키고봄. 존나재밋던데 왜캐욕댓글이많을까,10
웅남이,여기 알바 무지 많네  아놔 평점 하기도 싫음,2
포커페이스,그나마 갖고 있던 최소한의 기대마저 꺾어버리고 만다. 기어이.,1
꼬마돼지 베이브의 바다 대모험,"어디서 본 것 같은, 보기 전에 이미 다 본 것 같은 기시감.",1
틸,주제는 변함없이 좋다. 그러나 이것을 그려내는 연출력의 한계가 뚜렷하다.,1
웅남이,한 평론가의 평으로 호기심이 생겨 보러 갔는데 안타까웠습니다-.-; 웃기기라도 맘껏 했어야죠… 맹탕도 이런 맹탕이 없어요. 좋은 배우들 데리고.. 첫술에 배부르겠어요? 많이 느끼고 배우기를 바랍니다. 박성광 감독님! ,2
더 퍼스트 슬램덩크,"원작이 그대로 살아숨쉬는 새로운 오리지널, 축제가 끝나기 전에 꼭 극장 가서 보세요",10
세크리테어리엇,좋은 영화다다이안 레인은 참 곱게 늙네,10
멍뭉이,"빌런 없고, 억지 없고, 신파 없고, 감동과 교훈이 있다. 이 각박한 세상에 이렇게 맑고 고운 영화가 나오다니.. 정말 마음이 따뜻해진다. 올해 최고의 힐링 영화! ",10
웅남이,좌충우돌 웅남이입니다,10
샤잠! 신들의 분노,이거 왜 재밌는거지.. 4DX 버프도 있었지만 1편보다 시간 잘간듯..,7
사쿠란,꿈처럼 사랑하고 싶다.,10
웅남이,신파없는 이게 찐 코미디지!!,10
문폴,전 흥미진진하고 재밌었어요 평점은 별로라서 아무기대없이 봐서 그런가 아주 재밌었고 아주 흥미진진했어요,10
파벨만스,올해 최고의 영화 중 하나다,9
곡성(哭聲),영화가 할 수 있는 모든 것.,10
스즈메의 문단속,"평소에 감수성이 풍부한 편이지만 단 하나의 눈물방울도 나오지 않음. 주인공중 갑자기 의자가 되서 얼굴이 안나오고 진행하지 않나, 여주인공의 상황을 모르는 입장에선 당연히 이해가 안되는것이 맞지만 결국 아무런 이야기도 듣지않고 여주인공을 받아주고,도와주고.. 개연성이 없음. 그리고 문이 나오면 무조건 닫으려고만 하고 고양이만 보고 소리지르며 달려가는게 끝. 맨마지막엔 과거의 나와 미래의 나를 연결시켜서 소름돋는 포인트를 연출하려 한것같으나 과거 서사를 자세히 모르는 우리들에겐 화면 속 주인공들만 감동적인 기분을 느끼는것이 끝. 날씨의 아이보단 나으나 여전히 부족한 내용,억지 감동포인트.. 좋은 건 노래와 영상미 둘뿐이었다",4
뱅드림! 필름 라이브 세컨드 스테이지,"RAISE A SUILEN,Roselia 꽤 괜찮았다",8
웅남이,박성광님  응원하는 입장으로 가서봤는데... 영구와 땡칠이가  더 재밋음,2
웅남이,영화인지 .. 콩트인지..영화계를 엉망으로 만든영화..영화찍고 싶었으면 개그콘서트 후배들델꼬찍던가..,1
멍뭉이,오랜만에 가족끼리 재밌는영화본거같아요... 감동적이고 저희도 강아지 키우다가 마지막 가는길까지 보내주고왔는데..  공감도되고.. 너무 재밌게 봤습니다ㅜㅜ,10
아가씨,사랑하게 되실거에요.,10
플레인,긴장감있고 생각보다 재밌었어요. 미루지 말고 일찍 볼걸 그랬네요.,7
스마트폰을 떨어뜨렸을 뿐인데,일본 원작보다는 훨 나았음. 일본원작은 기대하고 봤다가 대실망,6
파벨만스,감독의 영화에 대한 사랑을 엿볼 수 있다. 카메라 워크로 지평선을 보여주며 끝맺는 재치 있는 엔딩이 여운을 남긴다.,8
스즈메의 문단속,예쁜 작화 + 예측 가능한 스토리 + 너무 숨긴 의미들 = 밋밋한 수제비 먹는 느낌,7
틸,감독이름만큼 특이함,7
위험한 동거,결혼은 절대 할 게 못된다는 솔직하고 진실된 교훈을 주는 영화.,10
소울메이트, 일상스러운만큼 이야기인만큼 깊은 감동과 힐링을 주는 영화였어요 김다미 배우님 체고 ???? ,9
모나리자와 블러드 문,전종서 버닝과 연애 빠진 로맨스 봤는데 연기 잘함...,6
웅남이,조던 필도 코미디언출신인데 성골&amp;진골이 따로 있노...평론가 놈들 쎄하네,6
웅남이,장면이 연결되지않고 뚝뚝 끊어지고 갑자기 다른장면으로 휙휙바뀌니...웃기긴 합니다만 웃긴장면 짜집기한거같아요 ,1
니 부모 얼굴이 보고 싶다,학폭의 가해자와 피해자가 분명한데도 이 세상의 부모나 자신의 이득에 해가 갈까봐 졸렬하게 행동하늕어른들이 이 사실을 헝클어버린다. 보면서 분노가 치밀어올랐다. 일말의 불안한 그 느낌이 맞아떨어지는 순간 어이 상실~ 스토리도 배우들의 연기도 연출도 개인적으로 맘에 들었다. 어이 상실에도 불구하고,9
비상선언,볼만함테러범일찍죽은건아쉬움 ,6
"귀멸의 칼날: 상현집결, 그리고 도공 마을로",재방영 해주는 느낌,8
스즈메의 문단속,지진에 대한 이야기를 잊지 말자는 이야기,8
웅남이,여기 별점 높게주신분들 다 알바이신가요?... 2시간동안 개콘보고 나온 기분인데 문제는 그 개콘이 재미없는 코너들만 모아놓은 느낌이었어요 ㅠ,1
웅남이,별 기대 안하고 봤는데 근 5년간 본 영화중에 최고였습니다,10
타이타닉,타이타닉을 첫 관람이였는데 3D로 인해 영상을 다 망친듯하다 그게 너무 아쉽다,8
웅남이,아 진짜 웃음 눈물 다 나오는 영화였음ㅠㅠ 완전 재밌고 배우분들 연기력에 두번 반함 ♥ 진짜 웅남이 2 나올거같은데 제발 빨리 나와라ㅠㅠ,10
바빌론,ost와 연기력만으로도 충분한 영화,8
웅남이,간만에 천만 가즈아~~~,10
스즈메의 문단속,의자에 앉는 씬이 제일 인상적,6
웅남이,개봉첫날 관객수 3만명 돌파! 충격입니다.,1
더 퍼스트 슬램덩크,농구 하면 슬램덩크,8
웅남이,그냥 재밌음 감독이 개그맨출신이라 걱정되기는 했는데 ㄹㅇ 볼때 다들 웃고 즐겁게 봄 돈 값하네요^^,10
"오늘 밤, 세계에서 이 사랑이 사라진다 해도",친구 보여줬는데 너무 좋아했어요,7
방법: 재차의,개쓰레기영화..쓰레기..쓰레기…쓰레기……,1
RRR: 라이즈 로어 리볼트,유치하지만 보만하네요.노래만 안하면 좋겠음,10
플레인,스나이퍼 씬만 기억에 남는다,4
원피스 필름 레드,원피스를 보지 않고 가서 그런지 감동이 덜 했습니다우타의 콘서트를 보는 것 같았어요,8
스즈메의 문단속,중반 이후 동어반복 늘어지는 서사가 옥의 티.,7
웅남이,저도 재미있게 잘봤습니다 생각했던 것보다 재밌어요.,8
중경삼림,"스크린의 배어있는 그 시대의 향수, 떠나고 싶지 않다. ",9
웅남이,세상에 어떻게 이런 영화를~~쓴웃음밖에웃으려고 갔다가 졸려죽을뻔,2
동감,그냥 보고 왔어요 ㅎㅎ 배우들은 좋았습니다,8
웅남이,믿고보는 박성웅 최민수 등등 모든배우들 연기 완벽..스토리탄탄 올만에 웃었네용ㅋㅋ,10
더 퍼스트 슬램덩크,슬램덩크를 영화로보고 빠져들어서 하루만에 만화책 정주행하고 또 영화로 봤습니다. 모르고 볼때와 알고볼 때의 느낌이 다르네요.,10
어떤 영웅,인물들간의 관계와 심리 연출이 섬세하다 마지막 롱쇼트 인상깊다,8
파벨만스,정말 힘든 시간을 보내셨군요 감독님 ... ㅠㅠ,9
다음 소희,무력한 현실 먹먹합니다,10
소울메이트,잔잔하고 재밌어요 츄천,10
아임 히어로 더 파이널,부모님이 매우 만족해하십니다.  다음에 기회가 된다면 콘서트 직접 관람시켜드려야 겠네요~,10
플레인,제라드 왜케 작품 선택력이 휴... 300 말고 명작이 없냐 항상 몸값이 너무 아까운 배우.,6
소울메이트,누군가 생각나는 영화였습니다,7
플레인,볼만합니다,7
소울메이트,미소가 말아주는 칵테일 먹고 싶다,6
웅남이,안일권님 장면에서 동생들하고 터져서 집에 돌아오는 길에도 많이 웃었어요. 근래 보기드문 재미있는 코미디 영화인데 감동도 있어요.,9
정직한 후보2,1편보다 재밌게봤눈데 나는 2편을 먼저보고 재밌어서 오늘 1편봄,10
크레이지 핸드,걍 그냥그럼. 이 영화를 장르를 나눈다는 자체가 아이러니하고 재밋다?재미없다도 모르겠음. 편하게 보다가 잠드셔도 편안한 영화,7
플레인,계속해서 긴장감과 몰입을 갖고 감. 담백한 연기,8
웅남이,박성광에게 높은 평점을 주고 싶은 영화입니다. 기대이상으로 괜찮았어요. ,10
소울메이트,소울메이트인 친구랑 봤는데 당황,7
RRR: 라이즈 로어 리볼트,개연성 다 떨어지지만 병맛스러운 매력~~ !! 3시간이 훅 간다.. 역시 인도영화~~~ 묘한 매력 있음.. 좀 잔인하지만~~ 킬링타임용으로 짱잼!!! ,8
바빌론,OST로 느끼는 최고의 절정,9
스즈메의 문단속,개연성의 부족이라고 하시는 분이 계시는데 그렇게 가정을 한다면 너의 이름은에서는 갑자기 몇십년만에 유성이 떨어지다가 분할되서 마을이 초토화 되는데 그 부분도 개연성이 없다고 보시겠네요. 이런걸로 트집을 잡으신다면 판타지 애니메이션은 별로 추천드리지 않습니다. ,10
스탠 바이 미,아 졸려라~ 3배속 보기를해도 정상플레이 버튼을 누르고 싶지않네...미국 동네꼬마 노는얘기,6
지오스톰,왜이렇게 남동생 밥맛이지ㅋㅋ 늘 기계는 잘못이 없고 인간이 문제여,5
스즈메의 문단속,내가 받았던 모든 것들을 나에게,7
파벨만스,스필버그에 대해 모르고 있던 많은 사실을 알게 해 준 영화,10
파벨만스,파벨만에게 영화는 삶이 담긴 그릇이자 삶에 영향을 주는 도구이다. 감독은 화면의 구도를 제시하며 우리에게 영화를 보는 시점에 대해 물음을 던진다.,9
퓨리,유능한 상관한명이 한개사단을 구할수도 있고 다 죽음으로 내몰수도 있다. 사회의 민간사업체처와 같이 군인도  능력이 더 뛰어날수록 우대해줘야한다,9
소울메이트,원작에 비해 무뎌진 이야기,6
메이킹 패밀리,"애기 연기 잘함, 한국영화",10
웅남이,생각보다 웃겨서 볼만 했어요지루하지도 않고,8
더 퍼스트 슬램덩크,추억 그 이상의 추억,8
웅남이,감독이 누구고를 떠나서 유쾌하던데 ,10
스즈메의 문단속,모르고 봤을 때보다 알고 봤을 때 더 깊숙이 다가오는 작품,10
웅남이,와이프는 좀 웃던데 저는 웃음기 하나 없이 보고 왔습니다. 전체적인 평점 평균이 7점 이상이길래 1점2점 평점들이야 평점 테러겠지...라는 생각에 영화 예매. 보는 내내 부자연스러운 개그코드... 억지웃음 연출. 너무 재미 없었고 유치하면서 스토리가 산으로 가는 느낌이었어요. 등장인물들의 스토리도 엉성해 몰입감은 전혀 없었습니다.비추천합니다,1
차별,"나 자신이 얼마나 차별적인 시선을 갖고 살아왔는지, 그리고 그 차별을 받는 사람들에게 무관심했는지를 깨닫는 90분",10
웅남이,재밌게 볼 수 있는 가족영화. 연기 구멍없고 스토리 아이디어 엄청 좋았음. 웅남이 2 나오면 전작보다 더 재밌을거 같음 떡밥 엄청 뿌렸던데 ㅎㅎ,10
웅남이,응원합니다ㅎㅎ잘봤어요,10
미혹,이거 진짜 숨은 개명작이다. 이런 공포영화는 처음이야.,10
너는 내 운명,전도연도 연기 잘하고 황정민도 연기 잘하고 스토리도 너무 감동적이고 잘봤습니다~,10
사도,송강호 왕 역할하고 유아인 세자 연기 너무 잘어울리고 잘한다  ,10
히말라야,엄홍길 너무 대단한거 같고 그를 연기한 황정민 역시 최고!,8
웅남이,오랜만에 소소하게 진짜 재밌는영화봤습니다~~한참 웃었네요. ~~~~,10
웅남이,하... 음.. 친한 사람한텐 추천 못할것 같음,1
웅남이,박성웅님 르와르가 정말 멋있는 분이신데고믹쪽에도 잘어울리시네요 웅남이 화이팅,10
파벨만스,"영화광으로서 스필버그 어르신의 자전적 이야기를 놓치면 되나. ET와 인디아나존스, 쥬라기공원, 그리고 쉰들러리스트라는 이야기들에 감사하는 마음으로 영화관을 찾았지만 이 영화는 더욱 더 묵직했다. 150분 동안 역사극, 드라마, 코미디, 서스펜서 등 장르를 넘나들며 많은 에피소드와 사람, 사랑, 감정 등 인생에 대한 대가의 허심탄회한 이야기를 들은 기분.",10
웅남이,"후.,....,...,",2
올빼미,평점 낚시입니다 ㅅㅂ 내돈,2
파머,심심할 수 있는데 확실히 휴머니즘 있음.,10
스즈메의 문단속,영상미만으로도 15000원 아깝지 않은 영화,9
토니 타키타니,글자 너머의 공기를 화면에 담는 방식,8
서치 2,서치 시리즈 재밌네요~,8
소울메이트,올해 나온 한영중엔 제일 낫다,7
카운트,생각보다 재밌었어요,8
미혹,이걸 시간과 돈을 들여서 찍은 게 공포,1
웅남이,무릎꿇고 있는게 너무 웃겨서 혼났어용,10
웅남이,오늘  웅남이 보고 오는길 오랜만에 친구들과 배가 아프도록 웃었네요 웃다가 어찌나 눈물이 나던지 박성광씨 이런 재주도 있었네요 !잘될거예요 응원 할게요 !재미있어요 ,10
워킹 걸,그시대의 순수함이 보이는 주인공이 주인공이고 선과악이 뚜렷한 그러나 좌절하지말고 일어서라 그리하면 이루리라 ,10
웅남이,쩝....하....에휴.. ,1
야차,현재 친일에 빠져있는 대통령에 대해 한번쯤 더 생각하게 만드는 영화,10
웅남이,저는 아직 보기전인데요 클레멘타인처럼 평점 올리는 건가요 아니면 정말 이 점수대의 재미인가요? 클레멘타인처럼 반어법이면좋아요 정말재밌으면 싫어요좀 부탁해요,6
그대가 조국,이딴 ㅆ렉 영화는 개나줘라,1
블랙폰,볼만해요. 아이들이 많이 나오고 안타깝긴해도 끝까지 보게되네요,8
2001 스페이스 오디세이,SF분야를 넘어선 영화 역사상 최고의 걸작.,10
더 퍼스트 슬램덩크,"재미는 있었는데 슬램덩크 팬들 관객매너 진짜 최악이여서 김샜음. 평생 이런거 처음봤다. 경기끝나는 장면에서 여운느낄새도없이, 심지어 영화가 끝나지도않았는데 수십명이 영화관을 뛰어서 우르르 몰려나가더라. 남아서 보는사람들은 뭔일났나싶어서 어리둥절하고 집중도못하고. 나와보니까 영화관에서 증정하는 무슨 오타쿠용품같은거 받으려고 줄서느라 그랬나보던데 다시는 일본애니메이션 영화관에서 안봐야지. ",8
웅남이,나는 평론가 평점에 관심도 없고 보지도 않지만 용철아 부디 사과해라 리뷰들 돌아다니는거 보니까 선을 넘었다 이 양반아,9
범죄도시2,흉기 휘두를 땐 좀 잔인하고 쫄렸다. 마동석이 주먹 휘두를 때마다 타격 소리가 장난 아니었다. 1편에 나왔던 룸살롱 성접대 장면이나 쓸데없이 악역의 바닥난 인성을 보여주기 위해 여자를 패는 장면이 빠졌다는 점이 가장 맘에 듦.,7
어벤져스: 인피니티 워,친구랑 절교하면 안돼는 이유,9
우아한 세계,조용하고 시끄럽게 어지러운 영화,9
웅남이,"여기 다 알바임연출이 제일 문제임. 오래된 낡은 클리셰로 채워놓고, 연출력이 없으니깐 뭔가 계속 끊기고 내용이 비어있는게 많이 보임. 거의 심형래 영화의 연출력이라 보면 됨.코미디물인데 피식 말고는 웃게되는게 없음.제일 많이 웃은게 그냥 박성웅 얼빵한 연기가 귀엽다 정도. 그 외에 웃겨서 웃긴건 없음",2
스즈메의 문단속,"신카이 마코토 감독의 최고작 같다. 감정적으로는 초속 5센치미터를 더 좋아하지만, 이 영화는 여전히 황홀한 영상미에 군더더기 없는 이야기를 보여준다. 이 영화를 봤을 일본 국민들의 감동을 생각하게 된다.",8
웅남이,가벼운 마음으로 관람하면 좋아요별기대없이갔다가 웃고왔어요,10
파벨만스,지평선이 중간에 있으면 거지같이 재미가 없다,8
에브리씽 에브리웨어 올 앳 원스+,독특한 소재를 재미있게 풀어냈네요,7
노팅 힐,심장떨리는 동화네요 너무 이쁜 그녀,10
스즈메의 문단속,동일본대지진을 겪은 후쿠시마와 주민들에 대한 위로....지진도 관광 상품으로 만들수 있겠단 생각도 든 영화,6
카터,이 영화를 아무런 불평없이 끝가지 본 사람이 있다면 평생 친구해도 좋을 사람임. 그정도 인내심을 가진 사람은 인류 중 몆 % 이내일테니까. 감사한 점이 있다면 아저씨가 왜 좋은 영화였는지 새삼 깨닫게 해준다는 것...,2
웅남이,"평론계가 그렇게 만만한 곳인가. 몇몇 핸드헬드 촬영으로 어지러운 부분 몇군데빼고 나무랄 데 없었다. 이런 영화를 저렇게 깐다고? 용철아, 펜데 내려놔라.",8
중경삼림,30여년이 흘러도 여전히 청춘들을 사로잡는 영화. 양조위의 눈빛이 모든 것을 설득한다. 음악만 들어도 습한 여름밤이 떠오른다.,9
웅남이,돈아까우ㅓㅓㅓ....,2
웅남이,연출 스토리 형편없는 영화네요,4
웅남이,  개그코드 멋졌어요^^,8
웅남이,소소하게   웃으면서  볼수잇는  영화딱  지금   타이밍  굿굿   ,8
스즈메의 문단속,개같이 재미없음 시간낭비 개지리게 당했네,1
화양연화,이미 여러번 봤는데도 극장에서 감상하면 또 새롭게 느껴지는 영화. 유튜브에서 헐왓챠에 화양연화 검색해서 해설 보는 거 강력 추천.,10
원티드,오랜만에 보는데 개지리는 킬링타임 영화다 2008년작이라니 15년전 영화 퀄이 대단함,10
웅남이,이이경 박성웅 케미 최고 웃기기도 하고 감동도 있고 너무 재밌게 봤네요~대박나세요 응원합니다,10
초속5센티미터,인생작.. 신카이마코토 최고의 작품,10
우견아랑,두시간 넘는 시간을 시간가는줄모르고 보았던 ,10
작별,감독님 건강하세요. 좋은영화 만들어주셔서 감사드리고 크레인 잊지않고 찾아주셔서 감사해요.,10
웅남이,평론가 평가 보고 재미 없으면 어쩌나 했는데 너무 재밌었어요! 아무생각 없이 웃을 수 있어서 좋았습니다~ 추천해요,10
스즈메의 문단속,평점을 높게 주신분들은 다들 그림 그리시는 분들인건지.. 영상미 말고는 평점을 주기가 힘드네요.. 사전에 작가의 세계관이나 등장 인물의 상징적의미를 알고 봐도 이해하기 힘든 난해한 영화였어요..  날씨의 아이나 너의 이름은.. 둘다 너무 재미있게 봤는데.. 이번 영화는 보면서 내내..  중요한 내용을 놓쳤나 싶을 정도로 끝까지 답답하고 이해 안되는 영화였어요..  갑툭튀 캐릭터들도 이해 안되고 지루한부분들도 많았어요..  ,4
웅남이,솔직히 진심 재밌는 편입니다.,10
모나리자와 블러드 문,약간 B급영화 같지만 스토리는 지루하지않게 몰입도가 있다. 끝이 오히려 그 후속 스토리가 궁금하게 만든다. 전종서 배우의 헐리우드 진출작이란걸 영화 보기직전 알았는데 영화의 완성도를 떠나 한발짝 더 큰 꿈을 향해 도전하는 전종서에게 박수를 보낸다.,7
별을 쫓는 아이,아가르타에 남게된 선생이랑 신은 어떻게 살고있는지 라던가.. 엔딩을 더 길게 해줬으면 좋앗을걸.. 그래도 재밋게봄 ,8
웅남이,나름 재밌게봤어요  킬링타임용이네요그래두 박성광감독님 입뽕작 축하드립니당 ,6
스즈메의 문단속,작화랑 사운드는 웅장하고 좋았는데 스토리가 너무 빨리빨리 전개되고 몰입도도 낮았음.. 여주의 행동들과 생각들이 다 공감 안됬고 만난지 얼마 안된 사람때문에 목숨바치면서 눈물흘리는 내용은 에바였음. 영화가 조금더 여유있게 진행되고 설명도 더 들어가 있었으면 엄청 재미있었을텐데.. 여주 울때마다 진짜 이해 안됬음.. 개인적으로 하나도 감동적이지 않았고 생각보다 별로임. ,4
스즈메의 문단속,영상미 빼고...스토리 개연성이 이게 맞음?베스트 리뷰 중에&amp;#34;저항없이 울었다&amp;#34;는데 그냥 헛웃음 나옴,4
파벨만스,인생은 영화가 아니란다 아가야. 그래도 영화 같은 꿈은 다들 꾸지 않나? 따뜻하고 아프고 그립고 설레기도 하면서 한편으로는 감독 자신을 치유하는듯한 자전적 작품. 자칫 빌런이 될 수도 있었던 인물들조차 이해하고자 하는 세심함도 엿보인다.,9
발신제한,배우들 연기들은 좋은데 광안대교를 주행하다가 갑자기 마린시티가 나와서 편집을 동선에 맞게 했으면 하는 아쉬움이 있네,4
스즈메의 문단속,ㅠㅜ 스즈메 ㅜㅜ  잼있다 나는 ,10
웅남이,"경영학 전공한 광고 회사원 출신 평론가와 영화예술학 전공한 희극 배우 출신 감독 중 누가 더 ‘여기’ 에 어울리고, 누가 더 &amp;#39;여기‘ 를 만만하게 본 걸까? ",10
스즈메의 문단속,ost가 일단 너무 좋고요 ㅠㅠ 보면서 중간중간 울뻔 했네요,10
스즈메의 문단속,첫번째로는 무슨뜻인지 모르고 인터넷으로 찾아보다가 다시 두번째로 보니깐 이해가는 부분이 많이 생기긴 했네요. 이것도 감독이 의도한게 아닐까요? 근데 아무리 그래도 사랑의힘인가 머신가 그건좀...,8
에브리씽 에브리웨어 올 앳 원스,"내 인생 최고의 영화, 후반 30분은 나도 모르게 눈물만 흘렸다",10
멍뭉이,배우분들 연기도 좋고 강아지도 너무 사랑스럽습니다 울고 웃고 따듯한 영화 네요 흥행이 잘되질못해서 아쉽습니다. 꼭 보셨음 하네용,10
스즈메의 문단속,스토리 우려먹기... 재미없는 소재 작화가 아까움,1
웅남이,진짜 중간중간 개그포인트들이 넘 웃겨욬ㅋㅋㅋ,10
웅남이,박성광님이 감독 처음으로 해서 개그맨이라는 선입견으로 봤다가참 많이 웃고 재미있게 봤네요^^지금 감독이라고 좋은배우들 데리고 망치는 영화도 많은데 그런 감독들이 보고 배워야겠어요.,10
육사오(6/45),너무웃껴서 배꼽빠집니닼ㅋ,10
웅남이,웅남이가 순박하지만... 난 웅북이가 멋져@@,10
웅남이,개 재밌네 ㅋㅋ 꿀쟁 성광이 실력 좋구만,10
추억은 방울방울,초5 시절의 타에코 귀엽기도 하고 안타까운 부분도 많고.. 근데 리뷰에서 누가 또 뭔 페미가 어쩌네 뭐네 아오. 좀 그냥 그런 커뮤에나 가서 딱_수준 맞게 놀았으면 싶다 제발ㅋㅋㅋ ,3
웅남이,스토리 신선하지만 약간 골때림ㅋㅋ 배우들 역시굿! 웃김ㅋ,10
미혹,너무 긴장감이 떨어지며 너무 식상한 주제… ,1
웅남이,이게 재밌으면.... 할말이 없다 이용철은 맞는말 하고도 욕먹었네 ㅋ 그래도 감독이 개그맨인데 개그씬이 너무 처참하고 유치해서 못봐줄 정도,1
조커,"색깔, 몸짓, 소리  한바탕 굿판.  ",10
웅남이,와우~~~기대이상임~~~~대박 ㅋ,10
웅남이,기대 안하고 봤는데 잼있더라,10
압꾸정,생각보다는 괜찮았음. ,7
웅남이,코로나이후 극장에서 처음본 영화,10
소울메이트,배우들 연기가 좋고 분위기가 좋아요,9
웅남이,예매율 1위 가즈아~ 웅남이 말봉이 달려~~,10
노트북,정말 감동적입니다. 남자친구랑 보다가 울었어요..ㅠㅠㅠㅠ,10
자백,걍 원작대로 했으면 훨씬 더 훌륭했을거 같은데 굳이?,6
라이언 일병 구하기,한명을 살리기위해 많은수의 병사가 임무에나가고 임무에서 여러명이 희생되는것 그게 전쟁이다..그걸 보여주고싶었던것 같다,10
"귀멸의 칼날: 상현집결, 그리고 도공 마을로",개쓰레기같은 영화도대체 왜 이따구로 만들어 놓았는지 이해 안됨,1
웅남이,이건 B급감성! 이런 진지한 액션 좋아요ㅎ,10
데시벨,"다들 눈이 높은가봄 난 너무 재밌던데 연기도 잘하고 스토리도 신선했는데 아무 정보 없이 봐서 그런가, 오 이 배우도 나와? 눈호강,, 감동은 살짝 미흡했지만 짠하지 않은것은 아님 시간 지나 다시 볼 의향 있음 재탕이 재미죠 ",10
클래식,"완벽한 영화, 인생  영화, 몇 번을 봐도 눈물이 나는 영화 ",10
히즈 올 댓,태너 부캐넌에게 반한 영화... 와 진짜 분위기 뭐냐 ㅜㅜ 넘 멋있다 .. 여주 연기가 조금 아쉬웠지만 남주 얼굴 보며 버팀. 여주의 감정선이 좀 깊었음 더 색시한 영화가 됐을 듯. ,10
1408,결말이 진짜 현실인지 아니면 아직도 환각인지 지금도 혼란스럽다,10
웅남이,맘편하게 웃을수 있는 영화네요남편과 같이 봤는데괜찮은데? 라고 남편이 얘기하네요^^박성광 감독님 수고많으셨어요,10
웅남이,이이경배우님 이번영화는 대박나세요! 말봉이 화이팅!,10
방법: 재차의,진짜 알바천국이네...점수 제대로줘라 속아서 봤다ㅡㅡ,1
샤잠! 신들의 분노,유치한거도 유치한건데 너무 엉성하게 만든거 아닌가...,2
쓰리 빌보드,영화로써 완벽 그자체 ….,10
스즈메의 문단속,진짜 오랸만에 끝까지 다 본 영화,10
웅남이,박성광씨 첫 감독 작품 이래서 봤는데기대 이상으로 넘넘좋았어요 연기들도 잘하시고 넘 웃겼어요 ㅋ ,10
웅남이,"음 배우들 라인은 짱짱했는데 연출이 아쉬운듯... 나름 열심히 제작했다는건 느꼈지만, 보면서 영화 흐름이 부자연스러운 구간이 많아서... 다음에는 좀 더 퀄리티 있는 영화를 제작해줬으면 좋겠음",5
파벨만스,역시 이야기 중의 최고는 자신의 이야기이다. 그리고 두 주역인 폴 다노와 미셸 윌리엄스의 물과 불 같은 연기가 엄청났다.,8
나이트메어 앨리,"수미상관으로 이어지는 독특한 이야기 설정, 잔인하리만큼 파고드는 인간의 욕망 그 끝의 충격적 결말 ",8
웅남이,할만큼 했다 1점테러알바님들 웅남이 괜찮습니다,10
틸,"아무 사전정보 없이 갔는데, 보는 내내 실화 같다는 느낌이었다. 역시나 실화였고 전기영화였다. 과연 현실은 영화를 능가한다.",7
슈렉 2,1편보다 흥나고 규모 업!,8
데시벨,안 보면 후회 할 영화 top 5,10
스즈메의 문단속,넘 재밌었어요.,10
웅남이,스토리가 재밌네요!!,10
더 웨일,"후회, 슬픔, 화해에  대한 가슴아픈 이야기",9
애프터썬,관람후 계속되는 여운. 빛나는 햇살같다,10
소울메이트,오랜만에 많이 울고 나온 영화입니다. 아름답게 추억할 수 있는 순간들을 고스란히 담아냄. ,10
스즈메의 문단속,"연출, 스토리, OST 3박자가 완벽",10
웅남이,(어제개봉하고 오늘봄)머리쓰지 않고 앉아서 웃기만 하면되는데 왜 다들 머리굴려서 악담을 하는지 모르겠다.오랜만에 시원하게 웃을 수 있는 영화를 만났다. 지루함 없이 빠져들어서 끝나는 순간이 아쉬웠다. 박성광감독의 다음작품이 벌써 기다려진다!! ‘ㅇ‘ ,10
웅남이,웅남이가 이슈는 이슈네요 와.. 리뷰갯수가ㅎㄷㄷㄷ,10
초능력소년사건,잘좀 만들지 이게 뭐냐.,3
치킨래빗: 잃어버린 보물을 찾아서,"이것은 치킨인가 토끼인가, 닭토끼의 유쾌한 모험! 남과 다름이 특별함이 될 수 있다는 메시지가 좋다. 그런데 닭과 토끼의 능력을 다 지니고 있다면 정말 특별한 거 아닐까?",7
웅남이,마지막 웅남이 병원에서 밥을 먹을 때 쌍둥이가 왔는데... 웅남이가 폭탄을 가지고 바다에 들어갔는데 쌍둥이도 같이 들어 갔는데 살았 있는지 죽었있는지 모름... 근데 병원에서 밥을 먹을 때는 같있었음마지막에 스토리가 이해가 안됐음 .. 웃음으로는 이이경 과 윤제문 두분 역활이 너무 재미가 있었어요 ^^*마지막으로는 여자 형사가 욕하는 장면이 굿~ 이였습니다. ,8
웅남이,연기자 연기가 대단했어요넘 재밌게 봤어요천만관객 고고씽감독 스텝 수고들하셨네요,10
파벨만스,꿈을 창조해 낸 천재 이야기꾼의 가슴 속 이야기와 마주하는 꿈같은 순간.,10
이니셰린의 밴시,재미는 없는 잔잔한 그러한 이야기와 너무 숨겨진듯한 느낌,6
스즈메의 문단속,재밌게 잘 봤네요.,7
웅남이,여기 왜케 진지충이 많지... 나오면서 미소짓고 나올순 있어요,10
스즈메의 문단속,와 진짜 눈물만 나옴ㅠㅠ 2번 봤는데 내일 또 볼 예정. 개연성 관련해서 말하는데 애초에 요석 뽑은 게 스즈메이기도 해서 잘못이 좀 있지 않나 싶음.. 충분히 구하러 갈만 했음.. 아무튼 ost랑 그림이 ㄹㅇ 찢었음 꼭 보셈 ㅠㅠ,10
소울메이트,재밌게 잘 봤습니다,7
파벨만스,스필버그의 평전이나 자서전을 읽는 기분으로 보았다. 끝은 좀 엉뚱했지만. 나의 영화광으로서의 정체성을 선명하게 해 주는 영화.,9
결백,여주의 고군분투 속 신파극이 가미된 킬링타임용..,6
웅남이,인생 최고의 영화입니다. 정말입니다. 영화 상영이 끝나고 엔딩 크레딧이 올라갈 때에도 멍해서 자리를 떠날 수가 없었습니다. ,10
파벨만스,어르신들 옛날이야기가 다 이만큼 재밌으면 좋겠다,10
웅남이,아주 좋은 재료들로 만들어버린 잡탕무료로 봐서 다행임,4
모나리자와 블러드 문,영화 전반적으로 묘한 분위기가 나는게 좋았음,7
"귀멸의 칼날: 상현집결, 그리고 도공 마을로",감동은 있는데 애니메이션 화를 그냥 이어붙여서 아쉬움,5
기도하는 남자,목사들은 쓰레기임을 잘 나타낸 영화,6
카고,실망을 넘어 절망으로.,1
샤잠! 신들의 분노,적당히 유치한 맛에 가볍게 보기 좋았음,7
웅남이,재미있어여 편하게보시면됩니다,10
모나리자와 블러드 문,남들한데 추천하기 힘드네요,5
아이를 위한 아이,스토리가 조금 빈약하지만 연출 연기로 커버 되네요 재밌게 봤어요,10
웅남이,"영화 보다가 처음으로 중간에 못 참고 나와버렸다. 개연성도 없고, 연출도 구리고, CG도 구리고, 억지 웃음만 자아내려고 하는데, 도무지 웃을 수가 없는 수준. 평점 좋게 준 사람들, 만약 그 마음이 진심이라면, 정말 유감이다. 취향이 그정도로 구리면.. 하 진짜 어떡하냐 당신들.. 한국 영화계 확인사살하는 그런 느낌의 영화였다. 박성광, 당신의 도전에는 박수를 쳐주고 싶지만, 도저히 단 0.0001그램도 즐기지 못했다. 이미 볼거리가 넘쳐나는 대컨텐츠 시대에 이런 쓰레기 영화를 굳이 하나 더  세상에 내놓아야만 했는지. 돈, 시간이 너무 너무 아깝다. 보다가 중간에 나와버렸지만 꾸역꾸역 참아내며 약 50분을 본 내가 정말 대단하다는 생각이 든다.",1
